Workbook

Sheet Yönetici Özeti
A1: 2026 YILLIK İŞ PLANI - YÖNETİCİ ÖZETİ
A5: Yönetim Beyanı | BIGR | Buluts | Dış Hizmet ve Süreç Denetimleri Tüm değerler 'İş Planı' sayfasından otomatik hesaplanır.
B8: TOPLAM İŞ KALEMİ | J8: PLANLANAN | R8: DEVAM EDİYOR | Z8: TAMAMLANDI | AH8: GECİKMİŞ | AP8: GENEL İLERLEME
B9: =Hesap!$U$2 | J9: =Hesap!$U$6 | R9: =Hesap!$U$4 | Z9: =Hesap!$U$3 | AH9: =Hesap!$U$5 | AP9: =Hesap!$U$7
B11: Plandaki toplam satır | J11: Henüz başlamamış | R11: Açık çalışma | Z11: Kapanan iş sayısı | AH11: Süresi geçmiş - otomatik | AP11: Ağırlıksız ortalama
B15: DURUM DAĞILIMI | S15: AYLIK İŞ YÜKÜ
B16: Durum (Otomatik) sütununa göre | S16: Her ayda aktif (başlamış ve bitmemiş) iş kalemi sayısı
B35: HAFTALIK İLERLEME EĞRİSİ
B36: Kümülatif: o haftanın sonuna kadar bitmesi planlanan iş sayısı ile bunlardan tamamlananların sayısı
B57: AYLIK İLERLEME EĞRİSİ
B58: Aynı hesap ayın son gününe göre - yönetim raporlaması için
B79: DENETİM BAŞLIĞINA GÖRE İŞ DURUMU
B80: Yalnızca İş Planı'nda fiilen kullanılan denetim başlıkları listelenir; Listeler sayfasındaki her değişiklik burada anında yansır
B105: KİŞİ BAZLI İŞ YÜKÜ
B106: Sorumlu 1-3 sütunlarının tamamı sayılır; tamamlanan işler hariçtir. Kırmızı bölüm o kişinin süresi geçmiş işlerini gösterir
B131: GECİKME ANALİZİ
B132: En yüksek 10 gecikme: elle girilen Gecikme (Gün) ile orijinal Bitiş tarihinin aşımından hangisi büyükse o alınır - gün girilmemiş işler de sayılır
B153: RENK LEJANDI
E154: Planlanan
E155: Devam Ediyor
E156: Tamamlandı
E157: Gecikmiş

Sheet Listeler
B1: AÇILIR LİSTE KAYNAKLARI
B3: Denetim Başlıkları | D3: Kişiler | F3: Öncelik | H3: Durum (referans)
B4: Yönetim Beyanı | D4: Örnek Soyad1 | F4: Yüksek | H4: Planlanan
B5: BIGR | D5: Örnek Soyad2 | F5: Orta | H5: Devam Ediyor
B6: Buluts | D6: Örnek Soyad3 | F6: Düşük | H6: Tamamlandı
B7: Firma Teknoloji Dış Hizmet Denetimi | D7: Örnek Soyad4 | H7: Gecikmiş
B8: WS Entegrasyon Denetimi | D8: Örnek Soyad5
B9: Süreç Denetimleri | D9: Örnek Soyad6
B10: Destek Hizmeti Denetimler | D10: Örnek Soyad7
B11: Rehberlik Faaliyeti | D11: Örnek Soyad8
B12: MPP-631 | D12: Örnek Soyad9
B13: MPP-102 | D13: Örnek Soyad10
B14: MPP-463 | D14: Örnek Soyad11
B15: MPP-370 | D15: Örnek Soyad12
B16: Ad-Hoc İşler | D16: Örnek Soyad13
B17: Rutin Faaliyetler
B18: AVM Faz 2 Denetimi
B19: Gündem
B20: Kararlar
B46: Denetim Başlıkları, Kişiler ve Öncelik sütunları 'İş Planı' sayfasındaki açılır listeleri besler. Yeni bir değer eklemek için ilgili sütundaki ilk boş hücreye yazmanız yeterlidir - liste ve Yönetici Özeti'ndeki denetim başlığı grafikleri anında güncellenir. Durum (referans) sütunu açılır liste DEĞİLDİR: durum, İş Planı'nda İlerleme % ve tarihlerden otomatik hesaplanır. Bu dört ad Gantt renk kurallarına ve Yönetici Özeti formüllerine gömülüdür; buradan değiştirilemez.

Sheet Hesap
A1: Bu sayfa Yönetici Özeti grafiklerinin veri kaynağıdır. Elle değiştirmeyin; tüm hücreler İş Planı'ndan hesaplanır. İsterseniz sayfa sekmesine sağ tıklayıp gizleyebilirsiniz. | E1: Durum | F1: Adet | H1: Ay | I1: Ay Başı | J1: Aktif İş | L1: Sıra | M1: İş Kalemi | N1: Gecikme (Gün) | T1: KPI | W1: Denetim Başlığı | X1: Tamamlanan | Y1: Devam Eden | Z1: Gecikmiş | AB1: Hafta | AC1: Planlanan (Küm.) | AD1: Gerçekleşen (Küm.) | AF1: Ay | AG1: Ay Sonu | AH1: Planlanan (Küm.) | AI1: Gerçekleşen (Küm.) | AK1: Kişi | AL1: Açık İş | AM1: Gecikmiş
E2: Planlanan | F2: =COUNTIFS('İş Planı'!$N$5:$N$204,E2,'İş Planı'!$C$5:$C$204,"<>") | H2: Oca | I2: 46023 | J2: =SUMPRODUCT(('İş Planı'!$C$5:$C$204<>"")*('İş Planı'!$H$5:$H$204<>"")*('İş Planı'!$I$5:$I$204<>"")*('İş Planı'!$H$5:$H$204<=EOMONTH(I2,0))*('İş Planı'!$L$5:$L$204>=I2)) | L2: 10 | M2: =IFERROR(IF(LARGE($R$5:$R$204,L2)<0.5,"",INDEX('İş Planı'!$C$5:$C$204,MATCH(LARGE($R$5:$R$204,L2),$R$5:$R$204,0))),"") | N2: =IFERROR(IF(LARGE($R$5:$R$204,L2)<0.5,0,INT(LARGE($R$5:$R$204,L2))),0) | T2: Toplam İş Kalemi | U2: =COUNTA('İş Planı'!$C$5:$C$204) | W2: =IFERROR(INDEX(Listeler!$B$4:$B$43,SMALL($BB$4:$BB$43,22-ROW())),"") | X2: =IF($W2="","",COUNTIFS('İş Planı'!$B$5:$B$204,$W2,'İş Planı'!$N$5:$N$204,"Tamamlandı")) | Y2: =IF($W2="","",COUNTIFS('İş Planı'!$B$5:$B$204,$W2,'İş Planı'!$N$5:$N$204,"Devam Ediyor")) | Z2: =IF($W2="","",COUNTIFS('İş Planı'!$B$5:$B$204,$W2,'İş Planı'!$N$5:$N$204,"Gecikmiş")) | AB2: 46029 | AC2: =SUMPRODUCT(('İş Planı'!$C$5:$C$204<>"")*('İş Planı'!$L$5:$L$204<>"")*('İş Planı'!$L$5:$L$204<=AB2)) | AD2: =SUMPRODUCT(('İş Planı'!$C$5:$C$204<>"")*('İş Planı'!$L$5:$L$204<>"")*('İş Planı'!$L$5:$L$204<=AB2)*('İş Planı'!$N$5:$N$204="Tamamlandı")) | AF2: Oca | AG2: 46053 | AH2: =SUMPRODUCT(('İş Planı'!$C$5:$C$204<>"")*('İş Planı'!$L$5:$L$204<>"")*('İş Planı'!$L$5:$L$204<=AG2)) | AI2: =SUMPRODUCT(('İş Planı'!$C$5:$C$204<>"")*('İş Planı'!$L$5:$L$204<>"")*('İş Planı'!$L$5:$L$204<=AG2)*('İş Planı'!$N$5:$N$204="Tamamlandı")) | AK2: =IFERROR(INDEX(Listeler!$D$4:$D$43,SMALL($BD$4:$BD$43,22-ROW())),"") | AL2: =IF($AK2="","",COUNTIFS('İş Planı'!$D$5:$D$204,$AK2,'İş Planı'!$N$5:$N$204,"Planlanan")+COUNTIFS('İş Planı'!$E$5:$E$204,$AK2,'İş Planı'!$N$5:$N$204,"Planlanan")+COUNTIFS('İş Planı'!$F$5:$F$204,$AK2,'İş Planı'!$N$5:$N$204,"Planlanan")+COUNTIFS('İş Planı'!$D$5:$D$204,$AK2,'İş Planı'!$N$5:$N$204,"Devam Ediyor")+COUNTIFS('İş Planı'!$E$5:$E$204,$AK2,'İş Planı'!$N$5:$N$204,"Devam Ediyor")+COUNTIFS('İş Planı'!$F$5:$F$204,$AK2,'İş Planı'!$N$5:$N$204,"Devam Ediyor")) | AM2: =IF($AK2="","",COUNTIFS('İş Planı'!$D$5:$D$204,$AK2,'İş Planı'!$N$5:$N$204,"Gecikmiş")+COUNTIFS('İş Planı'!$E$5:$E$204,$AK2,'İş Planı'!$N$5:$N$204,"Gecikmiş")+COUNTIFS('İş Planı'!$F$5:$F$204,$AK2,'İş Planı'!$N$5:$N$204,"Gecikmiş"))
E3: Devam Ediyor | F3: =COUNTIFS('İş Planı'!$N$5:$N$204,E3,'İş Planı'!$C$5:$C$204,"<>") | H3: Şub | I3: 46054 | J3: =SUMPRODUCT(('İş Planı'!$C$5:$C$204<>"")*('İş Planı'!$H$5:$H$204<>"")*('İş Planı'!$I$5:$I$204<>"")*('İş Planı'!$H$5:$H$204<=EOMONTH(I3,0))*('İş Planı'!$L$5:$L$204>=I3)) | L3: 9 | M3: =IFERROR(IF(LARGE($R$5:$R$204,L3)<0.5,"",INDEX('İş Planı'!$C$5:$C$204,MATCH(LARGE($R$5:$R$204,L3),$R$5:$R$204,0))),"") | N3: =IFERROR(IF(LARGE($R$5:$R$204,L3)<0.5,0,INT(LARGE($R$5:$R$204,L3))),0) | T3: Tamamlandı | U3: =F4 | W3: =IFERROR(INDEX(Listeler!$B$4:$B$43,SMALL($BB$4:$BB$43,22-ROW())),"") | X3: =IF($W3="","",COUNTIFS('İş Planı'!$B$5:$B$204,$W3,'İş Planı'!$N$5:$N$204,"Tamamlandı")) | Y3: =IF($W3="","",COUNTIFS('İş Planı'!$B$5:$B$204,$W3,'İş Planı'!$N$5:$N$204,"Devam Ediyor")) | Z3: =IF($W3="","",COUNTIFS('İş Planı'!$B$5:$B$204,$W3,'İş Planı'!$N$5:$N$204,"Gecikmiş")) | AB3: 46036 | AC3: =SUMPRODUCT(('İş Planı'!$C$5:$C$204<>"")*('İş Planı'!$L$5:$L$204<>"")*('İş Planı'!$L$5:$L$204<=AB3)) | AD3: =SUMPRODUCT(('İş Planı'!$C$5:$C$204<>"")*('İş Planı'!$L$5:$L$204<>"")*('İş Planı'!$L$5:$L$204<=AB3)*('İş Planı'!$N$5:$N$204="Tamamlandı")) | AF3: Şub | AG3: 46081 | AH3: =SUMPRODUCT(('İş Planı'!$C$5:$C$204<>"")*('İş Planı'!$L$5:$L$204<>"")*('İş Planı'!$L$5:$L$204<=AG3)) | AI3: =SUMPRODUCT(('İş Planı'!$C$5:$C$204<>"")*('İş Planı'!$L$5:$L$204<>"")*('İş Planı'!$L$5:$L$204<=AG3)*('İş Planı'!$N$5:$N$204="Tamamlandı")) | AK3: =IFERROR(INDEX(Listeler!$D$4:$D$43,SMALL($BD$4:$BD$43,22-ROW())),"") | AL3: =IF($AK3="","",COUNTIFS('İş Planı'!$D$5:$D$204,$AK3,'İş Planı'!$N$5:$N$204,"Planlanan")+COUNTIFS('İş Planı'!$E$5:$E$204,$AK3,'İş Planı'!$N$5:$N$204,"Planlanan")+COUNTIFS('İş Planı'!$F$5:$F$204,$AK3,'İş Planı'!$N$5:$N$204,"Planlanan")+COUNTIFS('İş Planı'!$D$5:$D$204,$AK3,'İş Planı'!$N$5:$N$204,"Devam Ediyor")+COUNTIFS('İş Planı'!$E$5:$E$204,$AK3,'İş Planı'!$N$5:$N$204,"Devam Ediyor")+COUNTIFS('İş Planı'!$F$5:$F$204,$AK3,'İş Planı'!$N$5:$N$204,"Devam Ediyor")) | AM3: =IF($AK3="","",COUNTIFS('İş Planı'!$D$5:$D$204,$AK3,'İş Planı'!$N$5:$N$204,"Gecikmiş")+COUNTIFS('İş Planı'!$E$5:$E$204,$AK3,'İş Planı'!$N$5:$N$204,"Gecikmiş")+COUNTIFS('İş Planı'!$F$5:$F$204,$AK3,'İş Planı'!$N$5:$N$204,"Gecikmiş")) | BA3: Kullanılan başlık indeksi (Listeler B4:B43) | BC3: Yükü olan kişi indeksi (Listeler D4:D43)
E4: Tamamlandı | F4: =COUNTIFS('İş Planı'!$N$5:$N$204,E4,'İş Planı'!$C$5:$C$204,"<>") | H4: Mar | I4: 46082 | J4: =SUMPRODUCT(('İş Planı'!$C$5:$C$204<>"")*('İş Planı'!$H$5:$H$204<>"")*('İş Planı'!$I$5:$I$204<>"")*('İş Planı'!$H$5:$H$204<=EOMONTH(I4,0))*('İş Planı'!$L$5:$L$204>=I4)) | L4: 8 | M4: =IFERROR(IF(LARGE($R$5:$R$204,L4)<0.5,"",INDEX('İş Planı'!$C$5:$C$204,MATCH(LARGE($R$5:$R$204,L4),$R$5:$R$204,0))),"") | N4: =IFERROR(IF(LARGE($R$5:$R$204,L4)<0.5,0,INT(LARGE($R$5:$R$204,L4))),0) | R4: Fiili gecikme (gün) + sıralama kırıcı | T4: Devam Ediyor | U4: =F3 | W4: =IFERROR(INDEX(Listeler!$B$4:$B$43,SMALL($BB$4:$BB$43,22-ROW())),"") | X4: =IF($W4="","",COUNTIFS('İş Planı'!$B$5:$B$204,$W4,'İş Planı'!$N$5:$N$204,"Tamamlandı")) | Y4: =IF($W4="","",COUNTIFS('İş Planı'!$B$5:$B$204,$W4,'İş Planı'!$N$5:$N$204,"Devam Ediyor")) | Z4: =IF($W4="","",COUNTIFS('İş Planı'!$B$5:$B$204,$W4,'İş Planı'!$N$5:$N$204,"Gecikmiş")) | AB4: 46043 | AC4: =SUMPRODUCT(('İş Planı'!$C$5:$C$204<>"")*('İş Planı'!$L$5:$L$204<>"")*('İş Planı'!$L$5:$L$204<=AB4)) | AD4: =SUMPRODUCT(('İş Planı'!$C$5:$C$204<>"")*('İş Planı'!$L$5:$L$204<>"")*('İş Planı'!$L$5:$L$204<=AB4)*('İş Planı'!$N$5:$N$204="Tamamlandı")) | AF4: Mar | AG4: 46112 | AH4: =SUMPRODUCT(('İş Planı'!$C$5:$C$204<>"")*('İş Planı'!$L$5:$L$204<>"")*('İş Planı'!$L$5:$L$204<=AG4)) | AI4: =SUMPRODUCT(('İş Planı'!$C$5:$C$204<>"")*('İş Planı'!$L$5:$L$204<>"")*('İş Planı'!$L$5:$L$204<=AG4)*('İş Planı'!$N$5:$N$204="Tamamlandı")) | AK4: =IFERROR(INDEX(Listeler!$D$4:$D$43,SMALL($BD$4:$BD$43,22-ROW())),"") | AL4: =IF($AK4="","",COUNTIFS('İş Planı'!$D$5:$D$204,$AK4,'İş Planı'!$N$5:$N$204,"Planlanan")+COUNTIFS('İş Planı'!$E$5:$E$204,$AK4,'İş Planı'!$N$5:$N$204,"Planlanan")+COUNTIFS('İş Planı'!$F$5:$F$204,$AK4,'İş Planı'!$N$5:$N$204,"Planlanan")+COUNTIFS('İş Planı'!$D$5:$D$204,$AK4,'İş Planı'!$N$5:$N$204,"Devam Ediyor")+COUNTIFS('İş Planı'!$E$5:$E$204,$AK4,'İş Planı'!$N$5:$N$204,"Devam Ediyor")+COUNTIFS('İş Planı'!$F$5:$F$204,$AK4,'İş Planı'!$N$5:$N$204,"Devam Ediyor")) | AM4: =IF($AK4="","",COUNTIFS('İş Planı'!$D$5:$D$204,$AK4,'İş Planı'!$N$5:$N$204,"Gecikmiş")+COUNTIFS('İş Planı'!$E$5:$E$204,$AK4,'İş Planı'!$N$5:$N$204,"Gecikmiş")+COUNTIFS('İş Planı'!$F$5:$F$204,$AK4,'İş Planı'!$N$5:$N$204,"Gecikmiş")) | BB4: =IF(Listeler!$B4="","",IF(COUNTIF('İş Planı'!$B$5:$B$204,Listeler!$B4)=0,"",ROW()-3)) | BD4: =IF(Listeler!$D4="","",IF(COUNTIF('İş Planı'!$D$5:$D$204,Listeler!$D4)+COUNTIF('İş Planı'!$E$5:$E$204,Listeler!$D4)+COUNTIF('İş Planı'!$F$5:$F$204,Listeler!$D4)=0,"",ROW()-3))
E5: Gecikmiş | F5: =COUNTIFS('İş Planı'!$N$5:$N$204,E5,'İş Planı'!$C$5:$C$204,"<>") | H5: Nis | I5: 46113 | J5: =SUMPRODUCT(('İş Planı'!$C$5:$C$204<>"")*('İş Planı'!$H$5:$H$204<>"")*('İş Planı'!$I$5:$I$204<>"")*('İş Planı'!$H$5:$H$204<=EOMONTH(I5,0))*('İş Planı'!$L$5:$L$204>=I5)) | L5: 7 | M5: =IFERROR(IF(LARGE($R$5:$R$204,L5)<0.5,"",INDEX('İş Planı'!$C$5:$C$204,MATCH(LARGE($R$5:$R$204,L5),$R$5:$R$204,0))),"") | N5: =IFERROR(IF(LARGE($R$5:$R$204,L5)<0.5,0,INT(LARGE($R$5:$R$204,L5))),0) | R5: =IF('İş Planı'!$C5="","",IF('İş Planı'!$N5="Tamamlandı",N('İş Planı'!$K5),MAX(N('İş Planı'!$K5),IF(AND('İş Planı'!$I5<>"",'İş Planı'!$I5<TODAY()),TODAY()-'İş Planı'!$I5,0)))+ROW()/1000000) | T5: Gecikmiş | U5: =F5 | W5: =IFERROR(INDEX(Listeler!$B$4:$B$43,SMALL($BB$4:$BB$43,22-ROW())),"") | X5: =IF($W5="","",COUNTIFS('İş Planı'!$B$5:$B$204,$W5,'İş Planı'!$N$5:$N$204,"Tamamlandı")) | Y5: =IF($W5="","",COUNTIFS('İş Planı'!$B$5:$B$204,$W5,'İş Planı'!$N$5:$N$204,"Devam Ediyor")) | Z5: =IF($W5="","",COUNTIFS('İş Planı'!$B$5:$B$204,$W5,'İş Planı'!$N$5:$N$204,"Gecikmiş")) | AB5: 46050 | AC5: =SUMPRODUCT(('İş Planı'!$C$5:$C$204<>"")*('İş Planı'!$L$5:$L$204<>"")*('İş Planı'!$L$5:$L$204<=AB5)) | AD5: =SUMPRODUCT(('İş Planı'!$C$5:$C$204<>"")*('İş Planı'!$L$5:$L$204<>"")*('İş Planı'!$L$5:$L$204<=AB5)*('İş Planı'!$N$5:$N$204="Tamamlandı")) | AF5: Nis | AG5: 46142 | AH5: =SUMPRODUCT(('İş Planı'!$C$5:$C$204<>"")*('İş Planı'!$L$5:$L$204<>"")*('İş Planı'!$L$5:$L$204<=AG5)) | AI5: =SUMPRODUCT(('İş Planı'!$C$5:$C$204<>"")*('İş Planı'!$L$5:$L$204<>"")*('İş Planı'!$L$5:$L$204<=AG5)*('İş Planı'!$N$5:$N$204="Tamamlandı")) | AK5: =IFERROR(INDEX(Listeler!$D$4:$D$43,SMALL($BD$4:$BD$43,22-ROW())),"") | AL5: =IF($AK5="","",COUNTIFS('İş Planı'!$D$5:$D$204,$AK5,'İş Planı'!$N$5:$N$204,"Planlanan")+COUNTIFS('İş Planı'!$E$5:$E$204,$AK5,'İş Planı'!$N$5:$N$204,"Planlanan")+COUNTIFS('İş Planı'!$F$5:$F$204,$AK5,'İş Planı'!$N$5:$N$204,"Planlanan")+COUNTIFS('İş Planı'!$D$5:$D$204,$AK5,'İş Planı'!$N$5:$N$204,"Devam Ediyor")+COUNTIFS('İş Planı'!$E$5:$E$204,$AK5,'İş Planı'!$N$5:$N$204,"Devam Ediyor")+COUNTIFS('İş Planı'!$F$5:$F$204,$AK5,'İş Planı'!$N$5:$N$204,"Devam Ediyor")) | AM5: =IF($AK5="","",COUNTIFS('İş Planı'!$D$5:$D$204,$AK5,'İş Planı'!$N$5:$N$204,"Gecikmiş")+COUNTIFS('İş Planı'!$E$5:$E$204,$AK5,'İş Planı'!$N$5:$N$204,"Gecikmiş")+COUNTIFS('İş Planı'!$F$5:$F$204,$AK5,'İş Planı'!$N$5:$N$204,"Gecikmiş")) | BB5: =IF(Listeler!$B5="","",IF(COUNTIF('İş Planı'!$B$5:$B$204,Listeler!$B5)=0,"",ROW()-3)) | BD5: =IF(Listeler!$D5="","",IF(COUNTIF('İş Planı'!$D$5:$D$204,Listeler!$D5)+COUNTIF('İş Planı'!$E$5:$E$204,Listeler!$D5)+COUNTIF('İş Planı'!$F$5:$F$204,Listeler!$D5)=0,"",ROW()-3))
H6: May | I6: 46143 | J6: =SUMPRODUCT(('İş Planı'!$C$5:$C$204<>"")*('İş Planı'!$H$5:$H$204<>"")*('İş Planı'!$I$5:$I$204<>"")*('İş Planı'!$H$5:$H$204<=EOMONTH(I6,0))*('İş Planı'!$L$5:$L$204>=I6)) | L6: 6 | M6: =IFERROR(IF(LARGE($R$5:$R$204,L6)<0.5,"",INDEX('İş Planı'!$C$5:$C$204,MATCH(LARGE($R$5:$R$204,L6),$R$5:$R$204,0))),"") | N6: =IFERROR(IF(LARGE($R$5:$R$204,L6)<0.5,0,INT(LARGE($R$5:$R$204,L6))),0) | R6: =IF('İş Planı'!$C6="","",IF('İş Planı'!$N6="Tamamlandı",N('İş Planı'!$K6),MAX(N('İş Planı'!$K6),IF(AND('İş Planı'!$I6<>"",'İş Planı'!$I6<TODAY()),TODAY()-'İş Planı'!$I6,0)))+ROW()/1000000) | T6: Planlanan | U6: =F2 | W6: =IFERROR(INDEX(Listeler!$B$4:$B$43,SMALL($BB$4:$BB$43,22-ROW())),"") | X6: =IF($W6="","",COUNTIFS('İş Planı'!$B$5:$B$204,$W6,'İş Planı'!$N$5:$N$204,"Tamamlandı")) | Y6: =IF($W6="","",COUNTIFS('İş Planı'!$B$5:$B$204,$W6,'İş Planı'!$N$5:$N$204,"Devam Ediyor")) | Z6: =IF($W6="","",COUNTIFS('İş Planı'!$B$5:$B$204,$W6,'İş Planı'!$N$5:$N$204,"Gecikmiş")) | AB6: 46057 | AC6: =SUMPRODUCT(('İş Planı'!$C$5:$C$204<>"")*('İş Planı'!$L$5:$L$204<>"")*('İş Planı'!$L$5:$L$204<=AB6)) | AD6: =SUMPRODUCT(('İş Planı'!$C$5:$C$204<>"")*('İş Planı'!$L$5:$L$204<>"")*('İş Planı'!$L$5:$L$204<=AB6)*('İş Planı'!$N$5:$N$204="Tamamlandı")) | AF6: May | AG6: 46173 | AH6: =SUMPRODUCT(('İş Planı'!$C$5:$C$204<>"")*('İş Planı'!$L$5:$L$204<>"")*('İş Planı'!$L$5:$L$204<=AG6)) | AI6: =SUMPRODUCT(('İş Planı'!$C$5:$C$204<>"")*('İş Planı'!$L$5:$L$204<>"")*('İş Planı'!$L$5:$L$204<=AG6)*('İş Planı'!$N$5:$N$204="Tamamlandı")) | AK6: =IFERROR(INDEX(Listeler!$D$4:$D$43,SMALL($BD$4:$BD$43,22-ROW())),"") | AL6: =IF($AK6="","",COUNTIFS('İş Planı'!$D$5:$D$204,$AK6,'İş Planı'!$N$5:$N$204,"Planlanan")+COUNTIFS('İş Planı'!$E$5:$E$204,$AK6,'İş Planı'!$N$5:$N$204,"Planlanan")+COUNTIFS('İş Planı'!$F$5:$F$204,$AK6,'İş Planı'!$N$5:$N$204,"Planlanan")+COUNTIFS('İş Planı'!$D$5:$D$204,$AK6,'İş Planı'!$N$5:$N$204,"Devam Ediyor")+COUNTIFS('İş Planı'!$E$5:$E$204,$AK6,'İş Planı'!$N$5:$N$204,"Devam Ediyor")+COUNTIFS('İş Planı'!$F$5:$F$204,$AK6,'İş Planı'!$N$5:$N$204,"Devam Ediyor")) | AM6: =IF($AK6="","",COUNTIFS('İş Planı'!$D$5:$D$204,$AK6,'İş Planı'!$N$5:$N$204,"Gecikmiş")+COUNTIFS('İş Planı'!$E$5:$E$204,$AK6,'İş Planı'!$N$5:$N$204,"Gecikmiş")+COUNTIFS('İş Planı'!$F$5:$F$204,$AK6,'İş Planı'!$N$5:$N$204,"Gecikmiş")) | BB6: =IF(Listeler!$B6="","",IF(COUNTIF('İş Planı'!$B$5:$B$204,Listeler!$B6)=0,"",ROW()-3)) | BD6: =IF(Listeler!$D6="","",IF(COUNTIF('İş Planı'!$D$5:$D$204,Listeler!$D6)+COUNTIF('İş Planı'!$E$5:$E$204,Listeler!$D6)+COUNTIF('İş Planı'!$F$5:$F$204,Listeler!$D6)=0,"",ROW()-3))
H7: Haz | I7: 46174 | J7: =SUMPRODUCT(('İş Planı'!$C$5:$C$204<>"")*('İş Planı'!$H$5:$H$204<>"")*('İş Planı'!$I$5:$I$204<>"")*('İş Planı'!$H$5:$H$204<=EOMONTH(I7,0))*('İş Planı'!$L$5:$L$204>=I7)) | L7: 5 | M7: =IFERROR(IF(LARGE($R$5:$R$204,L7)<0.5,"",INDEX('İş Planı'!$C$5:$C$204,MATCH(LARGE($R$5:$R$204,L7),$R$5:$R$204,0))),"") | N7: =IFERROR(IF(LARGE($R$5:$R$204,L7)<0.5,0,INT(LARGE($R$5:$R$204,L7))),0) | R7: =IF('İş Planı'!$C7="","",IF('İş Planı'!$N7="Tamamlandı",N('İş Planı'!$K7),MAX(N('İş Planı'!$K7),IF(AND('İş Planı'!$I7<>"",'İş Planı'!$I7<TODAY()),TODAY()-'İş Planı'!$I7,0)))+ROW()/1000000) | T7: Genel İlerleme | U7: =IFERROR(SUMPRODUCT(('İş Planı'!$C$5:$C$204<>"")*('İş Planı'!$M$5:$M$204))/COUNTA('İş Planı'!$C$5:$C$204),0) | W7: =IFERROR(INDEX(Listeler!$B$4:$B$43,SMALL($BB$4:$BB$43,22-ROW())),"") | X7: =IF($W7="","",COUNTIFS('İş Planı'!$B$5:$B$204,$W7,'İş Planı'!$N$5:$N$204,"Tamamlandı")) | Y7: =IF($W7="","",COUNTIFS('İş Planı'!$B$5:$B$204,$W7,'İş Planı'!$N$5:$N$204,"Devam Ediyor")) | Z7: =IF($W7="","",COUNTIFS('İş Planı'!$B$5:$B$204,$W7,'İş Planı'!$N$5:$N$204,"Gecikmiş")) | AB7: 46064 | AC7: =SUMPRODUCT(('İş Planı'!$C$5:$C$204<>"")*('İş Planı'!$L$5:$L$204<>"")*('İş Planı'!$L$5:$L$204<=AB7)) | AD7: =SUMPRODUCT(('İş Planı'!$C$5:$C$204<>"")*('İş Planı'!$L$5:$L$204<>"")*('İş Planı'!$L$5:$L$204<=AB7)*('İş Planı'!$N$5:$N$204="Tamamlandı")) | AF7: Haz | AG7: 46203 | AH7: =SUMPRODUCT(('İş Planı'!$C$5:$C$204<>"")*('İş Planı'!$L$5:$L$204<>"")*('İş Planı'!$L$5:$L$204<=AG7)) | AI7: =SUMPRODUCT(('İş Planı'!$C$5:$C$204<>"")*('İş Planı'!$L$5:$L$204<>"")*('İş Planı'!$L$5:$L$204<=AG7)*('İş Planı'!$N$5:$N$204="Tamamlandı")) | AK7: =IFERROR(INDEX(Listeler!$D$4:$D$43,SMALL($BD$4:$BD$43,22-ROW())),"") | AL7: =IF($AK7="","",COUNTIFS('İş Planı'!$D$5:$D$204,$AK7,'İş Planı'!$N$5:$N$204,"Planlanan")+COUNTIFS('İş Planı'!$E$5:$E$204,$AK7,'İş Planı'!$N$5:$N$204,"Planlanan")+COUNTIFS('İş Planı'!$F$5:$F$204,$AK7,'İş Planı'!$N$5:$N$204,"Planlanan")+COUNTIFS('İş Planı'!$D$5:$D$204,$AK7,'İş Planı'!$N$5:$N$204,"Devam Ediyor")+COUNTIFS('İş Planı'!$E$5:$E$204,$AK7,'İş Planı'!$N$5:$N$204,"Devam Ediyor")+COUNTIFS('İş Planı'!$F$5:$F$204,$AK7,'İş Planı'!$N$5:$N$204,"Devam Ediyor")) | AM7: =IF($AK7="","",COUNTIFS('İş Planı'!$D$5:$D$204,$AK7,'İş Planı'!$N$5:$N$204,"Gecikmiş")+COUNTIFS('İş Planı'!$E$5:$E$204,$AK7,'İş Planı'!$N$5:$N$204,"Gecikmiş")+COUNTIFS('İş Planı'!$F$5:$F$204,$AK7,'İş Planı'!$N$5:$N$204,"Gecikmiş")) | BB7: =IF(Listeler!$B7="","",IF(COUNTIF('İş Planı'!$B$5:$B$204,Listeler!$B7)=0,"",ROW()-3)) | BD7: =IF(Listeler!$D7="","",IF(COUNTIF('İş Planı'!$D$5:$D$204,Listeler!$D7)+COUNTIF('İş Planı'!$E$5:$E$204,Listeler!$D7)+COUNTIF('İş Planı'!$F$5:$F$204,Listeler!$D7)=0,"",ROW()-3))
H8: Tem | I8: 46204 | J8: =SUMPRODUCT(('İş Planı'!$C$5:$C$204<>"")*('İş Planı'!$H$5:$H$204<>"")*('İş Planı'!$I$5:$I$204<>"")*('İş Planı'!$H$5:$H$204<=EOMONTH(I8,0))*('İş Planı'!$L$5:$L$204>=I8)) | L8: 4 | M8: =IFERROR(IF(LARGE($R$5:$R$204,L8)<0.5,"",INDEX('İş Planı'!$C$5:$C$204,MATCH(LARGE($R$5:$R$204,L8),$R$5:$R$204,0))),"") | N8: =IFERROR(IF(LARGE($R$5:$R$204,L8)<0.5,0,INT(LARGE($R$5:$R$204,L8))),0) | R8: =IF('İş Planı'!$C8="","",IF('İş Planı'!$N8="Tamamlandı",N('İş Planı'!$K8),MAX(N('İş Planı'!$K8),IF(AND('İş Planı'!$I8<>"",'İş Planı'!$I8<TODAY()),TODAY()-'İş Planı'!$I8,0)))+ROW()/1000000) | T8: Toplam Gecikme (Gün) | U8: =SUM('İş Planı'!$K$5:$K$204) | W8: =IFERROR(INDEX(Listeler!$B$4:$B$43,SMALL($BB$4:$BB$43,22-ROW())),"") | X8: =IF($W8="","",COUNTIFS('İş Planı'!$B$5:$B$204,$W8,'İş Planı'!$N$5:$N$204,"Tamamlandı")) | Y8: =IF($W8="","",COUNTIFS('İş Planı'!$B$5:$B$204,$W8,'İş Planı'!$N$5:$N$204,"Devam Ediyor")) | Z8: =IF($W8="","",COUNTIFS('İş Planı'!$B$5:$B$204,$W8,'İş Planı'!$N$5:$N$204,"Gecikmiş")) | AB8: 46071 | AC8: =SUMPRODUCT(('İş Planı'!$C$5:$C$204<>"")*('İş Planı'!$L$5:$L$204<>"")*('İş Planı'!$L$5:$L$204<=AB8)) | AD8: =SUMPRODUCT(('İş Planı'!$C$5:$C$204<>"")*('İş Planı'!$L$5:$L$204<>"")*('İş Planı'!$L$5:$L$204<=AB8)*('İş Planı'!$N$5:$N$204="Tamamlandı")) | AF8: Tem | AG8: 46234 | AH8: =SUMPRODUCT(('İş Planı'!$C$5:$C$204<>"")*('İş Planı'!$L$5:$L$204<>"")*('İş Planı'!$L$5:$L$204<=AG8)) | AI8: =SUMPRODUCT(('İş Planı'!$C$5:$C$204<>"")*('İş Planı'!$L$5:$L$204<>"")*('İş Planı'!$L$5:$L$204<=AG8)*('İş Planı'!$N$5:$N$204="Tamamlandı")) | AK8: =IFERROR(INDEX(Listeler!$D$4:$D$43,SMALL($BD$4:$BD$43,22-ROW())),"") | AL8: =IF($AK8="","",COUNTIFS('İş Planı'!$D$5:$D$204,$AK8,'İş Planı'!$N$5:$N$204,"Planlanan")+COUNTIFS('İş Planı'!$E$5:$E$204,$AK8,'İş Planı'!$N$5:$N$204,"Planlanan")+COUNTIFS('İş Planı'!$F$5:$F$204,$AK8,'İş Planı'!$N$5:$N$204,"Planlanan")+COUNTIFS('İş Planı'!$D$5:$D$204,$AK8,'İş Planı'!$N$5:$N$204,"Devam Ediyor")+COUNTIFS('İş Planı'!$E$5:$E$204,$AK8,'İş Planı'!$N$5:$N$204,"Devam Ediyor")+COUNTIFS('İş Planı'!$F$5:$F$204,$AK8,'İş Planı'!$N$5:$N$204,"Devam Ediyor")) | AM8: =IF($AK8="","",COUNTIFS('İş Planı'!$D$5:$D$204,$AK8,'İş Planı'!$N$5:$N$204,"Gecikmiş")+COUNTIFS('İş Planı'!$E$5:$E$204,$AK8,'İş Planı'!$N$5:$N$204,"Gecikmiş")+COUNTIFS('İş Planı'!$F$5:$F$204,$AK8,'İş Planı'!$N$5:$N$204,"Gecikmiş")) | BB8: =IF(Listeler!$B8="","",IF(COUNTIF('İş Planı'!$B$5:$B$204,Listeler!$B8)=0,"",ROW()-3)) | BD8: =IF(Listeler!$D8="","",IF(COUNTIF('İş Planı'!$D$5:$D$204,Listeler!$D8)+COUNTIF('İş Planı'!$E$5:$E$204,Listeler!$D8)+COUNTIF('İş Planı'!$F$5:$F$204,Listeler!$D8)=0,"",ROW()-3))
H9: Ağu | I9: 46235 | J9: =SUMPRODUCT(('İş Planı'!$C$5:$C$204<>"")*('İş Planı'!$H$5:$H$204<>"")*('İş Planı'!$I$5:$I$204<>"")*('İş Planı'!$H$5:$H$204<=EOMONTH(I9,0))*('İş Planı'!$L$5:$L$204>=I9)) | L9: 3 | M9: =IFERROR(IF(LARGE($R$5:$R$204,L9)<0.5,"",INDEX('İş Planı'!$C$5:$C$204,MATCH(LARGE($R$5:$R$204,L9),$R$5:$R$204,0))),"") | N9: =IFERROR(IF(LARGE($R$5:$R$204,L9)<0.5,0,INT(LARGE($R$5:$R$204,L9))),0) | R9: =IF('İş Planı'!$C9="","",IF('İş Planı'!$N9="Tamamlandı",N('İş Planı'!$K9),MAX(N('İş Planı'!$K9),IF(AND('İş Planı'!$I9<>"",'İş Planı'!$I9<TODAY()),TODAY()-'İş Planı'!$I9,0)))+ROW()/1000000) | W9: =IFERROR(INDEX(Listeler!$B$4:$B$43,SMALL($BB$4:$BB$43,22-ROW())),"") | X9: =IF($W9="","",COUNTIFS('İş Planı'!$B$5:$B$204,$W9,'İş Planı'!$N$5:$N$204,"Tamamlandı")) | Y9: =IF($W9="","",COUNTIFS('İş Planı'!$B$5:$B$204,$W9,'İş Planı'!$N$5:$N$204,"Devam Ediyor")) | Z9: =IF($W9="","",COUNTIFS('İş Planı'!$B$5:$B$204,$W9,'İş Planı'!$N$5:$N$204,"Gecikmiş")) | AB9: 46078 | AC9: =SUMPRODUCT(('İş Planı'!$C$5:$C$204<>"")*('İş Planı'!$L$5:$L$204<>"")*('İş Planı'!$L$5:$L$204<=AB9)) | AD9: =SUMPRODUCT(('İş Planı'!$C$5:$C$204<>"")*('İş Planı'!$L$5:$L$204<>"")*('İş Planı'!$L$5:$L$204<=AB9)*('İş Planı'!$N$5:$N$204="Tamamlandı")) | AF9: Ağu | AG9: 46265 | AH9: =SUMPRODUCT(('İş Planı'!$C$5:$C$204<>"")*('İş Planı'!$L$5:$L$204<>"")*('İş Planı'!$L$5:$L$204<=AG9)) | AI9: =SUMPRODUCT(('İş Planı'!$C$5:$C$204<>"")*('İş Planı'!$L$5:$L$204<>"")*('İş Planı'!$L$5:$L$204<=AG9)*('İş Planı'!$N$5:$N$204="Tamamlandı")) | AK9: =IFERROR(INDEX(Listeler!$D$4:$D$43,SMALL($BD$4:$BD$43,22-ROW())),"") | AL9: =IF($AK9="","",COUNTIFS('İş Planı'!$D$5:$D$204,$AK9,'İş Planı'!$N$5:$N$204,"Planlanan")+COUNTIFS('İş Planı'!$E$5:$E$204,$AK9,'İş Planı'!$N$5:$N$204,"Planlanan")+COUNTIFS('İş Planı'!$F$5:$F$204,$AK9,'İş Planı'!$N$5:$N$204,"Planlanan")+COUNTIFS('İş Planı'!$D$5:$D$204,$AK9,'İş Planı'!$N$5:$N$204,"Devam Ediyor")+COUNTIFS('İş Planı'!$E$5:$E$204,$AK9,'İş Planı'!$N$5:$N$204,"Devam Ediyor")+COUNTIFS('İş Planı'!$F$5:$F$204,$AK9,'İş Planı'!$N$5:$N$204,"Devam Ediyor")) | AM9: =IF($AK9="","",COUNTIFS('İş Planı'!$D$5:$D$204,$AK9,'İş Planı'!$N$5:$N$204,"Gecikmiş")+COUNTIFS('İş Planı'!$E$5:$E$204,$AK9,'İş Planı'!$N$5:$N$204,"Gecikmiş")+COUNTIFS('İş Planı'!$F$5:$F$204,$AK9,'İş Planı'!$N$5:$N$204,"Gecikmiş")) | BB9: =IF(Listeler!$B9="","",IF(COUNTIF('İş Planı'!$B$5:$B$204,Listeler!$B9)=0,"",ROW()-3)) | BD9: =IF(Listeler!$D9="","",IF(COUNTIF('İş Planı'!$D$5:$D$204,Listeler!$D9)+COUNTIF('İş Planı'!$E$5:$E$204,Listeler!$D9)+COUNTIF('İş Planı'!$F$5:$F$204,Listeler!$D9)=0,"",ROW()-3))
H10: Eyl | I10: 46266 | J10: =SUMPRODUCT(('İş Planı'!$C$5:$C$204<>"")*('İş Planı'!$H$5:$H$204<>"")*('İş Planı'!$I$5:$I$204<>"")*('İş Planı'!$H$5:$H$204<=EOMONTH(I10,0))*('İş Planı'!$L$5:$L$204>=I10)) | L10: 2 | M10: =IFERROR(IF(LARGE($R$5:$R$204,L10)<0.5,"",INDEX('İş Planı'!$C$5:$C$204,MATCH(LARGE($R$5:$R$204,L10),$R$5:$R$204,0))),"") | N10: =IFERROR(IF(LARGE($R$5:$R$204,L10)<0.5,0,INT(LARGE($R$5:$R$204,L10))),0) | R10: =IF('İş Planı'!$C10="","",IF('İş Planı'!$N10="Tamamlandı",N('İş Planı'!$K10),MAX(N('İş Planı'!$K10),IF(AND('İş Planı'!$I10<>"",'İş Planı'!$I10<TODAY()),TODAY()-'İş Planı'!$I10,0)))+ROW()/1000000) | W10: =IFERROR(INDEX(Listeler!$B$4:$B$43,SMALL($BB$4:$BB$43,22-ROW())),"") | X10: =IF($W10="","",COUNTIFS('İş Planı'!$B$5:$B$204,$W10,'İş Planı'!$N$5:$N$204,"Tamamlandı")) | Y10: =IF($W10="","",COUNTIFS('İş Planı'!$B$5:$B$204,$W10,'İş Planı'!$N$5:$N$204,"Devam Ediyor")) | Z10: =IF($W10="","",COUNTIFS('İş Planı'!$B$5:$B$204,$W10,'İş Planı'!$N$5:$N$204,"Gecikmiş")) | AB10: 46085 | AC10: =SUMPRODUCT(('İş Planı'!$C$5:$C$204<>"")*('İş Planı'!$L$5:$L$204<>"")*('İş Planı'!$L$5:$L$204<=AB10)) | AD10: =SUMPRODUCT(('İş Planı'!$C$5:$C$204<>"")*('İş Planı'!$L$5:$L$204<>"")*('İş Planı'!$L$5:$L$204<=AB10)*('İş Planı'!$N$5:$N$204="Tamamlandı")) | AF10: Eyl | AG10: 46295 | AH10: =SUMPRODUCT(('İş Planı'!$C$5:$C$204<>"")*('İş Planı'!$L$5:$L$204<>"")*('İş Planı'!$L$5:$L$204<=AG10)) | AI10: =SUMPRODUCT(('İş Planı'!$C$5:$C$204<>"")*('İş Planı'!$L$5:$L$204<>"")*('İş Planı'!$L$5:$L$204<=AG10)*('İş Planı'!$N$5:$N$204="Tamamlandı")) | AK10: =IFERROR(INDEX(Listeler!$D$4:$D$43,SMALL($BD$4:$BD$43,22-ROW())),"") | AL10: =IF($AK10="","",COUNTIFS('İş Planı'!$D$5:$D$204,$AK10,'İş Planı'!$N$5:$N$204,"Planlanan")+COUNTIFS('İş Planı'!$E$5:$E$204,$AK10,'İş Planı'!$N$5:$N$204,"Planlanan")+COUNTIFS('İş Planı'!$F$5:$F$204,$AK10,'İş Planı'!$N$5:$N$204,"Planlanan")+COUNTIFS('İş Planı'!$D$5:$D$204,$AK10,'İş Planı'!$N$5:$N$204,"Devam Ediyor")+COUNTIFS('İş Planı'!$E$5:$E$204,$AK10,'İş Planı'!$N$5:$N$204,"Devam Ediyor")+COUNTIFS('İş Planı'!$F$5:$F$204,$AK10,'İş Planı'!$N$5:$N$204,"Devam Ediyor")) | AM10: =IF($AK10="","",COUNTIFS('İş Planı'!$D$5:$D$204,$AK10,'İş Planı'!$N$5:$N$204,"Gecikmiş")+COUNTIFS('İş Planı'!$E$5:$E$204,$AK10,'İş Planı'!$N$5:$N$204,"Gecikmiş")+COUNTIFS('İş Planı'!$F$5:$F$204,$AK10,'İş Planı'!$N$5:$N$204,"Gecikmiş")) | BB10: =IF(Listeler!$B10="","",IF(COUNTIF('İş Planı'!$B$5:$B$204,Listeler!$B10)=0,"",ROW()-3)) | BD10: =IF(Listeler!$D10="","",IF(COUNTIF('İş Planı'!$D$5:$D$204,Listeler!$D10)+COUNTIF('İş Planı'!$E$5:$E$204,Listeler!$D10)+COUNTIF('İş Planı'!$F$5:$F$204,Listeler!$D10)=0,"",ROW()-3))
H11: Eki | I11: 46296 | J11: =SUMPRODUCT(('İş Planı'!$C$5:$C$204<>"")*('İş Planı'!$H$5:$H$204<>"")*('İş Planı'!$I$5:$I$204<>"")*('İş Planı'!$H$5:$H$204<=EOMONTH(I11,0))*('İş Planı'!$L$5:$L$204>=I11)) | L11: 1 | M11: =IFERROR(IF(LARGE($R$5:$R$204,L11)<0.5,"",INDEX('İş Planı'!$C$5:$C$204,MATCH(LARGE($R$5:$R$204,L11),$R$5:$R$204,0))),"") | N11: =IFERROR(IF(LARGE($R$5:$R$204,L11)<0.5,0,INT(LARGE($R$5:$R$204,L11))),0) | R11: =IF('İş Planı'!$C11="","",IF('İş Planı'!$N11="Tamamlandı",N('İş Planı'!$K11),MAX(N('İş Planı'!$K11),IF(AND('İş Planı'!$I11<>"",'İş Planı'!$I11<TODAY()),TODAY()-'İş Planı'!$I11,0)))+ROW()/1000000) | W11: =IFERROR(INDEX(Listeler!$B$4:$B$43,SMALL($BB$4:$BB$43,22-ROW())),"") | X11: =IF($W11="","",COUNTIFS('İş Planı'!$B$5:$B$204,$W11,'İş Planı'!$N$5:$N$204,"Tamamlandı")) | Y11: =IF($W11="","",COUNTIFS('İş Planı'!$B$5:$B$204,$W11,'İş Planı'!$N$5:$N$204,"Devam Ediyor")) | Z11: =IF($W11="","",COUNTIFS('İş Planı'!$B$5:$B$204,$W11,'İş Planı'!$N$5:$N$204,"Gecikmiş")) | AB11: 46092 | AC11: =SUMPRODUCT(('İş Planı'!$C$5:$C$204<>"")*('İş Planı'!$L$5:$L$204<>"")*('İş Planı'!$L$5:$L$204<=AB11)) | AD11: =SUMPRODUCT(('İş Planı'!$C$5:$C$204<>"")*('İş Planı'!$L$5:$L$204<>"")*('İş Planı'!$L$5:$L$204<=AB11)*('İş Planı'!$N$5:$N$204="Tamamlandı")) | AF11: Eki | AG11: 46326 | AH11: =SUMPRODUCT(('İş Planı'!$C$5:$C$204<>"")*('İş Planı'!$L$5:$L$204<>"")*('İş Planı'!$L$5:$L$204<=AG11)) | AI11: =SUMPRODUCT(('İş Planı'!$C$5:$C$204<>"")*('İş Planı'!$L$5:$L$204<>"")*('İş Planı'!$L$5:$L$204<=AG11)*('İş Planı'!$N$5:$N$204="Tamamlandı")) | AK11: =IFERROR(INDEX(Listeler!$D$4:$D$43,SMALL($BD$4:$BD$43,22-ROW())),"") | AL11: =IF($AK11="","",COUNTIFS('İş Planı'!$D$5:$D$204,$AK11,'İş Planı'!$N$5:$N$204,"Planlanan")+COUNTIFS('İş Planı'!$E$5:$E$204,$AK11,'İş Planı'!$N$5:$N$204,"Planlanan")+COUNTIFS('İş Planı'!$F$5:$F$204,$AK11,'İş Planı'!$N$5:$N$204,"Planlanan")+COUNTIFS('İş Planı'!$D$5:$D$204,$AK11,'İş Planı'!$N$5:$N$204,"Devam Ediyor")+COUNTIFS('İş Planı'!$E$5:$E$204,$AK11,'İş Planı'!$N$5:$N$204,"Devam Ediyor")+COUNTIFS('İş Planı'!$F$5:$F$204,$AK11,'İş Planı'!$N$5:$N$204,"Devam Ediyor")) | AM11: =IF($AK11="","",COUNTIFS('İş Planı'!$D$5:$D$204,$AK11,'İş Planı'!$N$5:$N$204,"Gecikmiş")+COUNTIFS('İş Planı'!$E$5:$E$204,$AK11,'İş Planı'!$N$5:$N$204,"Gecikmiş")+COUNTIFS('İş Planı'!$F$5:$F$204,$AK11,'İş Planı'!$N$5:$N$204,"Gecikmiş")) | BB11: =IF(Listeler!$B11="","",IF(COUNTIF('İş Planı'!$B$5:$B$204,Listeler!$B11)=0,"",ROW()-3)) | BD11: =IF(Listeler!$D11="","",IF(COUNTIF('İş Planı'!$D$5:$D$204,Listeler!$D11)+COUNTIF('İş Planı'!$E$5:$E$204,Listeler!$D11)+COUNTIF('İş Planı'!$F$5:$F$204,Listeler!$D11)=0,"",ROW()-3))
H12: Kas | I12: 46327 | J12: =SUMPRODUCT(('İş Planı'!$C$5:$C$204<>"")*('İş Planı'!$H$5:$H$204<>"")*('İş Planı'!$I$5:$I$204<>"")*('İş Planı'!$H$5:$H$204<=EOMONTH(I12,0))*('İş Planı'!$L$5:$L$204>=I12)) | R12: =IF('İş Planı'!$C12="","",IF('İş Planı'!$N12="Tamamlandı",N('İş Planı'!$K12),MAX(N('İş Planı'!$K12),IF(AND('İş Planı'!$I12<>"",'İş Planı'!$I12<TODAY()),TODAY()-'İş Planı'!$I12,0)))+ROW()/1000000) | W12: =IFERROR(INDEX(Listeler!$B$4:$B$43,SMALL($BB$4:$BB$43,22-ROW())),"") | X12: =IF($W12="","",COUNTIFS('İş Planı'!$B$5:$B$204,$W12,'İş Planı'!$N$5:$N$204,"Tamamlandı")) | Y12: =IF($W12="","",COUNTIFS('İş Planı'!$B$5:$B$204,$W12,'İş Planı'!$N$5:$N$204,"Devam Ediyor")) | Z12: =IF($W12="","",COUNTIFS('İş Planı'!$B$5:$B$204,$W12,'İş Planı'!$N$5:$N$204,"Gecikmiş")) | AB12: 46099 | AC12: =SUMPRODUCT(('İş Planı'!$C$5:$C$204<>"")*('İş Planı'!$L$5:$L$204<>"")*('İş Planı'!$L$5:$L$204<=AB12)) | AD12: =SUMPRODUCT(('İş Planı'!$C$5:$C$204<>"")*('İş Planı'!$L$5:$L$204<>"")*('İş Planı'!$L$5:$L$204<=AB12)*('İş Planı'!$N$5:$N$204="Tamamlandı")) | AF12: Kas | AG12: 46356 | AH12: =SUMPRODUCT(('İş Planı'!$C$5:$C$204<>"")*('İş Planı'!$L$5:$L$204<>"")*('İş Planı'!$L$5:$L$204<=AG12)) | AI12: =SUMPRODUCT(('İş Planı'!$C$5:$C$204<>"")*('İş Planı'!$L$5:$L$204<>"")*('İş Planı'!$L$5:$L$204<=AG12)*('İş Planı'!$N$5:$N$204="Tamamlandı")) | AK12: =IFERROR(INDEX(Listeler!$D$4:$D$43,SMALL($BD$4:$BD$43,22-ROW())),"") | AL12: =IF($AK12="","",COUNTIFS('İş Planı'!$D$5:$D$204,$AK12,'İş Planı'!$N$5:$N$204,"Planlanan")+COUNTIFS('İş Planı'!$E$5:$E$204,$AK12,'İş Planı'!$N$5:$N$204,"Planlanan")+COUNTIFS('İş Planı'!$F$5:$F$204,$AK12,'İş Planı'!$N$5:$N$204,"Planlanan")+COUNTIFS('İş Planı'!$D$5:$D$204,$AK12,'İş Planı'!$N$5:$N$204,"Devam Ediyor")+COUNTIFS('İş Planı'!$E$5:$E$204,$AK12,'İş Planı'!$N$5:$N$204,"Devam Ediyor")+COUNTIFS('İş Planı'!$F$5:$F$204,$AK12,'İş Planı'!$N$5:$N$204,"Devam Ediyor")) | AM12: =IF($AK12="","",COUNTIFS('İş Planı'!$D$5:$D$204,$AK12,'İş Planı'!$N$5:$N$204,"Gecikmiş")+COUNTIFS('İş Planı'!$E$5:$E$204,$AK12,'İş Planı'!$N$5:$N$204,"Gecikmiş")+COUNTIFS('İş Planı'!$F$5:$F$204,$AK12,'İş Planı'!$N$5:$N$204,"Gecikmiş")) | BB12: =IF(Listeler!$B12="","",IF(COUNTIF('İş Planı'!$B$5:$B$204,Listeler!$B12)=0,"",ROW()-3)) | BD12: =IF(Listeler!$D12="","",IF(COUNTIF('İş Planı'!$D$5:$D$204,Listeler!$D12)+COUNTIF('İş Planı'!$E$5:$E$204,Listeler!$D12)+COUNTIF('İş Planı'!$F$5:$F$204,Listeler!$D12)=0,"",ROW()-3))
H13: Ara | I13: 46357 | J13: =SUMPRODUCT(('İş Planı'!$C$5:$C$204<>"")*('İş Planı'!$H$5:$H$204<>"")*('İş Planı'!$I$5:$I$204<>"")*('İş Planı'!$H$5:$H$204<=EOMONTH(I13,0))*('İş Planı'!$L$5:$L$204>=I13)) | R13: =IF('İş Planı'!$C13="","",IF('İş Planı'!$N13="Tamamlandı",N('İş Planı'!$K13),MAX(N('İş Planı'!$K13),IF(AND('İş Planı'!$I13<>"",'İş Planı'!$I13<TODAY()),TODAY()-'İş Planı'!$I13,0)))+ROW()/1000000) | W13: =IFERROR(INDEX(Listeler!$B$4:$B$43,SMALL($BB$4:$BB$43,22-ROW())),"") | X13: =IF($W13="","",COUNTIFS('İş Planı'!$B$5:$B$204,$W13,'İş Planı'!$N$5:$N$204,"Tamamlandı")) | Y13: =IF($W13="","",COUNTIFS('İş Planı'!$B$5:$B$204,$W13,'İş Planı'!$N$5:$N$204,"Devam Ediyor")) | Z13: =IF($W13="","",COUNTIFS('İş Planı'!$B$5:$B$204,$W13,'İş Planı'!$N$5:$N$204,"Gecikmiş")) | AB13: 46106 | AC13: =SUMPRODUCT(('İş Planı'!$C$5:$C$204<>"")*('İş Planı'!$L$5:$L$204<>"")*('İş Planı'!$L$5:$L$204<=AB13)) | AD13: =SUMPRODUCT(('İş Planı'!$C$5:$C$204<>"")*('İş Planı'!$L$5:$L$204<>"")*('İş Planı'!$L$5:$L$204<=AB13)*('İş Planı'!$N$5:$N$204="Tamamlandı")) | AF13: Ara | AG13: 46387 | AH13: =SUMPRODUCT(('İş Planı'!$C$5:$C$204<>"")*('İş Planı'!$L$5:$L$204<>"")*('İş Planı'!$L$5:$L$204<=AG13)) | AI13: =SUMPRODUCT(('İş Planı'!$C$5:$C$204<>"")*('İş Planı'!$L$5:$L$204<>"")*('İş Planı'!$L$5:$L$204<=AG13)*('İş Planı'!$N$5:$N$204="Tamamlandı")) | AK13: =IFERROR(INDEX(Listeler!$D$4:$D$43,SMALL($BD$4:$BD$43,22-ROW())),"") | AL13: =IF($AK13="","",COUNTIFS('İş Planı'!$D$5:$D$204,$AK13,'İş Planı'!$N$5:$N$204,"Planlanan")+COUNTIFS('İş Planı'!$E$5:$E$204,$AK13,'İş Planı'!$N$5:$N$204,"Planlanan")+COUNTIFS('İş Planı'!$F$5:$F$204,$AK13,'İş Planı'!$N$5:$N$204,"Planlanan")+COUNTIFS('İş Planı'!$D$5:$D$204,$AK13,'İş Planı'!$N$5:$N$204,"Devam Ediyor")+COUNTIFS('İş Planı'!$E$5:$E$204,$AK13,'İş Planı'!$N$5:$N$204,"Devam Ediyor")+COUNTIFS('İş Planı'!$F$5:$F$204,$AK13,'İş Planı'!$N$5:$N$204,"Devam Ediyor")) | AM13: =IF($AK13="","",COUNTIFS('İş Planı'!$D$5:$D$204,$AK13,'İş Planı'!$N$5:$N$204,"Gecikmiş")+COUNTIFS('İş Planı'!$E$5:$E$204,$AK13,'İş Planı'!$N$5:$N$204,"Gecikmiş")+COUNTIFS('İş Planı'!$F$5:$F$204,$AK13,'İş Planı'!$N$5:$N$204,"Gecikmiş")) | BB13: =IF(Listeler!$B13="","",IF(COUNTIF('İş Planı'!$B$5:$B$204,Listeler!$B13)=0,"",ROW()-3)) | BD13: =IF(Listeler!$D13="","",IF(COUNTIF('İş Planı'!$D$5:$D$204,Listeler!$D13)+COUNTIF('İş Planı'!$E$5:$E$204,Listeler!$D13)+COUNTIF('İş Planı'!$F$5:$F$204,Listeler!$D13)=0,"",ROW()-3))
R14: =IF('İş Planı'!$C14="","",IF('İş Planı'!$N14="Tamamlandı",N('İş Planı'!$K14),MAX(N('İş Planı'!$K14),IF(AND('İş Planı'!$I14<>"",'İş Planı'!$I14<TODAY()),TODAY()-'İş Planı'!$I14,0)))+ROW()/1000000) | W14: =IFERROR(INDEX(Listeler!$B$4:$B$43,SMALL($BB$4:$BB$43,22-ROW())),"") | X14: =IF($W14="","",COUNTIFS('İş Planı'!$B$5:$B$204,$W14,'İş Planı'!$N$5:$N$204,"Tamamlandı")) | Y14: =IF($W14="","",COUNTIFS('İş Planı'!$B$5:$B$204,$W14,'İş Planı'!$N$5:$N$204,"Devam Ediyor")) | Z14: =IF($W14="","",COUNTIFS('İş Planı'!$B$5:$B$204,$W14,'İş Planı'!$N$5:$N$204,"Gecikmiş")) | AB14: 46113 | AC14: =SUMPRODUCT(('İş Planı'!$C$5:$C$204<>"")*('İş Planı'!$L$5:$L$204<>"")*('İş Planı'!$L$5:$L$204<=AB14)) | AD14: =SUMPRODUCT(('İş Planı'!$C$5:$C$204<>"")*('İş Planı'!$L$5:$L$204<>"")*('İş Planı'!$L$5:$L$204<=AB14)*('İş Planı'!$N$5:$N$204="Tamamlandı")) | AK14: =IFERROR(INDEX(Listeler!$D$4:$D$43,SMALL($BD$4:$BD$43,22-ROW())),"") | AL14: =IF($AK14="","",COUNTIFS('İş Planı'!$D$5:$D$204,$AK14,'İş Planı'!$N$5:$N$204,"Planlanan")+COUNTIFS('İş Planı'!$E$5:$E$204,$AK14,'İş Planı'!$N$5:$N$204,"Planlanan")+COUNTIFS('İş Planı'!$F$5:$F$204,$AK14,'İş Planı'!$N$5:$N$204,"Planlanan")+COUNTIFS('İş Planı'!$D$5:$D$204,$AK14,'İş Planı'!$N$5:$N$204,"Devam Ediyor")+COUNTIFS('İş Planı'!$E$5:$E$204,$AK14,'İş Planı'!$N$5:$N$204,"Devam Ediyor")+COUNTIFS('İş Planı'!$F$5:$F$204,$AK14,'İş Planı'!$N$5:$N$204,"Devam Ediyor")) | AM14: =IF($AK14="","",COUNTIFS('İş Planı'!$D$5:$D$204,$AK14,'İş Planı'!$N$5:$N$204,"Gecikmiş")+COUNTIFS('İş Planı'!$E$5:$E$204,$AK14,'İş Planı'!$N$5:$N$204,"Gecikmiş")+COUNTIFS('İş Planı'!$F$5:$F$204,$AK14,'İş Planı'!$N$5:$N$204,"Gecikmiş")) | BB14: =IF(Listeler!$B14="","",IF(COUNTIF('İş Planı'!$B$5:$B$204,Listeler!$B14)=0,"",ROW()-3)) | BD14: =IF(Listeler!$D14="","",IF(COUNTIF('İş Planı'!$D$5:$D$204,Listeler!$D14)+COUNTIF('İş Planı'!$E$5:$E$204,Listeler!$D14)+COUNTIF('İş Planı'!$F$5:$F$204,Listeler!$D14)=0,"",ROW()-3))
R15: =IF('İş Planı'!$C15="","",IF('İş Planı'!$N15="Tamamlandı",N('İş Planı'!$K15),MAX(N('İş Planı'!$K15),IF(AND('İş Planı'!$I15<>"",'İş Planı'!$I15<TODAY()),TODAY()-'İş Planı'!$I15,0)))+ROW()/1000000) | W15: =IFERROR(INDEX(Listeler!$B$4:$B$43,SMALL($BB$4:$BB$43,22-ROW())),"") | X15: =IF($W15="","",COUNTIFS('İş Planı'!$B$5:$B$204,$W15,'İş Planı'!$N$5:$N$204,"Tamamlandı")) | Y15: =IF($W15="","",COUNTIFS('İş Planı'!$B$5:$B$204,$W15,'İş Planı'!$N$5:$N$204,"Devam Ediyor")) | Z15: =IF($W15="","",COUNTIFS('İş Planı'!$B$5:$B$204,$W15,'İş Planı'!$N$5:$N$204,"Gecikmiş")) | AB15: 46120 | AC15: =SUMPRODUCT(('İş Planı'!$C$5:$C$204<>"")*('İş Planı'!$L$5:$L$204<>"")*('İş Planı'!$L$5:$L$204<=AB15)) | AD15: =SUMPRODUCT(('İş Planı'!$C$5:$C$204<>"")*('İş Planı'!$L$5:$L$204<>"")*('İş Planı'!$L$5:$L$204<=AB15)*('İş Planı'!$N$5:$N$204="Tamamlandı")) | AK15: =IFERROR(INDEX(Listeler!$D$4:$D$43,SMALL($BD$4:$BD$43,22-ROW())),"") | AL15: =IF($AK15="","",COUNTIFS('İş Planı'!$D$5:$D$204,$AK15,'İş Planı'!$N$5:$N$204,"Planlanan")+COUNTIFS('İş Planı'!$E$5:$E$204,$AK15,'İş Planı'!$N$5:$N$204,"Planlanan")+COUNTIFS('İş Planı'!$F$5:$F$204,$AK15,'İş Planı'!$N$5:$N$204,"Planlanan")+COUNTIFS('İş Planı'!$D$5:$D$204,$AK15,'İş Planı'!$N$5:$N$204,"Devam Ediyor")+COUNTIFS('İş Planı'!$E$5:$E$204,$AK15,'İş Planı'!$N$5:$N$204,"Devam Ediyor")+COUNTIFS('İş Planı'!$F$5:$F$204,$AK15,'İş Planı'!$N$5:$N$204,"Devam Ediyor")) | AM15: =IF($AK15="","",COUNTIFS('İş Planı'!$D$5:$D$204,$AK15,'İş Planı'!$N$5:$N$204,"Gecikmiş")+COUNTIFS('İş Planı'!$E$5:$E$204,$AK15,'İş Planı'!$N$5:$N$204,"Gecikmiş")+COUNTIFS('İş Planı'!$F$5:$F$204,$AK15,'İş Planı'!$N$5:$N$204,"Gecikmiş")) | BB15: =IF(Listeler!$B15="","",IF(COUNTIF('İş Planı'!$B$5:$B$204,Listeler!$B15)=0,"",ROW()-3)) | BD15: =IF(Listeler!$D15="","",IF(COUNTIF('İş Planı'!$D$5:$D$204,Listeler!$D15)+COUNTIF('İş Planı'!$E$5:$E$204,Listeler!$D15)+COUNTIF('İş Planı'!$F$5:$F$204,Listeler!$D15)=0,"",ROW()-3))
R16: =IF('İş Planı'!$C16="","",IF('İş Planı'!$N16="Tamamlandı",N('İş Planı'!$K16),MAX(N('İş Planı'!$K16),IF(AND('İş Planı'!$I16<>"",'İş Planı'!$I16<TODAY()),TODAY()-'İş Planı'!$I16,0)))+ROW()/1000000) | W16: =IFERROR(INDEX(Listeler!$B$4:$B$43,SMALL($BB$4:$BB$43,22-ROW())),"") | X16: =IF($W16="","",COUNTIFS('İş Planı'!$B$5:$B$204,$W16,'İş Planı'!$N$5:$N$204,"Tamamlandı")) | Y16: =IF($W16="","",COUNTIFS('İş Planı'!$B$5:$B$204,$W16,'İş Planı'!$N$5:$N$204,"Devam Ediyor")) | Z16: =IF($W16="","",COUNTIFS('İş Planı'!$B$5:$B$204,$W16,'İş Planı'!$N$5:$N$204,"Gecikmiş")) | AB16: 46127 | AC16: =SUMPRODUCT(('İş Planı'!$C$5:$C$204<>"")*('İş Planı'!$L$5:$L$204<>"")*('İş Planı'!$L$5:$L$204<=AB16)) | AD16: =SUMPRODUCT(('İş Planı'!$C$5:$C$204<>"")*('İş Planı'!$L$5:$L$204<>"")*('İş Planı'!$L$5:$L$204<=AB16)*('İş Planı'!$N$5:$N$204="Tamamlandı")) | AK16: =IFERROR(INDEX(Listeler!$D$4:$D$43,SMALL($BD$4:$BD$43,22-ROW())),"") | AL16: =IF($AK16="","",COUNTIFS('İş Planı'!$D$5:$D$204,$AK16,'İş Planı'!$N$5:$N$204,"Planlanan")+COUNTIFS('İş Planı'!$E$5:$E$204,$AK16,'İş Planı'!$N$5:$N$204,"Planlanan")+COUNTIFS('İş Planı'!$F$5:$F$204,$AK16,'İş Planı'!$N$5:$N$204,"Planlanan")+COUNTIFS('İş Planı'!$D$5:$D$204,$AK16,'İş Planı'!$N$5:$N$204,"Devam Ediyor")+COUNTIFS('İş Planı'!$E$5:$E$204,$AK16,'İş Planı'!$N$5:$N$204,"Devam Ediyor")+COUNTIFS('İş Planı'!$F$5:$F$204,$AK16,'İş Planı'!$N$5:$N$204,"Devam Ediyor")) | AM16: =IF($AK16="","",COUNTIFS('İş Planı'!$D$5:$D$204,$AK16,'İş Planı'!$N$5:$N$204,"Gecikmiş")+COUNTIFS('İş Planı'!$E$5:$E$204,$AK16,'İş Planı'!$N$5:$N$204,"Gecikmiş")+COUNTIFS('İş Planı'!$F$5:$F$204,$AK16,'İş Planı'!$N$5:$N$204,"Gecikmiş")) | BB16: =IF(Listeler!$B16="","",IF(COUNTIF('İş Planı'!$B$5:$B$204,Listeler!$B16)=0,"",ROW()-3)) | BD16: =IF(Listeler!$D16="","",IF(COUNTIF('İş Planı'!$D$5:$D$204,Listeler!$D16)+COUNTIF('İş Planı'!$E$5:$E$204,Listeler!$D16)+COUNTIF('İş Planı'!$F$5:$F$204,Listeler!$D16)=0,"",ROW()-3))
R17: =IF('İş Planı'!$C17="","",IF('İş Planı'!$N17="Tamamlandı",N('İş Planı'!$K17),MAX(N('İş Planı'!$K17),IF(AND('İş Planı'!$I17<>"",'İş Planı'!$I17<TODAY()),TODAY()-'İş Planı'!$I17,0)))+ROW()/1000000) | W17: =IFERROR(INDEX(Listeler!$B$4:$B$43,SMALL($BB$4:$BB$43,22-ROW())),"") | X17: =IF($W17="","",COUNTIFS('İş Planı'!$B$5:$B$204,$W17,'İş Planı'!$N$5:$N$204,"Tamamlandı")) | Y17: =IF($W17="","",COUNTIFS('İş Planı'!$B$5:$B$204,$W17,'İş Planı'!$N$5:$N$204,"Devam Ediyor")) | Z17: =IF($W17="","",COUNTIFS('İş Planı'!$B$5:$B$204,$W17,'İş Planı'!$N$5:$N$204,"Gecikmiş")) | AB17: 46134 | AC17: =SUMPRODUCT(('İş Planı'!$C$5:$C$204<>"")*('İş Planı'!$L$5:$L$204<>"")*('İş Planı'!$L$5:$L$204<=AB17)) | AD17: =SUMPRODUCT(('İş Planı'!$C$5:$C$204<>"")*('İş Planı'!$L$5:$L$204<>"")*('İş Planı'!$L$5:$L$204<=AB17)*('İş Planı'!$N$5:$N$204="Tamamlandı")) | AK17: =IFERROR(INDEX(Listeler!$D$4:$D$43,SMALL($BD$4:$BD$43,22-ROW())),"") | AL17: =IF($AK17="","",COUNTIFS('İş Planı'!$D$5:$D$204,$AK17,'İş Planı'!$N$5:$N$204,"Planlanan")+COUNTIFS('İş Planı'!$E$5:$E$204,$AK17,'İş Planı'!$N$5:$N$204,"Planlanan")+COUNTIFS('İş Planı'!$F$5:$F$204,$AK17,'İş Planı'!$N$5:$N$204,"Planlanan")+COUNTIFS('İş Planı'!$D$5:$D$204,$AK17,'İş Planı'!$N$5:$N$204,"Devam Ediyor")+COUNTIFS('İş Planı'!$E$5:$E$204,$AK17,'İş Planı'!$N$5:$N$204,"Devam Ediyor")+COUNTIFS('İş Planı'!$F$5:$F$204,$AK17,'İş Planı'!$N$5:$N$204,"Devam Ediyor")) | AM17: =IF($AK17="","",COUNTIFS('İş Planı'!$D$5:$D$204,$AK17,'İş Planı'!$N$5:$N$204,"Gecikmiş")+COUNTIFS('İş Planı'!$E$5:$E$204,$AK17,'İş Planı'!$N$5:$N$204,"Gecikmiş")+COUNTIFS('İş Planı'!$F$5:$F$204,$AK17,'İş Planı'!$N$5:$N$204,"Gecikmiş")) | BB17: =IF(Listeler!$B17="","",IF(COUNTIF('İş Planı'!$B$5:$B$204,Listeler!$B17)=0,"",ROW()-3)) | BD17: =IF(Listeler!$D17="","",IF(COUNTIF('İş Planı'!$D$5:$D$204,Listeler!$D17)+COUNTIF('İş Planı'!$E$5:$E$204,Listeler!$D17)+COUNTIF('İş Planı'!$F$5:$F$204,Listeler!$D17)=0,"",ROW()-3))
R18: =IF('İş Planı'!$C18="","",IF('İş Planı'!$N18="Tamamlandı",N('İş Planı'!$K18),MAX(N('İş Planı'!$K18),IF(AND('İş Planı'!$I18<>"",'İş Planı'!$I18<TODAY()),TODAY()-'İş Planı'!$I18,0)))+ROW()/1000000) | W18: =IFERROR(INDEX(Listeler!$B$4:$B$43,SMALL($BB$4:$BB$43,22-ROW())),"") | X18: =IF($W18="","",COUNTIFS('İş Planı'!$B$5:$B$204,$W18,'İş Planı'!$N$5:$N$204,"Tamamlandı")) | Y18: =IF($W18="","",COUNTIFS('İş Planı'!$B$5:$B$204,$W18,'İş Planı'!$N$5:$N$204,"Devam Ediyor")) | Z18: =IF($W18="","",COUNTIFS('İş Planı'!$B$5:$B$204,$W18,'İş Planı'!$N$5:$N$204,"Gecikmiş")) | AB18: 46141 | AC18: =SUMPRODUCT(('İş Planı'!$C$5:$C$204<>"")*('İş Planı'!$L$5:$L$204<>"")*('İş Planı'!$L$5:$L$204<=AB18)) | AD18: =SUMPRODUCT(('İş Planı'!$C$5:$C$204<>"")*('İş Planı'!$L$5:$L$204<>"")*('İş Planı'!$L$5:$L$204<=AB18)*('İş Planı'!$N$5:$N$204="Tamamlandı")) | AK18: =IFERROR(INDEX(Listeler!$D$4:$D$43,SMALL($BD$4:$BD$43,22-ROW())),"") | AL18: =IF($AK18="","",COUNTIFS('İş Planı'!$D$5:$D$204,$AK18,'İş Planı'!$N$5:$N$204,"Planlanan")+COUNTIFS('İş Planı'!$E$5:$E$204,$AK18,'İş Planı'!$N$5:$N$204,"Planlanan")+COUNTIFS('İş Planı'!$F$5:$F$204,$AK18,'İş Planı'!$N$5:$N$204,"Planlanan")+COUNTIFS('İş Planı'!$D$5:$D$204,$AK18,'İş Planı'!$N$5:$N$204,"Devam Ediyor")+COUNTIFS('İş Planı'!$E$5:$E$204,$AK18,'İş Planı'!$N$5:$N$204,"Devam Ediyor")+COUNTIFS('İş Planı'!$F$5:$F$204,$AK18,'İş Planı'!$N$5:$N$204,"Devam Ediyor")) | AM18: =IF($AK18="","",COUNTIFS('İş Planı'!$D$5:$D$204,$AK18,'İş Planı'!$N$5:$N$204,"Gecikmiş")+COUNTIFS('İş Planı'!$E$5:$E$204,$AK18,'İş Planı'!$N$5:$N$204,"Gecikmiş")+COUNTIFS('İş Planı'!$F$5:$F$204,$AK18,'İş Planı'!$N$5:$N$204,"Gecikmiş")) | BB18: =IF(Listeler!$B18="","",IF(COUNTIF('İş Planı'!$B$5:$B$204,Listeler!$B18)=0,"",ROW()-3)) | BD18: =IF(Listeler!$D18="","",IF(COUNTIF('İş Planı'!$D$5:$D$204,Listeler!$D18)+COUNTIF('İş Planı'!$E$5:$E$204,Listeler!$D18)+COUNTIF('İş Planı'!$F$5:$F$204,Listeler!$D18)=0,"",ROW()-3))
R19: =IF('İş Planı'!$C19="","",IF('İş Planı'!$N19="Tamamlandı",N('İş Planı'!$K19),MAX(N('İş Planı'!$K19),IF(AND('İş Planı'!$I19<>"",'İş Planı'!$I19<TODAY()),TODAY()-'İş Planı'!$I19,0)))+ROW()/1000000) | W19: =IFERROR(INDEX(Listeler!$B$4:$B$43,SMALL($BB$4:$BB$43,22-ROW())),"") | X19: =IF($W19="","",COUNTIFS('İş Planı'!$B$5:$B$204,$W19,'İş Planı'!$N$5:$N$204,"Tamamlandı")) | Y19: =IF($W19="","",COUNTIFS('İş Planı'!$B$5:$B$204,$W19,'İş Planı'!$N$5:$N$204,"Devam Ediyor")) | Z19: =IF($W19="","",COUNTIFS('İş Planı'!$B$5:$B$204,$W19,'İş Planı'!$N$5:$N$204,"Gecikmiş")) | AB19: 46148 | AC19: =SUMPRODUCT(('İş Planı'!$C$5:$C$204<>"")*('İş Planı'!$L$5:$L$204<>"")*('İş Planı'!$L$5:$L$204<=AB19)) | AD19: =SUMPRODUCT(('İş Planı'!$C$5:$C$204<>"")*('İş Planı'!$L$5:$L$204<>"")*('İş Planı'!$L$5:$L$204<=AB19)*('İş Planı'!$N$5:$N$204="Tamamlandı")) | AK19: =IFERROR(INDEX(Listeler!$D$4:$D$43,SMALL($BD$4:$BD$43,22-ROW())),"") | AL19: =IF($AK19="","",COUNTIFS('İş Planı'!$D$5:$D$204,$AK19,'İş Planı'!$N$5:$N$204,"Planlanan")+COUNTIFS('İş Planı'!$E$5:$E$204,$AK19,'İş Planı'!$N$5:$N$204,"Planlanan")+COUNTIFS('İş Planı'!$F$5:$F$204,$AK19,'İş Planı'!$N$5:$N$204,"Planlanan")+COUNTIFS('İş Planı'!$D$5:$D$204,$AK19,'İş Planı'!$N$5:$N$204,"Devam Ediyor")+COUNTIFS('İş Planı'!$E$5:$E$204,$AK19,'İş Planı'!$N$5:$N$204,"Devam Ediyor")+COUNTIFS('İş Planı'!$F$5:$F$204,$AK19,'İş Planı'!$N$5:$N$204,"Devam Ediyor")) | AM19: =IF($AK19="","",COUNTIFS('İş Planı'!$D$5:$D$204,$AK19,'İş Planı'!$N$5:$N$204,"Gecikmiş")+COUNTIFS('İş Planı'!$E$5:$E$204,$AK19,'İş Planı'!$N$5:$N$204,"Gecikmiş")+COUNTIFS('İş Planı'!$F$5:$F$204,$AK19,'İş Planı'!$N$5:$N$204,"Gecikmiş")) | BB19: =IF(Listeler!$B19="","",IF(COUNTIF('İş Planı'!$B$5:$B$204,Listeler!$B19)=0,"",ROW()-3)) | BD19: =IF(Listeler!$D19="","",IF(COUNTIF('İş Planı'!$D$5:$D$204,Listeler!$D19)+COUNTIF('İş Planı'!$E$5:$E$204,Listeler!$D19)+COUNTIF('İş Planı'!$F$5:$F$204,Listeler!$D19)=0,"",ROW()-3))
R20: =IF('İş Planı'!$C20="","",IF('İş Planı'!$N20="Tamamlandı",N('İş Planı'!$K20),MAX(N('İş Planı'!$K20),IF(AND('İş Planı'!$I20<>"",'İş Planı'!$I20<TODAY()),TODAY()-'İş Planı'!$I20,0)))+ROW()/1000000) | W20: =IFERROR(INDEX(Listeler!$B$4:$B$43,SMALL($BB$4:$BB$43,22-ROW())),"") | X20: =IF($W20="","",COUNTIFS('İş Planı'!$B$5:$B$204,$W20,'İş Planı'!$N$5:$N$204,"Tamamlandı")) | Y20: =IF($W20="","",COUNTIFS('İş Planı'!$B$5:$B$204,$W20,'İş Planı'!$N$5:$N$204,"Devam Ediyor")) | Z20: =IF($W20="","",COUNTIFS('İş Planı'!$B$5:$B$204,$W20,'İş Planı'!$N$5:$N$204,"Gecikmiş")) | AB20: 46155 | AC20: =SUMPRODUCT(('İş Planı'!$C$5:$C$204<>"")*('İş Planı'!$L$5:$L$204<>"")*('İş Planı'!$L$5:$L$204<=AB20)) | AD20: =SUMPRODUCT(('İş Planı'!$C$5:$C$204<>"")*('İş Planı'!$L$5:$L$204<>"")*('İş Planı'!$L$5:$L$204<=AB20)*('İş Planı'!$N$5:$N$204="Tamamlandı")) | AK20: =IFERROR(INDEX(Listeler!$D$4:$D$43,SMALL($BD$4:$BD$43,22-ROW())),"") | AL20: =IF($AK20="","",COUNTIFS('İş Planı'!$D$5:$D$204,$AK20,'İş Planı'!$N$5:$N$204,"Planlanan")+COUNTIFS('İş Planı'!$E$5:$E$204,$AK20,'İş Planı'!$N$5:$N$204,"Planlanan")+COUNTIFS('İş Planı'!$F$5:$F$204,$AK20,'İş Planı'!$N$5:$N$204,"Planlanan")+COUNTIFS('İş Planı'!$D$5:$D$204,$AK20,'İş Planı'!$N$5:$N$204,"Devam Ediyor")+COUNTIFS('İş Planı'!$E$5:$E$204,$AK20,'İş Planı'!$N$5:$N$204,"Devam Ediyor")+COUNTIFS('İş Planı'!$F$5:$F$204,$AK20,'İş Planı'!$N$5:$N$204,"Devam Ediyor")) | AM20: =IF($AK20="","",COUNTIFS('İş Planı'!$D$5:$D$204,$AK20,'İş Planı'!$N$5:$N$204,"Gecikmiş")+COUNTIFS('İş Planı'!$E$5:$E$204,$AK20,'İş Planı'!$N$5:$N$204,"Gecikmiş")+COUNTIFS('İş Planı'!$F$5:$F$204,$AK20,'İş Planı'!$N$5:$N$204,"Gecikmiş")) | BB20: =IF(Listeler!$B20="","",IF(COUNTIF('İş Planı'!$B$5:$B$204,Listeler!$B20)=0,"",ROW()-3)) | BD20: =IF(Listeler!$D20="","",IF(COUNTIF('İş Planı'!$D$5:$D$204,Listeler!$D20)+COUNTIF('İş Planı'!$E$5:$E$204,Listeler!$D20)+COUNTIF('İş Planı'!$F$5:$F$204,Listeler!$D20)=0,"",ROW()-3))
R21: =IF('İş Planı'!$C21="","",IF('İş Planı'!$N21="Tamamlandı",N('İş Planı'!$K21),MAX(N('İş Planı'!$K21),IF(AND('İş Planı'!$I21<>"",'İş Planı'!$I21<TODAY()),TODAY()-'İş Planı'!$I21,0)))+ROW()/1000000) | W21: =IFERROR(INDEX(Listeler!$B$4:$B$43,SMALL($BB$4:$BB$43,22-ROW())),"") | X21: =IF($W21="","",COUNTIFS('İş Planı'!$B$5:$B$204,$W21,'İş Planı'!$N$5:$N$204,"Tamamlandı")) | Y21: =IF($W21="","",COUNTIFS('İş Planı'!$B$5:$B$204,$W21,'İş Planı'!$N$5:$N$204,"Devam Ediyor")) | Z21: =IF($W21="","",COUNTIFS('İş Planı'!$B$5:$B$204,$W21,'İş Planı'!$N$5:$N$204,"Gecikmiş")) | AB21: 46162 | AC21: =SUMPRODUCT(('İş Planı'!$C$5:$C$204<>"")*('İş Planı'!$L$5:$L$204<>"")*('İş Planı'!$L$5:$L$204<=AB21)) | AD21: =SUMPRODUCT(('İş Planı'!$C$5:$C$204<>"")*('İş Planı'!$L$5:$L$204<>"")*('İş Planı'!$L$5:$L$204<=AB21)*('İş Planı'!$N$5:$N$204="Tamamlandı")) | AK21: =IFERROR(INDEX(Listeler!$D$4:$D$43,SMALL($BD$4:$BD$43,22-ROW())),"") | AL21: =IF($AK21="","",COUNTIFS('İş Planı'!$D$5:$D$204,$AK21,'İş Planı'!$N$5:$N$204,"Planlanan")+COUNTIFS('İş Planı'!$E$5:$E$204,$AK21,'İş Planı'!$N$5:$N$204,"Planlanan")+COUNTIFS('İş Planı'!$F$5:$F$204,$AK21,'İş Planı'!$N$5:$N$204,"Planlanan")+COUNTIFS('İş Planı'!$D$5:$D$204,$AK21,'İş Planı'!$N$5:$N$204,"Devam Ediyor")+COUNTIFS('İş Planı'!$E$5:$E$204,$AK21,'İş Planı'!$N$5:$N$204,"Devam Ediyor")+COUNTIFS('İş Planı'!$F$5:$F$204,$AK21,'İş Planı'!$N$5:$N$204,"Devam Ediyor")) | AM21: =IF($AK21="","",COUNTIFS('İş Planı'!$D$5:$D$204,$AK21,'İş Planı'!$N$5:$N$204,"Gecikmiş")+COUNTIFS('İş Planı'!$E$5:$E$204,$AK21,'İş Planı'!$N$5:$N$204,"Gecikmiş")+COUNTIFS('İş Planı'!$F$5:$F$204,$AK21,'İş Planı'!$N$5:$N$204,"Gecikmiş")) | BB21: =IF(Listeler!$B21="","",IF(COUNTIF('İş Planı'!$B$5:$B$204,Listeler!$B21)=0,"",ROW()-3)) | BD21: =IF(Listeler!$D21="","",IF(COUNTIF('İş Planı'!$D$5:$D$204,Listeler!$D21)+COUNTIF('İş Planı'!$E$5:$E$204,Listeler!$D21)+COUNTIF('İş Planı'!$F$5:$F$204,Listeler!$D21)=0,"",ROW()-3))
R22: =IF('İş Planı'!$C22="","",IF('İş Planı'!$N22="Tamamlandı",N('İş Planı'!$K22),MAX(N('İş Planı'!$K22),IF(AND('İş Planı'!$I22<>"",'İş Planı'!$I22<TODAY()),TODAY()-'İş Planı'!$I22,0)))+ROW()/1000000) | AB22: 46169 | AC22: =SUMPRODUCT(('İş Planı'!$C$5:$C$204<>"")*('İş Planı'!$L$5:$L$204<>"")*('İş Planı'!$L$5:$L$204<=AB22)) | AD22: =SUMPRODUCT(('İş Planı'!$C$5:$C$204<>"")*('İş Planı'!$L$5:$L$204<>"")*('İş Planı'!$L$5:$L$204<=AB22)*('İş Planı'!$N$5:$N$204="Tamamlandı")) | BB22: =IF(Listeler!$B22="","",IF(COUNTIF('İş Planı'!$B$5:$B$204,Listeler!$B22)=0,"",ROW()-3)) | BD22: =IF(Listeler!$D22="","",IF(COUNTIF('İş Planı'!$D$5:$D$204,Listeler!$D22)+COUNTIF('İş Planı'!$E$5:$E$204,Listeler!$D22)+COUNTIF('İş Planı'!$F$5:$F$204,Listeler!$D22)=0,"",ROW()-3))
R23: =IF('İş Planı'!$C23="","",IF('İş Planı'!$N23="Tamamlandı",N('İş Planı'!$K23),MAX(N('İş Planı'!$K23),IF(AND('İş Planı'!$I23<>"",'İş Planı'!$I23<TODAY()),TODAY()-'İş Planı'!$I23,0)))+ROW()/1000000) | AB23: 46176 | AC23: =SUMPRODUCT(('İş Planı'!$C$5:$C$204<>"")*('İş Planı'!$L$5:$L$204<>"")*('İş Planı'!$L$5:$L$204<=AB23)) | AD23: =SUMPRODUCT(('İş Planı'!$C$5:$C$204<>"")*('İş Planı'!$L$5:$L$204<>"")*('İş Planı'!$L$5:$L$204<=AB23)*('İş Planı'!$N$5:$N$204="Tamamlandı")) | BB23: =IF(Listeler!$B23="","",IF(COUNTIF('İş Planı'!$B$5:$B$204,Listeler!$B23)=0,"",ROW()-3)) | BD23: =IF(Listeler!$D23="","",IF(COUNTIF('İş Planı'!$D$5:$D$204,Listeler!$D23)+COUNTIF('İş Planı'!$E$5:$E$204,Listeler!$D23)+COUNTIF('İş Planı'!$F$5:$F$204,Listeler!$D23)=0,"",ROW()-3))
R24: =IF('İş Planı'!$C24="","",IF('İş Planı'!$N24="Tamamlandı",N('İş Planı'!$K24),MAX(N('İş Planı'!$K24),IF(AND('İş Planı'!$I24<>"",'İş Planı'!$I24<TODAY()),TODAY()-'İş Planı'!$I24,0)))+ROW()/1000000) | AB24: 46183 | AC24: =SUMPRODUCT(('İş Planı'!$C$5:$C$204<>"")*('İş Planı'!$L$5:$L$204<>"")*('İş Planı'!$L$5:$L$204<=AB24)) | AD24: =SUMPRODUCT(('İş Planı'!$C$5:$C$204<>"")*('İş Planı'!$L$5:$L$204<>"")*('İş Planı'!$L$5:$L$204<=AB24)*('İş Planı'!$N$5:$N$204="Tamamlandı")) | BB24: =IF(Listeler!$B24="","",IF(COUNTIF('İş Planı'!$B$5:$B$204,Listeler!$B24)=0,"",ROW()-3)) | BD24: =IF(Listeler!$D24="","",IF(COUNTIF('İş Planı'!$D$5:$D$204,Listeler!$D24)+COUNTIF('İş Planı'!$E$5:$E$204,Listeler!$D24)+COUNTIF('İş Planı'!$F$5:$F$204,Listeler!$D24)=0,"",ROW()-3))
R25: =IF('İş Planı'!$C25="","",IF('İş Planı'!$N25="Tamamlandı",N('İş Planı'!$K25),MAX(N('İş Planı'!$K25),IF(AND('İş Planı'!$I25<>"",'İş Planı'!$I25<TODAY()),TODAY()-'İş Planı'!$I25,0)))+ROW()/1000000) | AB25: 46190 | AC25: =SUMPRODUCT(('İş Planı'!$C$5:$C$204<>"")*('İş Planı'!$L$5:$L$204<>"")*('İş Planı'!$L$5:$L$204<=AB25)) | AD25: =SUMPRODUCT(('İş Planı'!$C$5:$C$204<>"")*('İş Planı'!$L$5:$L$204<>"")*('İş Planı'!$L$5:$L$204<=AB25)*('İş Planı'!$N$5:$N$204="Tamamlandı")) | BB25: =IF(Listeler!$B25="","",IF(COUNTIF('İş Planı'!$B$5:$B$204,Listeler!$B25)=0,"",ROW()-3)) | BD25: =IF(Listeler!$D25="","",IF(COUNTIF('İş Planı'!$D$5:$D$204,Listeler!$D25)+COUNTIF('İş Planı'!$E$5:$E$204,Listeler!$D25)+COUNTIF('İş Planı'!$F$5:$F$204,Listeler!$D25)=0,"",ROW()-3))
R26: =IF('İş Planı'!$C26="","",IF('İş Planı'!$N26="Tamamlandı",N('İş Planı'!$K26),MAX(N('İş Planı'!$K26),IF(AND('İş Planı'!$I26<>"",'İş Planı'!$I26<TODAY()),TODAY()-'İş Planı'!$I26,0)))+ROW()/1000000) | AB26: 46197 | AC26: =SUMPRODUCT(('İş Planı'!$C$5:$C$204<>"")*('İş Planı'!$L$5:$L$204<>"")*('İş Planı'!$L$5:$L$204<=AB26)) | AD26: =SUMPRODUCT(('İş Planı'!$C$5:$C$204<>"")*('İş Planı'!$L$5:$L$204<>"")*('İş Planı'!$L$5:$L$204<=AB26)*('İş Planı'!$N$5:$N$204="Tamamlandı")) | BB26: =IF(Listeler!$B26="","",IF(COUNTIF('İş Planı'!$B$5:$B$204,Listeler!$B26)=0,"",ROW()-3)) | BD26: =IF(Listeler!$D26="","",IF(COUNTIF('İş Planı'!$D$5:$D$204,Listeler!$D26)+COUNTIF('İş Planı'!$E$5:$E$204,Listeler!$D26)+COUNTIF('İş Planı'!$F$5:$F$204,Listeler!$D26)=0,"",ROW()-3))
R27: =IF('İş Planı'!$C27="","",IF('İş Planı'!$N27="Tamamlandı",N('İş Planı'!$K27),MAX(N('İş Planı'!$K27),IF(AND('İş Planı'!$I27<>"",'İş Planı'!$I27<TODAY()),TODAY()-'İş Planı'!$I27,0)))+ROW()/1000000) | AB27: 46204 | AC27: =SUMPRODUCT(('İş Planı'!$C$5:$C$204<>"")*('İş Planı'!$L$5:$L$204<>"")*('İş Planı'!$L$5:$L$204<=AB27)) | AD27: =SUMPRODUCT(('İş Planı'!$C$5:$C$204<>"")*('İş Planı'!$L$5:$L$204<>"")*('İş Planı'!$L$5:$L$204<=AB27)*('İş Planı'!$N$5:$N$204="Tamamlandı")) | BB27: =IF(Listeler!$B27="","",IF(COUNTIF('İş Planı'!$B$5:$B$204,Listeler!$B27)=0,"",ROW()-3)) | BD27: =IF(Listeler!$D27="","",IF(COUNTIF('İş Planı'!$D$5:$D$204,Listeler!$D27)+COUNTIF('İş Planı'!$E$5:$E$204,Listeler!$D27)+COUNTIF('İş Planı'!$F$5:$F$204,Listeler!$D27)=0,"",ROW()-3))
R28: =IF('İş Planı'!$C28="","",IF('İş Planı'!$N28="Tamamlandı",N('İş Planı'!$K28),MAX(N('İş Planı'!$K28),IF(AND('İş Planı'!$I28<>"",'İş Planı'!$I28<TODAY()),TODAY()-'İş Planı'!$I28,0)))+ROW()/1000000) | AB28: 46211 | AC28: =SUMPRODUCT(('İş Planı'!$C$5:$C$204<>"")*('İş Planı'!$L$5:$L$204<>"")*('İş Planı'!$L$5:$L$204<=AB28)) | AD28: =SUMPRODUCT(('İş Planı'!$C$5:$C$204<>"")*('İş Planı'!$L$5:$L$204<>"")*('İş Planı'!$L$5:$L$204<=AB28)*('İş Planı'!$N$5:$N$204="Tamamlandı")) | BB28: =IF(Listeler!$B28="","",IF(COUNTIF('İş Planı'!$B$5:$B$204,Listeler!$B28)=0,"",ROW()-3)) | BD28: =IF(Listeler!$D28="","",IF(COUNTIF('İş Planı'!$D$5:$D$204,Listeler!$D28)+COUNTIF('İş Planı'!$E$5:$E$204,Listeler!$D28)+COUNTIF('İş Planı'!$F$5:$F$204,Listeler!$D28)=0,"",ROW()-3))
R29: =IF('İş Planı'!$C29="","",IF('İş Planı'!$N29="Tamamlandı",N('İş Planı'!$K29),MAX(N('İş Planı'!$K29),IF(AND('İş Planı'!$I29<>"",'İş Planı'!$I29<TODAY()),TODAY()-'İş Planı'!$I29,0)))+ROW()/1000000) | AB29: 46218 | AC29: =SUMPRODUCT(('İş Planı'!$C$5:$C$204<>"")*('İş Planı'!$L$5:$L$204<>"")*('İş Planı'!$L$5:$L$204<=AB29)) | AD29: =SUMPRODUCT(('İş Planı'!$C$5:$C$204<>"")*('İş Planı'!$L$5:$L$204<>"")*('İş Planı'!$L$5:$L$204<=AB29)*('İş Planı'!$N$5:$N$204="Tamamlandı")) | BB29: =IF(Listeler!$B29="","",IF(COUNTIF('İş Planı'!$B$5:$B$204,Listeler!$B29)=0,"",ROW()-3)) | BD29: =IF(Listeler!$D29="","",IF(COUNTIF('İş Planı'!$D$5:$D$204,Listeler!$D29)+COUNTIF('İş Planı'!$E$5:$E$204,Listeler!$D29)+COUNTIF('İş Planı'!$F$5:$F$204,Listeler!$D29)=0,"",ROW()-3))
R30: =IF('İş Planı'!$C30="","",IF('İş Planı'!$N30="Tamamlandı",N('İş Planı'!$K30),MAX(N('İş Planı'!$K30),IF(AND('İş Planı'!$I30<>"",'İş Planı'!$I30<TODAY()),TODAY()-'İş Planı'!$I30,0)))+ROW()/1000000) | AB30: 46225 | AC30: =SUMPRODUCT(('İş Planı'!$C$5:$C$204<>"")*('İş Planı'!$L$5:$L$204<>"")*('İş Planı'!$L$5:$L$204<=AB30)) | AD30: =SUMPRODUCT(('İş Planı'!$C$5:$C$204<>"")*('İş Planı'!$L$5:$L$204<>"")*('İş Planı'!$L$5:$L$204<=AB30)*('İş Planı'!$N$5:$N$204="Tamamlandı")) | BB30: =IF(Listeler!$B30="","",IF(COUNTIF('İş Planı'!$B$5:$B$204,Listeler!$B30)=0,"",ROW()-3)) | BD30: =IF(Listeler!$D30="","",IF(COUNTIF('İş Planı'!$D$5:$D$204,Listeler!$D30)+COUNTIF('İş Planı'!$E$5:$E$204,Listeler!$D30)+COUNTIF('İş Planı'!$F$5:$F$204,Listeler!$D30)=0,"",ROW()-3))
R31: =IF('İş Planı'!$C31="","",IF('İş Planı'!$N31="Tamamlandı",N('İş Planı'!$K31),MAX(N('İş Planı'!$K31),IF(AND('İş Planı'!$I31<>"",'İş Planı'!$I31<TODAY()),TODAY()-'İş Planı'!$I31,0)))+ROW()/1000000) | AB31: 46232 | AC31: =SUMPRODUCT(('İş Planı'!$C$5:$C$204<>"")*('İş Planı'!$L$5:$L$204<>"")*('İş Planı'!$L$5:$L$204<=AB31)) | AD31: =SUMPRODUCT(('İş Planı'!$C$5:$C$204<>"")*('İş Planı'!$L$5:$L$204<>"")*('İş Planı'!$L$5:$L$204<=AB31)*('İş Planı'!$N$5:$N$204="Tamamlandı")) | BB31: =IF(Listeler!$B31="","",IF(COUNTIF('İş Planı'!$B$5:$B$204,Listeler!$B31)=0,"",ROW()-3)) | BD31: =IF(Listeler!$D31="","",IF(COUNTIF('İş Planı'!$D$5:$D$204,Listeler!$D31)+COUNTIF('İş Planı'!$E$5:$E$204,Listeler!$D31)+COUNTIF('İş Planı'!$F$5:$F$204,Listeler!$D31)=0,"",ROW()-3))
R32: =IF('İş Planı'!$C32="","",IF('İş Planı'!$N32="Tamamlandı",N('İş Planı'!$K32),MAX(N('İş Planı'!$K32),IF(AND('İş Planı'!$I32<>"",'İş Planı'!$I32<TODAY()),TODAY()-'İş Planı'!$I32,0)))+ROW()/1000000) | AB32: 46239 | AC32: =SUMPRODUCT(('İş Planı'!$C$5:$C$204<>"")*('İş Planı'!$L$5:$L$204<>"")*('İş Planı'!$L$5:$L$204<=AB32)) | AD32: =SUMPRODUCT(('İş Planı'!$C$5:$C$204<>"")*('İş Planı'!$L$5:$L$204<>"")*('İş Planı'!$L$5:$L$204<=AB32)*('İş Planı'!$N$5:$N$204="Tamamlandı")) | BB32: =IF(Listeler!$B32="","",IF(COUNTIF('İş Planı'!$B$5:$B$204,Listeler!$B32)=0,"",ROW()-3)) | BD32: =IF(Listeler!$D32="","",IF(COUNTIF('İş Planı'!$D$5:$D$204,Listeler!$D32)+COUNTIF('İş Planı'!$E$5:$E$204,Listeler!$D32)+COUNTIF('İş Planı'!$F$5:$F$204,Listeler!$D32)=0,"",ROW()-3))
R33: =IF('İş Planı'!$C33="","",IF('İş Planı'!$N33="Tamamlandı",N('İş Planı'!$K33),MAX(N('İş Planı'!$K33),IF(AND('İş Planı'!$I33<>"",'İş Planı'!$I33<TODAY()),TODAY()-'İş Planı'!$I33,0)))+ROW()/1000000) | AB33: 46246 | AC33: =SUMPRODUCT(('İş Planı'!$C$5:$C$204<>"")*('İş Planı'!$L$5:$L$204<>"")*('İş Planı'!$L$5:$L$204<=AB33)) | AD33: =SUMPRODUCT(('İş Planı'!$C$5:$C$204<>"")*('İş Planı'!$L$5:$L$204<>"")*('İş Planı'!$L$5:$L$204<=AB33)*('İş Planı'!$N$5:$N$204="Tamamlandı")) | BB33: =IF(Listeler!$B33="","",IF(COUNTIF('İş Planı'!$B$5:$B$204,Listeler!$B33)=0,"",ROW()-3)) | BD33: =IF(Listeler!$D33="","",IF(COUNTIF('İş Planı'!$D$5:$D$204,Listeler!$D33)+COUNTIF('İş Planı'!$E$5:$E$204,Listeler!$D33)+COUNTIF('İş Planı'!$F$5:$F$204,Listeler!$D33)=0,"",ROW()-3))
... R43: =IF('İş Planı'!$C43="","",IF('İş Planı'!$N43="Tamamlandı",N('İş Planı'!$K43),MAX(N('İş Planı'!$K43),IF(AND('İş Planı'!$I43<>"",'İş Planı'!$I43<TODAY()),TODAY()-'İş Planı'!$I43,0)))+ROW()/1000000) | AB43: 46316 | AC43: =SUMPRODUCT(('İş Planı'!$C$5:$C$204<>"")*('İş Planı'!$L$5:$L$204<>"")*('İş Planı'!$L$5:$L$204<=AB43)) | AD43: =SUMPRODUCT(('İş Planı'!$C$5:$C$204<>"")*('İş Planı'!$L$5:$L$204<>"")*('İş Planı'!$L$5:$L$204<=AB43)*('İş Planı'!$N$5:$N$204="Tamamlandı")) | BB43: =IF(Listeler!$B43="","",IF(COUNTIF('İş Planı'!$B$5:$B$204,Listeler!$B43)=0,"",ROW()-3)) | BD43: =IF(Listeler!$D43="","",IF(COUNTIF('İş Planı'!$D$5:$D$204,Listeler!$D43)+COUNTIF('İş Planı'!$E$5:$E$204,Listeler!$D43)+COUNTIF('İş Planı'!$F$5:$F$204,Listeler!$D43)=0,"",ROW()-3))
R44: =IF('İş Planı'!$C44="","",IF('İş Planı'!$N44="Tamamlandı",N('İş Planı'!$K44),MAX(N('İş Planı'!$K44),IF(AND('İş Planı'!$I44<>"",'İş Planı'!$I44<TODAY()),TODAY()-'İş Planı'!$I44,0)))+ROW()/1000000) | AB44: 46323 | AC44: =SUMPRODUCT(('İş Planı'!$C$5:$C$204<>"")*('İş Planı'!$L$5:$L$204<>"")*('İş Planı'!$L$5:$L$204<=AB44)) | AD44: =SUMPRODUCT(('İş Planı'!$C$5:$C$204<>"")*('İş Planı'!$L$5:$L$204<>"")*('İş Planı'!$L$5:$L$204<=AB44)*('İş Planı'!$N$5:$N$204="Tamamlandı"))
R45: =IF('İş Planı'!$C45="","",IF('İş Planı'!$N45="Tamamlandı",N('İş Planı'!$K45),MAX(N('İş Planı'!$K45),IF(AND('İş Planı'!$I45<>"",'İş Planı'!$I45<TODAY()),TODAY()-'İş Planı'!$I45,0)))+ROW()/1000000) | AB45: 46330 | AC45: =SUMPRODUCT(('İş Planı'!$C$5:$C$204<>"")*('İş Planı'!$L$5:$L$204<>"")*('İş Planı'!$L$5:$L$204<=AB45)) | AD45: =SUMPRODUCT(('İş Planı'!$C$5:$C$204<>"")*('İş Planı'!$L$5:$L$204<>"")*('İş Planı'!$L$5:$L$204<=AB45)*('İş Planı'!$N$5:$N$204="Tamamlandı"))
R46: =IF('İş Planı'!$C46="","",IF('İş Planı'!$N46="Tamamlandı",N('İş Planı'!$K46),MAX(N('İş Planı'!$K46),IF(AND('İş Planı'!$I46<>"",'İş Planı'!$I46<TODAY()),TODAY()-'İş Planı'!$I46,0)))+ROW()/1000000) | AB46: 46337 | AC46: =SUMPRODUCT(('İş Planı'!$C$5:$C$204<>"")*('İş Planı'!$L$5:$L$204<>"")*('İş Planı'!$L$5:$L$204<=AB46)) | AD46: =SUMPRODUCT(('İş Planı'!$C$5:$C$204<>"")*('İş Planı'!$L$5:$L$204<>"")*('İş Planı'!$L$5:$L$204<=AB46)*('İş Planı'!$N$5:$N$204="Tamamlandı"))
R47: =IF('İş Planı'!$C47="","",IF('İş Planı'!$N47="Tamamlandı",N('İş Planı'!$K47),MAX(N('İş Planı'!$K47),IF(AND('İş Planı'!$I47<>"",'İş Planı'!$I47<TODAY()),TODAY()-'İş Planı'!$I47,0)))+ROW()/1000000) | AB47: 46344 | AC47: =SUMPRODUCT(('İş Planı'!$C$5:$C$204<>"")*('İş Planı'!$L$5:$L$204<>"")*('İş Planı'!$L$5:$L$204<=AB47)) | AD47: =SUMPRODUCT(('İş Planı'!$C$5:$C$204<>"")*('İş Planı'!$L$5:$L$204<>"")*('İş Planı'!$L$5:$L$204<=AB47)*('İş Planı'!$N$5:$N$204="Tamamlandı"))
R48: =IF('İş Planı'!$C48="","",IF('İş Planı'!$N48="Tamamlandı",N('İş Planı'!$K48),MAX(N('İş Planı'!$K48),IF(AND('İş Planı'!$I48<>"",'İş Planı'!$I48<TODAY()),TODAY()-'İş Planı'!$I48,0)))+ROW()/1000000) | AB48: 46351 | AC48: =SUMPRODUCT(('İş Planı'!$C$5:$C$204<>"")*('İş Planı'!$L$5:$L$204<>"")*('İş Planı'!$L$5:$L$204<=AB48)) | AD48: =SUMPRODUCT(('İş Planı'!$C$5:$C$204<>"")*('İş Planı'!$L$5:$L$204<>"")*('İş Planı'!$L$5:$L$204<=AB48)*('İş Planı'!$N$5:$N$204="Tamamlandı"))
R49: =IF('İş Planı'!$C49="","",IF('İş Planı'!$N49="Tamamlandı",N('İş Planı'!$K49),MAX(N('İş Planı'!$K49),IF(AND('İş Planı'!$I49<>"",'İş Planı'!$I49<TODAY()),TODAY()-'İş Planı'!$I49,0)))+ROW()/1000000) | AB49: 46358 | AC49: =SUMPRODUCT(('İş Planı'!$C$5:$C$204<>"")*('İş Planı'!$L$5:$L$204<>"")*('İş Planı'!$L$5:$L$204<=AB49)) | AD49: =SUMPRODUCT(('İş Planı'!$C$5:$C$204<>"")*('İş Planı'!$L$5:$L$204<>"")*('İş Planı'!$L$5:$L$204<=AB49)*('İş Planı'!$N$5:$N$204="Tamamlandı"))
R50: =IF('İş Planı'!$C50="","",IF('İş Planı'!$N50="Tamamlandı",N('İş Planı'!$K50),MAX(N('İş Planı'!$K50),IF(AND('İş Planı'!$I50<>"",'İş Planı'!$I50<TODAY()),TODAY()-'İş Planı'!$I50,0)))+ROW()/1000000) | AB50: 46365 | AC50: =SUMPRODUCT(('İş Planı'!$C$5:$C$204<>"")*('İş Planı'!$L$5:$L$204<>"")*('İş Planı'!$L$5:$L$204<=AB50)) | AD50: =SUMPRODUCT(('İş Planı'!$C$5:$C$204<>"")*('İş Planı'!$L$5:$L$204<>"")*('İş Planı'!$L$5:$L$204<=AB50)*('İş Planı'!$N$5:$N$204="Tamamlandı"))
R51: =IF('İş Planı'!$C51="","",IF('İş Planı'!$N51="Tamamlandı",N('İş Planı'!$K51),MAX(N('İş Planı'!$K51),IF(AND('İş Planı'!$I51<>"",'İş Planı'!$I51<TODAY()),TODAY()-'İş Planı'!$I51,0)))+ROW()/1000000) | AB51: 46372 | AC51: =SUMPRODUCT(('İş Planı'!$C$5:$C$204<>"")*('İş Planı'!$L$5:$L$204<>"")*('İş Planı'!$L$5:$L$204<=AB51)) | AD51: =SUMPRODUCT(('İş Planı'!$C$5:$C$204<>"")*('İş Planı'!$L$5:$L$204<>"")*('İş Planı'!$L$5:$L$204<=AB51)*('İş Planı'!$N$5:$N$204="Tamamlandı"))
R52: =IF('İş Planı'!$C52="","",IF('İş Planı'!$N52="Tamamlandı",N('İş Planı'!$K52),MAX(N('İş Planı'!$K52),IF(AND('İş Planı'!$I52<>"",'İş Planı'!$I52<TODAY()),TODAY()-'İş Planı'!$I52,0)))+ROW()/1000000) | AB52: 46379 | AC52: =SUMPRODUCT(('İş Planı'!$C$5:$C$204<>"")*('İş Planı'!$L$5:$L$204<>"")*('İş Planı'!$L$5:$L$204<=AB52)) | AD52: =SUMPRODUCT(('İş Planı'!$C$5:$C$204<>"")*('İş Planı'!$L$5:$L$204<>"")*('İş Planı'!$L$5:$L$204<=AB52)*('İş Planı'!$N$5:$N$204="Tamamlandı"))
R53: =IF('İş Planı'!$C53="","",IF('İş Planı'!$N53="Tamamlandı",N('İş Planı'!$K53),MAX(N('İş Planı'!$K53),IF(AND('İş Planı'!$I53<>"",'İş Planı'!$I53<TODAY()),TODAY()-'İş Planı'!$I53,0)))+ROW()/1000000) | AB53: 46386 | AC53: =SUMPRODUCT(('İş Planı'!$C$5:$C$204<>"")*('İş Planı'!$L$5:$L$204<>"")*('İş Planı'!$L$5:$L$204<=AB53)) | AD53: =SUMPRODUCT(('İş Planı'!$C$5:$C$204<>"")*('İş Planı'!$L$5:$L$204<>"")*('İş Planı'!$L$5:$L$204<=AB53)*('İş Planı'!$N$5:$N$204="Tamamlandı"))
R54: =IF('İş Planı'!$C54="","",IF('İş Planı'!$N54="Tamamlandı",N('İş Planı'!$K54),MAX(N('İş Planı'!$K54),IF(AND('İş Planı'!$I54<>"",'İş Planı'!$I54<TODAY()),TODAY()-'İş Planı'!$I54,0)))+ROW()/1000000)
R55: =IF('İş Planı'!$C55="","",IF('İş Planı'!$N55="Tamamlandı",N('İş Planı'!$K55),MAX(N('İş Planı'!$K55),IF(AND('İş Planı'!$I55<>"",'İş Planı'!$I55<TODAY()),TODAY()-'İş Planı'!$I55,0)))+ROW()/1000000)
R56: =IF('İş Planı'!$C56="","",IF('İş Planı'!$N56="Tamamlandı",N('İş Planı'!$K56),MAX(N('İş Planı'!$K56),IF(AND('İş Planı'!$I56<>"",'İş Planı'!$I56<TODAY()),TODAY()-'İş Planı'!$I56,0)))+ROW()/1000000)
R57: =IF('İş Planı'!$C57="","",IF('İş Planı'!$N57="Tamamlandı",N('İş Planı'!$K57),MAX(N('İş Planı'!$K57),IF(AND('İş Planı'!$I57<>"",'İş Planı'!$I57<TODAY()),TODAY()-'İş Planı'!$I57,0)))+ROW()/1000000)
R58: =IF('İş Planı'!$C58="","",IF('İş Planı'!$N58="Tamamlandı",N('İş Planı'!$K58),MAX(N('İş Planı'!$K58),IF(AND('İş Planı'!$I58<>"",'İş Planı'!$I58<TODAY()),TODAY()-'İş Planı'!$I58,0)))+ROW()/1000000)
R59: =IF('İş Planı'!$C59="","",IF('İş Planı'!$N59="Tamamlandı",N('İş Planı'!$K59),MAX(N('İş Planı'!$K59),IF(AND('İş Planı'!$I59<>"",'İş Planı'!$I59<TODAY()),TODAY()-'İş Planı'!$I59,0)))+ROW()/1000000)
R60: =IF('İş Planı'!$C60="","",IF('İş Planı'!$N60="Tamamlandı",N('İş Planı'!$K60),MAX(N('İş Planı'!$K60),IF(AND('İş Planı'!$I60<>"",'İş Planı'!$I60<TODAY()),TODAY()-'İş Planı'!$I60,0)))+ROW()/1000000)
R61: =IF('İş Planı'!$C61="","",IF('İş Planı'!$N61="Tamamlandı",N('İş Planı'!$K61),MAX(N('İş Planı'!$K61),IF(AND('İş Planı'!$I61<>"",'İş Planı'!$I61<TODAY()),TODAY()-'İş Planı'!$I61,0)))+ROW()/1000000)
R62: =IF('İş Planı'!$C62="","",IF('İş Planı'!$N62="Tamamlandı",N('İş Planı'!$K62),MAX(N('İş Planı'!$K62),IF(AND('İş Planı'!$I62<>"",'İş Planı'!$I62<TODAY()),TODAY()-'İş Planı'!$I62,0)))+ROW()/1000000)
R63: =IF('İş Planı'!$C63="","",IF('İş Planı'!$N63="Tamamlandı",N('İş Planı'!$K63),MAX(N('İş Planı'!$K63),IF(AND('İş Planı'!$I63<>"",'İş Planı'!$I63<TODAY()),TODAY()-'İş Planı'!$I63,0)))+ROW()/1000000)
R64: =IF('İş Planı'!$C64="","",IF('İş Planı'!$N64="Tamamlandı",N('İş Planı'!$K64),MAX(N('İş Planı'!$K64),IF(AND('İş Planı'!$I64<>"",'İş Planı'!$I64<TODAY()),TODAY()-'İş Planı'!$I64,0)))+ROW()/1000000)
R65: =IF('İş Planı'!$C65="","",IF('İş Planı'!$N65="Tamamlandı",N('İş Planı'!$K65),MAX(N('İş Planı'!$K65),IF(AND('İş Planı'!$I65<>"",'İş Planı'!$I65<TODAY()),TODAY()-'İş Planı'!$I65,0)))+ROW()/1000000)
... R204: =IF('İş Planı'!$C204="","",IF('İş Planı'!$N204="Tamamlandı",N('İş Planı'!$K204),MAX(N('İş Planı'!$K204),IF(AND('İş Planı'!$I204<>"",'İş Planı'!$I204<TODAY()),TODAY()-'İş Planı'!$I204,0)))+ROW()/1000000)

Sheet İş Planı
A1: 2026 YILLIK İŞ PLANI | Düzenleyici Uyum ve Denetim Takip Tablosu
A3: Beyaz hücreler giriş alanıdır. Gri hücreler (No, Süre, Revize Bitiş, Durum, Uyarı) formüllüdür; elle değiştirmeyin. Durum, İlerleme % ve tarihlerden hesaplanır - bir işi kapatmak için İlerleme %'ye 100% yazın.
A4: No | B4: Grup | C4: İş Kalemi | D4: Sorumlu 1 | E4: Sorumlu 2 | F4: Sorumlu 3 | G4: Öncelik | H4: Başlangıç | I4: Bitiş | J4: Süre (Gün) | K4: Gecikme (Gün) | L4: Revize Bitiş | M4: İlerleme % | N4: Durum | O4: Gecikme Sebebi | P4: Karar / Not | Q4: Uyarı
A5: =IF($C5="","",ROW()-4) | B5: Yönetim Beyanı | C5: Madde 10 | D5: Örnek Soyad1 | H5: 46265 | I5: 46284 | J5: =IF(OR($H5="",$I5=""),"",$I5-$H5+1) | L5: =IF($I5="","",$I5+N($K5)) | M5: 0.15 | N5: =IF($C5="","",IF(N($M5)>=1,"Tamamlandı",IF(AND($I5<>"",$L5<TODAY()),"Gecikmiş",IF(OR(N($M5)>0,AND($H5<>"",$H5<=TODAY())),"Devam Ediyor","Planlanan")))) | Q5: =IF($C5="","",IF($N5="Tamamlandı","",IF($L5="","",IF($L5<TODAY(),"⚠ "&TEXT(TODAY()-$L5,"0")&" gün gecikme",IF($L5-TODAY()<=14,"● "&TEXT($L5-TODAY(),"0")&" gün kaldı","")))))
A6: =IF($C6="","",ROW()-4) | B6: Yönetim Beyanı | C6: Madde 11 | D6: Örnek Soyad2 | H6: 46265 | I6: 46284 | J6: =IF(OR($H6="",$I6=""),"",$I6-$H6+1) | L6: =IF($I6="","",$I6+N($K6)) | M6: 0.05 | N6: =IF($C6="","",IF(N($M6)>=1,"Tamamlandı",IF(AND($I6<>"",$L6<TODAY()),"Gecikmiş",IF(OR(N($M6)>0,AND($H6<>"",$H6<=TODAY())),"Devam Ediyor","Planlanan")))) | Q6: =IF($C6="","",IF($N6="Tamamlandı","",IF($L6="","",IF($L6<TODAY(),"⚠ "&TEXT(TODAY()-$L6,"0")&" gün gecikme",IF($L6-TODAY()<=14,"● "&TEXT($L6-TODAY(),"0")&" gün kaldı","")))))
A7: =IF($C7="","",ROW()-4) | B7: Yönetim Beyanı | C7: Madde 13 | D7: Örnek Soyad3 | H7: 46265 | I7: 46284 | J7: =IF(OR($H7="",$I7=""),"",$I7-$H7+1) | L7: =IF($I7="","",$I7+N($K7)) | M7: 0.05 | N7: =IF($C7="","",IF(N($M7)>=1,"Tamamlandı",IF(AND($I7<>"",$L7<TODAY()),"Gecikmiş",IF(OR(N($M7)>0,AND($H7<>"",$H7<=TODAY())),"Devam Ediyor","Planlanan")))) | Q7: =IF($C7="","",IF($N7="Tamamlandı","",IF($L7="","",IF($L7<TODAY(),"⚠ "&TEXT(TODAY()-$L7,"0")&" gün gecikme",IF($L7-TODAY()<=14,"● "&TEXT($L7-TODAY(),"0")&" gün kaldı","")))))
A8: =IF($C8="","",ROW()-4) | B8: Yönetim Beyanı | C8: Madde 14 | J8: =IF(OR($H8="",$I8=""),"",$I8-$H8+1) | L8: =IF($I8="","",$I8+N($K8)) | N8: =IF($C8="","",IF(N($M8)>=1,"Tamamlandı",IF(AND($I8<>"",$L8<TODAY()),"Gecikmiş",IF(OR(N($M8)>0,AND($H8<>"",$H8<=TODAY())),"Devam Ediyor","Planlanan")))) | Q8: =IF($C8="","",IF($N8="Tamamlandı","",IF($L8="","",IF($L8<TODAY(),"⚠ "&TEXT(TODAY()-$L8,"0")&" gün gecikme",IF($L8-TODAY()<=14,"● "&TEXT($L8-TODAY(),"0")&" gün kaldı","")))))
A9: =IF($C9="","",ROW()-4) | B9: Yönetim Beyanı | C9: Madde 15 | J9: =IF(OR($H9="",$I9=""),"",$I9-$H9+1) | L9: =IF($I9="","",$I9+N($K9)) | N9: =IF($C9="","",IF(N($M9)>=1,"Tamamlandı",IF(AND($I9<>"",$L9<TODAY()),"Gecikmiş",IF(OR(N($M9)>0,AND($H9<>"",$H9<=TODAY())),"Devam Ediyor","Planlanan")))) | Q9: =IF($C9="","",IF($N9="Tamamlandı","",IF($L9="","",IF($L9<TODAY(),"⚠ "&TEXT(TODAY()-$L9,"0")&" gün gecikme",IF($L9-TODAY()<=14,"● "&TEXT($L9-TODAY(),"0")&" gün kaldı","")))))
A10: =IF($C10="","",ROW()-4) | B10: Yönetim Beyanı | C10: Madde 16 | J10: =IF(OR($H10="",$I10=""),"",$I10-$H10+1) | L10: =IF($I10="","",$I10+N($K10)) | N10: =IF($C10="","",IF(N($M10)>=1,"Tamamlandı",IF(AND($I10<>"",$L10<TODAY()),"Gecikmiş",IF(OR(N($M10)>0,AND($H10<>"",$H10<=TODAY())),"Devam Ediyor","Planlanan")))) | Q10: =IF($C10="","",IF($N10="Tamamlandı","",IF($L10="","",IF($L10<TODAY(),"⚠ "&TEXT(TODAY()-$L10,"0")&" gün gecikme",IF($L10-TODAY()<=14,"● "&TEXT($L10-TODAY(),"0")&" gün kaldı","")))))
A11: =IF($C11="","",ROW()-4) | B11: Yönetim Beyanı | C11: Madde 17 | J11: =IF(OR($H11="",$I11=""),"",$I11-$H11+1) | L11: =IF($I11="","",$I11+N($K11)) | N11: =IF($C11="","",IF(N($M11)>=1,"Tamamlandı",IF(AND($I11<>"",$L11<TODAY()),"Gecikmiş",IF(OR(N($M11)>0,AND($H11<>"",$H11<=TODAY())),"Devam Ediyor","Planlanan")))) | Q11: =IF($C11="","",IF($N11="Tamamlandı","",IF($L11="","",IF($L11<TODAY(),"⚠ "&TEXT(TODAY()-$L11,"0")&" gün gecikme",IF($L11-TODAY()<=14,"● "&TEXT($L11-TODAY(),"0")&" gün kaldı","")))))
A12: =IF($C12="","",ROW()-4) | B12: Yönetim Beyanı | C12: Madde 21 | D12: Örnek Soyad1 | H12: 46265 | I12: 46284 | J12: =IF(OR($H12="",$I12=""),"",$I12-$H12+1) | L12: =IF($I12="","",$I12+N($K12)) | M12: 0.7 | N12: =IF($C12="","",IF(N($M12)>=1,"Tamamlandı",IF(AND($I12<>"",$L12<TODAY()),"Gecikmiş",IF(OR(N($M12)>0,AND($H12<>"",$H12<=TODAY())),"Devam Ediyor","Planlanan")))) | Q12: =IF($C12="","",IF($N12="Tamamlandı","",IF($L12="","",IF($L12<TODAY(),"⚠ "&TEXT(TODAY()-$L12,"0")&" gün gecikme",IF($L12-TODAY()<=14,"● "&TEXT($L12-TODAY(),"0")&" gün kaldı","")))))
A13: =IF($C13="","",ROW()-4) | B13: Yönetim Beyanı | C13: Madde 22 | J13: =IF(OR($H13="",$I13=""),"",$I13-$H13+1) | L13: =IF($I13="","",$I13+N($K13)) | N13: =IF($C13="","",IF(N($M13)>=1,"Tamamlandı",IF(AND($I13<>"",$L13<TODAY()),"Gecikmiş",IF(OR(N($M13)>0,AND($H13<>"",$H13<=TODAY())),"Devam Ediyor","Planlanan")))) | Q13: =IF($C13="","",IF($N13="Tamamlandı","",IF($L13="","",IF($L13<TODAY(),"⚠ "&TEXT(TODAY()-$L13,"0")&" gün gecikme",IF($L13-TODAY()<=14,"● "&TEXT($L13-TODAY(),"0")&" gün kaldı","")))))
A14: =IF($C14="","",ROW()-4) | B14: Yönetim Beyanı | C14: Madde 23 | J14: =IF(OR($H14="",$I14=""),"",$I14-$H14+1) | L14: =IF($I14="","",$I14+N($K14)) | N14: =IF($C14="","",IF(N($M14)>=1,"Tamamlandı",IF(AND($I14<>"",$L14<TODAY()),"Gecikmiş",IF(OR(N($M14)>0,AND($H14<>"",$H14<=TODAY())),"Devam Ediyor","Planlanan")))) | Q14: =IF($C14="","",IF($N14="Tamamlandı","",IF($L14="","",IF($L14<TODAY(),"⚠ "&TEXT(TODAY()-$L14,"0")&" gün gecikme",IF($L14-TODAY()<=14,"● "&TEXT($L14-TODAY(),"0")&" gün kaldı","")))))
A15: =IF($C15="","",ROW()-4) | B15: Yönetim Beyanı | C15: Madde 24 | J15: =IF(OR($H15="",$I15=""),"",$I15-$H15+1) | L15: =IF($I15="","",$I15+N($K15)) | N15: =IF($C15="","",IF(N($M15)>=1,"Tamamlandı",IF(AND($I15<>"",$L15<TODAY()),"Gecikmiş",IF(OR(N($M15)>0,AND($H15<>"",$H15<=TODAY())),"Devam Ediyor","Planlanan")))) | Q15: =IF($C15="","",IF($N15="Tamamlandı","",IF($L15="","",IF($L15<TODAY(),"⚠ "&TEXT(TODAY()-$L15,"0")&" gün gecikme",IF($L15-TODAY()<=14,"● "&TEXT($L15-TODAY(),"0")&" gün kaldı","")))))
A16: =IF($C16="","",ROW()-4) | B16: Yönetim Beyanı | C16: Madde 26 | J16: =IF(OR($H16="",$I16=""),"",$I16-$H16+1) | L16: =IF($I16="","",$I16+N($K16)) | N16: =IF($C16="","",IF(N($M16)>=1,"Tamamlandı",IF(AND($I16<>"",$L16<TODAY()),"Gecikmiş",IF(OR(N($M16)>0,AND($H16<>"",$H16<=TODAY())),"Devam Ediyor","Planlanan")))) | Q16: =IF($C16="","",IF($N16="Tamamlandı","",IF($L16="","",IF($L16<TODAY(),"⚠ "&TEXT(TODAY()-$L16,"0")&" gün gecikme",IF($L16-TODAY()<=14,"● "&TEXT($L16-TODAY(),"0")&" gün kaldı","")))))
A17: =IF($C17="","",ROW()-4) | B17: Yönetim Beyanı | C17: Madde 28 | J17: =IF(OR($H17="",$I17=""),"",$I17-$H17+1) | L17: =IF($I17="","",$I17+N($K17)) | N17: =IF($C17="","",IF(N($M17)>=1,"Tamamlandı",IF(AND($I17<>"",$L17<TODAY()),"Gecikmiş",IF(OR(N($M17)>0,AND($H17<>"",$H17<=TODAY())),"Devam Ediyor","Planlanan")))) | Q17: =IF($C17="","",IF($N17="Tamamlandı","",IF($L17="","",IF($L17<TODAY(),"⚠ "&TEXT(TODAY()-$L17,"0")&" gün gecikme",IF($L17-TODAY()<=14,"● "&TEXT($L17-TODAY(),"0")&" gün kaldı","")))))
A18: =IF($C18="","",ROW()-4) | B18: Yönetim Beyanı | C18: Madde 29 | J18: =IF(OR($H18="",$I18=""),"",$I18-$H18+1) | L18: =IF($I18="","",$I18+N($K18)) | N18: =IF($C18="","",IF(N($M18)>=1,"Tamamlandı",IF(AND($I18<>"",$L18<TODAY()),"Gecikmiş",IF(OR(N($M18)>0,AND($H18<>"",$H18<=TODAY())),"Devam Ediyor","Planlanan")))) | Q18: =IF($C18="","",IF($N18="Tamamlandı","",IF($L18="","",IF($L18<TODAY(),"⚠ "&TEXT(TODAY()-$L18,"0")&" gün gecikme",IF($L18-TODAY()<=14,"● "&TEXT($L18-TODAY(),"0")&" gün kaldı","")))))
A19: =IF($C19="","",ROW()-4) | B19: Yönetim Beyanı | C19: Madde 30 | J19: =IF(OR($H19="",$I19=""),"",$I19-$H19+1) | L19: =IF($I19="","",$I19+N($K19)) | N19: =IF($C19="","",IF(N($M19)>=1,"Tamamlandı",IF(AND($I19<>"",$L19<TODAY()),"Gecikmiş",IF(OR(N($M19)>0,AND($H19<>"",$H19<=TODAY())),"Devam Ediyor","Planlanan")))) | Q19: =IF($C19="","",IF($N19="Tamamlandı","",IF($L19="","",IF($L19<TODAY(),"⚠ "&TEXT(TODAY()-$L19,"0")&" gün gecikme",IF($L19-TODAY()<=14,"● "&TEXT($L19-TODAY(),"0")&" gün kaldı","")))))
A20: =IF($C20="","",ROW()-4) | B20: Yönetim Beyanı | C20: Madde 31 | J20: =IF(OR($H20="",$I20=""),"",$I20-$H20+1) | L20: =IF($I20="","",$I20+N($K20)) | N20: =IF($C20="","",IF(N($M20)>=1,"Tamamlandı",IF(AND($I20<>"",$L20<TODAY()),"Gecikmiş",IF(OR(N($M20)>0,AND($H20<>"",$H20<=TODAY())),"Devam Ediyor","Planlanan")))) | Q20: =IF($C20="","",IF($N20="Tamamlandı","",IF($L20="","",IF($L20<TODAY(),"⚠ "&TEXT(TODAY()-$L20,"0")&" gün gecikme",IF($L20-TODAY()<=14,"● "&TEXT($L20-TODAY(),"0")&" gün kaldı","")))))
A21: =IF($C21="","",ROW()-4) | B21: Yönetim Beyanı | C21: Madde 32 | J21: =IF(OR($H21="",$I21=""),"",$I21-$H21+1) | L21: =IF($I21="","",$I21+N($K21)) | N21: =IF($C21="","",IF(N($M21)>=1,"Tamamlandı",IF(AND($I21<>"",$L21<TODAY()),"Gecikmiş",IF(OR(N($M21)>0,AND($H21<>"",$H21<=TODAY())),"Devam Ediyor","Planlanan")))) | Q21: =IF($C21="","",IF($N21="Tamamlandı","",IF($L21="","",IF($L21<TODAY(),"⚠ "&TEXT(TODAY()-$L21,"0")&" gün gecikme",IF($L21-TODAY()<=14,"● "&TEXT($L21-TODAY(),"0")&" gün kaldı","")))))
A22: =IF($C22="","",ROW()-4) | B22: Yönetim Beyanı | C22: Madde 43 | J22: =IF(OR($H22="",$I22=""),"",$I22-$H22+1) | L22: =IF($I22="","",$I22+N($K22)) | N22: =IF($C22="","",IF(N($M22)>=1,"Tamamlandı",IF(AND($I22<>"",$L22<TODAY()),"Gecikmiş",IF(OR(N($M22)>0,AND($H22<>"",$H22<=TODAY())),"Devam Ediyor","Planlanan")))) | Q22: =IF($C22="","",IF($N22="Tamamlandı","",IF($L22="","",IF($L22<TODAY(),"⚠ "&TEXT(TODAY()-$L22,"0")&" gün gecikme",IF($L22-TODAY()<=14,"● "&TEXT($L22-TODAY(),"0")&" gün kaldı","")))))
A23: =IF($C23="","",ROW()-4) | B23: BIGR | C23: 3.1.4 E-Posta Sunucusu ve İstemcisi Güvenliği | J23: =IF(OR($H23="",$I23=""),"",$I23-$H23+1) | L23: =IF($I23="","",$I23+N($K23)) | N23: =IF($C23="","",IF(N($M23)>=1,"Tamamlandı",IF(AND($I23<>"",$L23<TODAY()),"Gecikmiş",IF(OR(N($M23)>0,AND($H23<>"",$H23<=TODAY())),"Devam Ediyor","Planlanan")))) | Q23: =IF($C23="","",IF($N23="Tamamlandı","",IF($L23="","",IF($L23<TODAY(),"⚠ "&TEXT(TODAY()-$L23,"0")&" gün gecikme",IF($L23-TODAY()<=14,"● "&TEXT($L23-TODAY(),"0")&" gün kaldı","")))))
A24: =IF($C24="","",ROW()-4) | B24: BIGR | C24: 3.1.5 Zararlı Yazılımlardan Korunma | J24: =IF(OR($H24="",$I24=""),"",$I24-$H24+1) | L24: =IF($I24="","",$I24+N($K24)) | N24: =IF($C24="","",IF(N($M24)>=1,"Tamamlandı",IF(AND($I24<>"",$L24<TODAY()),"Gecikmiş",IF(OR(N($M24)>0,AND($H24<>"",$H24<=TODAY())),"Devam Ediyor","Planlanan")))) | Q24: =IF($C24="","",IF($N24="Tamamlandı","",IF($L24="","",IF($L24<TODAY(),"⚠ "&TEXT(TODAY()-$L24,"0")&" gün gecikme",IF($L24-TODAY()<=14,"● "&TEXT($L24-TODAY(),"0")&" gün kaldı","")))))
... A39: =IF($C39="","",ROW()-4) | B39: BIGR | C39: 5.3.2 Sanallaştırma Sunucusu Sıkılaştırma Tedbirleri | J39: =IF(OR($H39="",$I39=""),"",$I39-$H39+1) | L39: =IF($I39="","",$I39+N($K39)) | N39: =IF($C39="","",IF(N($M39)>=1,"Tamamlandı",IF(AND($I39<>"",$L39<TODAY()),"Gecikmiş",IF(OR(N($M39)>0,AND($H39<>"",$H39<=TODAY())),"Devam Ediyor","Planlanan")))) | Q39: =IF($C39="","",IF($N39="Tamamlandı","",IF($L39="","",IF($L39<TODAY(),"⚠ "&TEXT(TODAY()-$L39,"0")&" gün gecikme",IF($L39-TODAY()<=14,"● "&TEXT($L39-TODAY(),"0")&" gün kaldı","")))))
A40: =IF($C40="","",ROW()-4) | B40: Buluts | C40: Buluts Denetimi | F40: Örnek Soyad4 | H40: 46260 | I40: 46269 | J40: =IF(OR($H40="",$I40=""),"",$I40-$H40+1) | L40: =IF($I40="","",$I40+N($K40)) | M40: 0.2 | N40: =IF($C40="","",IF(N($M40)>=1,"Tamamlandı",IF(AND($I40<>"",$L40<TODAY()),"Gecikmiş",IF(OR(N($M40)>0,AND($H40<>"",$H40<=TODAY())),"Devam Ediyor","Planlanan")))) | Q40: =IF($C40="","",IF($N40="Tamamlandı","",IF($L40="","",IF($L40<TODAY(),"⚠ "&TEXT(TODAY()-$L40,"0")&" gün gecikme",IF($L40-TODAY()<=14,"● "&TEXT($L40-TODAY(),"0")&" gün kaldı","")))))
A41: =IF($C41="","",ROW()-4) | B41: Destek Hizmeti Denetimler | C41: Firma Teknoloji Dış Hizmet Denetimi Firma GİB denetiminden geçmekte (Bağımsız denetim 2 yılda bir) Bizim taraftaki kontroller GİB kontrolleri ile eşleştirildi. GİB'den dolayı teknik tarafta paylaşılamayan kanıtlar var. Firmanın GRC ekibi ile toplantılarla kontrollere yorum yazarak veya ilgili rapora refarans vererek ilerliyoruz. ABC verilerine erişim ve kontroller (Faturalar orada) ek olarak yapılacak onun haricinde GİB'e bağlı kalacağız. | F41: Örnek Soyad1 | J41: =IF(OR($H41="",$I41=""),"",$I41-$H41+1) | L41: =IF($I41="","",$I41+N($K41)) | N41: =IF($C41="","",IF(N($M41)>=1,"Tamamlandı",IF(AND($I41<>"",$L41<TODAY()),"Gecikmiş",IF(OR(N($M41)>0,AND($H41<>"",$H41<=TODAY())),"Devam Ediyor","Planlanan")))) | Q41: =IF($C41="","",IF($N41="Tamamlandı","",IF($L41="","",IF($L41<TODAY(),"⚠ "&TEXT(TODAY()-$L41,"0")&" gün gecikme",IF($L41-TODAY()<=14,"● "&TEXT($L41-TODAY(),"0")&" gün kaldı","")))))
A42: =IF($C42="","",ROW()-4) | B42: WS Entegrasyon Denetimi | C42: Workflow Oluşturma | H42: 46265 | I42: 46269 | J42: =IF(OR($H42="",$I42=""),"",$I42-$H42+1) | L42: =IF($I42="","",$I42+N($K42)) | M42: 0.45 | N42: =IF($C42="","",IF(N($M42)>=1,"Tamamlandı",IF(AND($I42<>"",$L42<TODAY()),"Gecikmiş",IF(OR(N($M42)>0,AND($H42<>"",$H42<=TODAY())),"Devam Ediyor","Planlanan")))) | Q42: =IF($C42="","",IF($N42="Tamamlandı","",IF($L42="","",IF($L42<TODAY(),"⚠ "&TEXT(TODAY()-$L42,"0")&" gün gecikme",IF($L42-TODAY()<=14,"● "&TEXT($L42-TODAY(),"0")&" gün kaldı","")))))
A43: =IF($C43="","",ROW()-4) | B43: Kararlar | C43: Yapay zeka güvenliği projesi yapmadıkları, yapılması gereken işler araştırılacak, güvenlik tarafı nasıl yönetiliyor incelenecek | G43: Düşük | J43: =IF(OR($H43="",$I43=""),"",$I43-$H43+1) | L43: =IF($I43="","",$I43+N($K43)) | N43: =IF($C43="","",IF(N($M43)>=1,"Tamamlandı",IF(AND($I43<>"",$L43<TODAY()),"Gecikmiş",IF(OR(N($M43)>0,AND($H43<>"",$H43<=TODAY())),"Devam Ediyor","Planlanan")))) | Q43: =IF($C43="","",IF($N43="Tamamlandı","",IF($L43="","",IF($L43<TODAY(),"⚠ "&TEXT(TODAY()-$L43,"0")&" gün gecikme",IF($L43-TODAY()<=14,"● "&TEXT($L43-TODAY(),"0")&" gün kaldı","")))))
A44: =IF($C44="","",ROW()-4) | J44: =IF(OR($H44="",$I44=""),"",$I44-$H44+1) | L44: =IF($I44="","",$I44+N($K44)) | N44: =IF($C44="","",IF(N($M44)>=1,"Tamamlandı",IF(AND($I44<>"",$L44<TODAY()),"Gecikmiş",IF(OR(N($M44)>0,AND($H44<>"",$H44<=TODAY())),"Devam Ediyor","Planlanan")))) | Q44: =IF($C44="","",IF($N44="Tamamlandı","",IF($L44="","",IF($L44<TODAY(),"⚠ "&TEXT(TODAY()-$L44,"0")&" gün gecikme",IF($L44-TODAY()<=14,"● "&TEXT($L44-TODAY(),"0")&" gün kaldı","")))))
A45: =IF($C45="","",ROW()-4) | J45: =IF(OR($H45="",$I45=""),"",$I45-$H45+1) | L45: =IF($I45="","",$I45+N($K45)) | N45: =IF($C45="","",IF(N($M45)>=1,"Tamamlandı",IF(AND($I45<>"",$L45<TODAY()),"Gecikmiş",IF(OR(N($M45)>0,AND($H45<>"",$H45<=TODAY())),"Devam Ediyor","Planlanan")))) | Q45: =IF($C45="","",IF($N45="Tamamlandı","",IF($L45="","",IF($L45<TODAY(),"⚠ "&TEXT(TODAY()-$L45,"0")&" gün gecikme",IF($L45-TODAY()<=14,"● "&TEXT($L45-TODAY(),"0")&" gün kaldı","")))))
A46: =IF($C46="","",ROW()-4) | J46: =IF(OR($H46="",$I46=""),"",$I46-$H46+1) | L46: =IF($I46="","",$I46+N($K46)) | N46: =IF($C46="","",IF(N($M46)>=1,"Tamamlandı",IF(AND($I46<>"",$L46<TODAY()),"Gecikmiş",IF(OR(N($M46)>0,AND($H46<>"",$H46<=TODAY())),"Devam Ediyor","Planlanan")))) | Q46: =IF($C46="","",IF($N46="Tamamlandı","",IF($L46="","",IF($L46<TODAY(),"⚠ "&TEXT(TODAY()-$L46,"0")&" gün gecikme",IF($L46-TODAY()<=14,"● "&TEXT($L46-TODAY(),"0")&" gün kaldı","")))))
A47: =IF($C47="","",ROW()-4) | J47: =IF(OR($H47="",$I47=""),"",$I47-$H47+1) | L47: =IF($I47="","",$I47+N($K47)) | N47: =IF($C47="","",IF(N($M47)>=1,"Tamamlandı",IF(AND($I47<>"",$L47<TODAY()),"Gecikmiş",IF(OR(N($M47)>0,AND($H47<>"",$H47<=TODAY())),"Devam Ediyor","Planlanan")))) | Q47: =IF($C47="","",IF($N47="Tamamlandı","",IF($L47="","",IF($L47<TODAY(),"⚠ "&TEXT(TODAY()-$L47,"0")&" gün gecikme",IF($L47-TODAY()<=14,"● "&TEXT($L47-TODAY(),"0")&" gün kaldı","")))))
A48: =IF($C48="","",ROW()-4) | J48: =IF(OR($H48="",$I48=""),"",$I48-$H48+1) | L48: =IF($I48="","",$I48+N($K48)) | N48: =IF($C48="","",IF(N($M48)>=1,"Tamamlandı",IF(AND($I48<>"",$L48<TODAY()),"Gecikmiş",IF(OR(N($M48)>0,AND($H48<>"",$H48<=TODAY())),"Devam Ediyor","Planlanan")))) | Q48: =IF($C48="","",IF($N48="Tamamlandı","",IF($L48="","",IF($L48<TODAY(),"⚠ "&TEXT(TODAY()-$L48,"0")&" gün gecikme",IF($L48-TODAY()<=14,"● "&TEXT($L48-TODAY(),"0")&" gün kaldı","")))))
A49: =IF($C49="","",ROW()-4) | J49: =IF(OR($H49="",$I49=""),"",$I49-$H49+1) | L49: =IF($I49="","",$I49+N($K49)) | N49: =IF($C49="","",IF(N($M49)>=1,"Tamamlandı",IF(AND($I49<>"",$L49<TODAY()),"Gecikmiş",IF(OR(N($M49)>0,AND($H49<>"",$H49<=TODAY())),"Devam Ediyor","Planlanan")))) | Q49: =IF($C49="","",IF($N49="Tamamlandı","",IF($L49="","",IF($L49<TODAY(),"⚠ "&TEXT(TODAY()-$L49,"0")&" gün gecikme",IF($L49-TODAY()<=14,"● "&TEXT($L49-TODAY(),"0")&" gün kaldı","")))))
A50: =IF($C50="","",ROW()-4) | J50: =IF(OR($H50="",$I50=""),"",$I50-$H50+1) | L50: =IF($I50="","",$I50+N($K50)) | N50: =IF($C50="","",IF(N($M50)>=1,"Tamamlandı",IF(AND($I50<>"",$L50<TODAY()),"Gecikmiş",IF(OR(N($M50)>0,AND($H50<>"",$H50<=TODAY())),"Devam Ediyor","Planlanan")))) | Q50: =IF($C50="","",IF($N50="Tamamlandı","",IF($L50="","",IF($L50<TODAY(),"⚠ "&TEXT(TODAY()-$L50,"0")&" gün gecikme",IF($L50-TODAY()<=14,"● "&TEXT($L50-TODAY(),"0")&" gün kaldı","")))))
A51: =IF($C51="","",ROW()-4) | J51: =IF(OR($H51="",$I51=""),"",$I51-$H51+1) | L51: =IF($I51="","",$I51+N($K51)) | N51: =IF($C51="","",IF(N($M51)>=1,"Tamamlandı",IF(AND($I51<>"",$L51<TODAY()),"Gecikmiş",IF(OR(N($M51)>0,AND($H51<>"",$H51<=TODAY())),"Devam Ediyor","Planlanan")))) | Q51: =IF($C51="","",IF($N51="Tamamlandı","",IF($L51="","",IF($L51<TODAY(),"⚠ "&TEXT(TODAY()-$L51,"0")&" gün gecikme",IF($L51-TODAY()<=14,"● "&TEXT($L51-TODAY(),"0")&" gün kaldı","")))))
A52: =IF($C52="","",ROW()-4) | J52: =IF(OR($H52="",$I52=""),"",$I52-$H52+1) | L52: =IF($I52="","",$I52+N($K52)) | N52: =IF($C52="","",IF(N($M52)>=1,"Tamamlandı",IF(AND($I52<>"",$L52<TODAY()),"Gecikmiş",IF(OR(N($M52)>0,AND($H52<>"",$H52<=TODAY())),"Devam Ediyor","Planlanan")))) | Q52: =IF($C52="","",IF($N52="Tamamlandı","",IF($L52="","",IF($L52<TODAY(),"⚠ "&TEXT(TODAY()-$L52,"0")&" gün gecikme",IF($L52-TODAY()<=14,"● "&TEXT($L52-TODAY(),"0")&" gün kaldı","")))))
A53: =IF($C53="","",ROW()-4) | J53: =IF(OR($H53="",$I53=""),"",$I53-$H53+1) | L53: =IF($I53="","",$I53+N($K53)) | N53: =IF($C53="","",IF(N($M53)>=1,"Tamamlandı",IF(AND($I53<>"",$L53<TODAY()),"Gecikmiş",IF(OR(N($M53)>0,AND($H53<>"",$H53<=TODAY())),"Devam Ediyor","Planlanan")))) | Q53: =IF($C53="","",IF($N53="Tamamlandı","",IF($L53="","",IF($L53<TODAY(),"⚠ "&TEXT(TODAY()-$L53,"0")&" gün gecikme",IF($L53-TODAY()<=14,"● "&TEXT($L53-TODAY(),"0")&" gün kaldı","")))))
A54: =IF($C54="","",ROW()-4) | J54: =IF(OR($H54="",$I54=""),"",$I54-$H54+1) | L54: =IF($I54="","",$I54+N($K54)) | N54: =IF($C54="","",IF(N($M54)>=1,"Tamamlandı",IF(AND($I54<>"",$L54<TODAY()),"Gecikmiş",IF(OR(N($M54)>0,AND($H54<>"",$H54<=TODAY())),"Devam Ediyor","Planlanan")))) | Q54: =IF($C54="","",IF($N54="Tamamlandı","",IF($L54="","",IF($L54<TODAY(),"⚠ "&TEXT(TODAY()-$L54,"0")&" gün gecikme",IF($L54-TODAY()<=14,"● "&TEXT($L54-TODAY(),"0")&" gün kaldı","")))))
A55: =IF($C55="","",ROW()-4) | J55: =IF(OR($H55="",$I55=""),"",$I55-$H55+1) | L55: =IF($I55="","",$I55+N($K55)) | N55: =IF($C55="","",IF(N($M55)>=1,"Tamamlandı",IF(AND($I55<>"",$L55<TODAY()),"Gecikmiş",IF(OR(N($M55)>0,AND($H55<>"",$H55<=TODAY())),"Devam Ediyor","Planlanan")))) | Q55: =IF($C55="","",IF($N55="Tamamlandı","",IF($L55="","",IF($L55<TODAY(),"⚠ "&TEXT(TODAY()-$L55,"0")&" gün gecikme",IF($L55-TODAY()<=14,"● "&TEXT($L55-TODAY(),"0")&" gün kaldı","")))))
... A204: =IF($C204="","",ROW()-4) | J204: =IF(OR($H204="",$I204=""),"",$I204-$H204+1) | L204: =IF($I204="","",$I204+N($K204)) | N204: =IF($C204="","",IF(N($M204)>=1,"Tamamlandı",IF(AND($I204<>"",$L204<TODAY()),"Gecikmiş",IF(OR(N($M204)>0,AND($H204<>"",$H204<=TODAY())),"Devam Ediyor","Planlanan")))) | Q204: =IF($C204="","",IF($N204="Tamamlandı","",IF($L204="","",IF($L204<TODAY(),"⚠ "&TEXT(TODAY()-$L204,"0")&" gün gecikme",IF($L204-TODAY()<=14,"● "&TEXT($L204-TODAY(),"0")&" gün kaldı","")))))

Sheet Gantt Haftalık
A1: GANTT ŞEMASI | GANTT HAFTALIK | 2026
A3: İş Kalemi | B3: Grup | C3: Başlangıç | D3: Bitiş (Revize) | E3: Durum | F3: Oca | K3: Şub | O3: Mar | S3: Nis | X3: May | AB3: Haz | AF3: Tem | AK3: Ağu | AO3: Eyl | AS3: Eki | AX3: Kas | BB3: Ara
F4: 46023 | G4: 46030 | H4: 46037 | I4: 46044 | J4: 46051 | K4: 46058 | L4: 46065 | M4: 46072 | N4: 46079 | O4: 46086 | P4: 46093 | Q4: 46100 | R4: 46107 | S4: 46114 | T4: 46121 | U4: 46128 | V4: 46135 | W4: 46142 | X4: 46149 | Y4: 46156 | Z4: 46163 | AA4: 46170 | AB4: 46177 | AC4: 46184 | AD4: 46191 | AE4: 46198 | AF4: 46205 | AG4: 46212 | AH4: 46219 | AI4: 46226 | AJ4: 46233 | AK4: 46240 | AL4: 46247 | AM4: 46254 | AN4: 46261 | AO4: 46268 | AP4: 46275 | AQ4: 46282 | AR4: 46289 | AS4: 46296 | AT4: 46303 | AU4: 46310 | AV4: 46317 | AW4: 46324 | AX4: 46331 | AY4: 46338 | AZ4: 46345 | BA4: 46352 | BB4: 46359 | BC4: 46366 | BD4: 46373 | BE4: 46380
A5: =IF('İş Planı'!$C5="","",'İş Planı'!$C5) | B5: =IF('İş Planı'!$B5="","",'İş Planı'!$B5) | C5: =IF('İş Planı'!$H5="","",'İş Planı'!$H5) | D5: =IF('İş Planı'!$L5="","",'İş Planı'!$L5) | E5: =IF('İş Planı'!$N5="","",'İş Planı'!$N5)
A6: =IF('İş Planı'!$C6="","",'İş Planı'!$C6) | B6: =IF('İş Planı'!$B6="","",'İş Planı'!$B6) | C6: =IF('İş Planı'!$H6="","",'İş Planı'!$H6) | D6: =IF('İş Planı'!$L6="","",'İş Planı'!$L6) | E6: =IF('İş Planı'!$N6="","",'İş Planı'!$N6)
A7: =IF('İş Planı'!$C7="","",'İş Planı'!$C7) | B7: =IF('İş Planı'!$B7="","",'İş Planı'!$B7) | C7: =IF('İş Planı'!$H7="","",'İş Planı'!$H7) | D7: =IF('İş Planı'!$L7="","",'İş Planı'!$L7) | E7: =IF('İş Planı'!$N7="","",'İş Planı'!$N7)
A8: =IF('İş Planı'!$C8="","",'İş Planı'!$C8) | B8: =IF('İş Planı'!$B8="","",'İş Planı'!$B8) | C8: =IF('İş Planı'!$H8="","",'İş Planı'!$H8) | D8: =IF('İş Planı'!$L8="","",'İş Planı'!$L8) | E8: =IF('İş Planı'!$N8="","",'İş Planı'!$N8)
A9: =IF('İş Planı'!$C9="","",'İş Planı'!$C9) | B9: =IF('İş Planı'!$B9="","",'İş Planı'!$B9) | C9: =IF('İş Planı'!$H9="","",'İş Planı'!$H9) | D9: =IF('İş Planı'!$L9="","",'İş Planı'!$L9) | E9: =IF('İş Planı'!$N9="","",'İş Planı'!$N9)
A10: =IF('İş Planı'!$C10="","",'İş Planı'!$C10) | B10: =IF('İş Planı'!$B10="","",'İş Planı'!$B10) | C10: =IF('İş Planı'!$H10="","",'İş Planı'!$H10) | D10: =IF('İş Planı'!$L10="","",'İş Planı'!$L10) | E10: =IF('İş Planı'!$N10="","",'İş Planı'!$N10)
A11: =IF('İş Planı'!$C11="","",'İş Planı'!$C11) | B11: =IF('İş Planı'!$B11="","",'İş Planı'!$B11) | C11: =IF('İş Planı'!$H11="","",'İş Planı'!$H11) | D11: =IF('İş Planı'!$L11="","",'İş Planı'!$L11) | E11: =IF('İş Planı'!$N11="","",'İş Planı'!$N11)
A12: =IF('İş Planı'!$C12="","",'İş Planı'!$C12) | B12: =IF('İş Planı'!$B12="","",'İş Planı'!$B12) | C12: =IF('İş Planı'!$H12="","",'İş Planı'!$H12) | D12: =IF('İş Planı'!$L12="","",'İş Planı'!$L12) | E12: =IF('İş Planı'!$N12="","",'İş Planı'!$N12)
A13: =IF('İş Planı'!$C13="","",'İş Planı'!$C13) | B13: =IF('İş Planı'!$B13="","",'İş Planı'!$B13) | C13: =IF('İş Planı'!$H13="","",'İş Planı'!$H13) | D13: =IF('İş Planı'!$L13="","",'İş Planı'!$L13) | E13: =IF('İş Planı'!$N13="","",'İş Planı'!$N13)
A14: =IF('İş Planı'!$C14="","",'İş Planı'!$C14) | B14: =IF('İş Planı'!$B14="","",'İş Planı'!$B14) | C14: =IF('İş Planı'!$H14="","",'İş Planı'!$H14) | D14: =IF('İş Planı'!$L14="","",'İş Planı'!$L14) | E14: =IF('İş Planı'!$N14="","",'İş Planı'!$N14)
A15: =IF('İş Planı'!$C15="","",'İş Planı'!$C15) | B15: =IF('İş Planı'!$B15="","",'İş Planı'!$B15) | C15: =IF('İş Planı'!$H15="","",'İş Planı'!$H15) | D15: =IF('İş Planı'!$L15="","",'İş Planı'!$L15) | E15: =IF('İş Planı'!$N15="","",'İş Planı'!$N15)
A16: =IF('İş Planı'!$C16="","",'İş Planı'!$C16) | B16: =IF('İş Planı'!$B16="","",'İş Planı'!$B16) | C16: =IF('İş Planı'!$H16="","",'İş Planı'!$H16) | D16: =IF('İş Planı'!$L16="","",'İş Planı'!$L16) | E16: =IF('İş Planı'!$N16="","",'İş Planı'!$N16)
... A204: =IF('İş Planı'!$C204="","",'İş Planı'!$C204) | B204: =IF('İş Planı'!$B204="","",'İş Planı'!$B204) | C204: =IF('İş Planı'!$H204="","",'İş Planı'!$H204) | D204: =IF('İş Planı'!$L204="","",'İş Planı'!$L204) | E204: =IF('İş Planı'!$N204="","",'İş Planı'!$N204)

Sheet Gantt Aylık
A1: GANTT ŞEMASI | GANTT AYLIK | 2026
A3: İş Kalemi | B3: Grup | C3: Başlangıç | D3: Bitiş (Revize) | E3: Durum | F3: Ocak | G3: Şubat | H3: Mart | I3: Nisan | J3: Mayıs | K3: Haziran | L3: Temmuz | M3: Ağustos | N3: Eylül | O3: Ekim | P3: Kasım | Q3: Aralık
F4: 46023 | G4: 46054 | H4: 46082 | I4: 46113 | J4: 46143 | K4: 46174 | L4: 46204 | M4: 46235 | N4: 46266 | O4: 46296 | P4: 46327 | Q4: 46357
A5: =IF('İş Planı'!$C5="","",'İş Planı'!$C5) | B5: =IF('İş Planı'!$B5="","",'İş Planı'!$B5) | C5: =IF('İş Planı'!$H5="","",'İş Planı'!$H5) | D5: =IF('İş Planı'!$L5="","",'İş Planı'!$L5) | E5: =IF('İş Planı'!$N5="","",'İş Planı'!$N5)
A6: =IF('İş Planı'!$C6="","",'İş Planı'!$C6) | B6: =IF('İş Planı'!$B6="","",'İş Planı'!$B6) | C6: =IF('İş Planı'!$H6="","",'İş Planı'!$H6) | D6: =IF('İş Planı'!$L6="","",'İş Planı'!$L6) | E6: =IF('İş Planı'!$N6="","",'İş Planı'!$N6)
A7: =IF('İş Planı'!$C7="","",'İş Planı'!$C7) | B7: =IF('İş Planı'!$B7="","",'İş Planı'!$B7) | C7: =IF('İş Planı'!$H7="","",'İş Planı'!$H7) | D7: =IF('İş Planı'!$L7="","",'İş Planı'!$L7) | E7: =IF('İş Planı'!$N7="","",'İş Planı'!$N7)
A8: =IF('İş Planı'!$C8="","",'İş Planı'!$C8) | B8: =IF('İş Planı'!$B8="","",'İş Planı'!$B8) | C8: =IF('İş Planı'!$H8="","",'İş Planı'!$H8) | D8: =IF('İş Planı'!$L8="","",'İş Planı'!$L8) | E8: =IF('İş Planı'!$N8="","",'İş Planı'!$N8)
A9: =IF('İş Planı'!$C9="","",'İş Planı'!$C9) | B9: =IF('İş Planı'!$B9="","",'İş Planı'!$B9) | C9: =IF('İş Planı'!$H9="","",'İş Planı'!$H9) | D9: =IF('İş Planı'!$L9="","",'İş Planı'!$L9) | E9: =IF('İş Planı'!$N9="","",'İş Planı'!$N9)
A10: =IF('İş Planı'!$C10="","",'İş Planı'!$C10) | B10: =IF('İş Planı'!$B10="","",'İş Planı'!$B10) | C10: =IF('İş Planı'!$H10="","",'İş Planı'!$H10) | D10: =IF('İş Planı'!$L10="","",'İş Planı'!$L10) | E10: =IF('İş Planı'!$N10="","",'İş Planı'!$N10)
A11: =IF('İş Planı'!$C11="","",'İş Planı'!$C11) | B11: =IF('İş Planı'!$B11="","",'İş Planı'!$B11) | C11: =IF('İş Planı'!$H11="","",'İş Planı'!$H11) | D11: =IF('İş Planı'!$L11="","",'İş Planı'!$L11) | E11: =IF('İş Planı'!$N11="","",'İş Planı'!$N11)
A12: =IF('İş Planı'!$C12="","",'İş Planı'!$C12) | B12: =IF('İş Planı'!$B12="","",'İş Planı'!$B12) | C12: =IF('İş Planı'!$H12="","",'İş Planı'!$H12) | D12: =IF('İş Planı'!$L12="","",'İş Planı'!$L12) | E12: =IF('İş Planı'!$N12="","",'İş Planı'!$N12)
A13: =IF('İş Planı'!$C13="","",'İş Planı'!$C13) | B13: =IF('İş Planı'!$B13="","",'İş Planı'!$B13) | C13: =IF('İş Planı'!$H13="","",'İş Planı'!$H13) | D13: =IF('İş Planı'!$L13="","",'İş Planı'!$L13) | E13: =IF('İş Planı'!$N13="","",'İş Planı'!$N13)
A14: =IF('İş Planı'!$C14="","",'İş Planı'!$C14) | B14: =IF('İş Planı'!$B14="","",'İş Planı'!$B14) | C14: =IF('İş Planı'!$H14="","",'İş Planı'!$H14) | D14: =IF('İş Planı'!$L14="","",'İş Planı'!$L14) | E14: =IF('İş Planı'!$N14="","",'İş Planı'!$N14)
A15: =IF('İş Planı'!$C15="","",'İş Planı'!$C15) | B15: =IF('İş Planı'!$B15="","",'İş Planı'!$B15) | C15: =IF('İş Planı'!$H15="","",'İş Planı'!$H15) | D15: =IF('İş Planı'!$L15="","",'İş Planı'!$L15) | E15: =IF('İş Planı'!$N15="","",'İş Planı'!$N15)
A16: =IF('İş Planı'!$C16="","",'İş Planı'!$C16) | B16: =IF('İş Planı'!$B16="","",'İş Planı'!$B16) | C16: =IF('İş Planı'!$H16="","",'İş Planı'!$H16) | D16: =IF('İş Planı'!$L16="","",'İş Planı'!$L16) | E16: =IF('İş Planı'!$N16="","",'İş Planı'!$N16)
... A204: =IF('İş Planı'!$C204="","",'İş Planı'!$C204) | B204: =IF('İş Planı'!$B204="","",'İş Planı'!$B204) | C204: =IF('İş Planı'!$H204="","",'İş Planı'!$H204) | D204: =IF('İş Planı'!$L204="","",'İş Planı'!$L204) | E204: =IF('İş Planı'!$N204="","",'İş Planı'!$N204)

Sheet Kılavuz
B2: KULLANIM KILAVUZU
B5: 1. Veri girişi | C5: 'İş Planı' sayfasında yalnızca beyaz hücrelere yazın: Grup, İş Kalemi, Sorumlu 1-3, Öncelik, Başlangıç, Bitiş, Gecikme (Gün), İlerleme %, Gecikme Sebebi ve Karar / Not. Durum sütunu artık elle doldurulmaz - aşağıdaki 4. maddeye bakın.
B9: 2. Karar / Not sütunu | C9: Toplantı kararları, mutabakat notları, referans verilen rapor adları gibi serbest metinler için ayrılmıştır. Metin kaydırmalı olduğundan uzun notlarda satır yüksekliğini artırmanız yeterlidir. Hesaplamalara ve grafiklere dahil edilmez.
B13: 3. Otomatik alanlar | C13: Gri hücreler (No, Süre, Revize Bitiş, Durum, Uyarı) formüllüdür; elle değiştirmeyin. Revize Bitiş = Bitiş + Gecikme. Uyarı sütunu geciken işlerde kaç gün geçtiğini, yaklaşan işlerde kaç gün kaldığını yazar.
B17: 4. Durum nasıl belirlenir? | C17: Durum sütunu elle doldurulmaz; her satır için şu sıra ile hesaplanır: (1) İlerleme % = 100 ise TAMAMLANDI - tarihi geçmiş olsa bile. (2) Değilse ve Revize Bitiş tarihi bugünü geçmişse GECİKMİŞ. (3) Değilse ve ilerleme başlamışsa veya Başlangıç tarihi gelmişse DEVAM EDİYOR. (4) Hiçbiri değilse PLANLANAN. Bir işi kapatmak için tek yapmanız gereken İlerleme % hücresine 100% yazmaktır. Gecikme (Gün) girdiğinizde Revize Bitiş ileri kayacağı için iş otomatik olarak gecikmiş sayılmaktan çıkar. Gantt renkleri ve Yönetici Özeti'ndeki tüm grafikler bu sütunu kullanır.
B21: 5. Açılır listeler | C21: Grup, Sorumlu 1-3, Öncelik ve Durum listeleri 'Listeler' sayfasından gelir. Yeni bir denetim başlığı veya kişi eklemek için o sütundaki ilk boş hücreye yazın; liste tüm satırlarda anında güncellenir. Denetim başlıkları için B4:B43 aralığı (40 başlık) tanımlıdır ve Yönetici Özeti'ndeki üç kırılım grafiği doğrudan bu aralığı okur. Durum sütunu artık açılır liste değildir; Listeler'deki dört durum adı yalnızca referans olarak durur.
B25: 6. Gantt sayfaları | C25: Haftalık (52 sütun) ve Aylık (12 sütun) Gantt, 'İş Planı' verisinden otomatik boyanır. Renk, satırın Durum değerine göre seçilir. Kırmızı dikey çizgi bugünü gösterir.
B29: 7. İlerleme eğrileri | C29: Planlanan eğrisi, Revize Bitiş tarihi o hafta/ay sonuna kadar olan iş sayısının kümülatif toplamıdır. Gerçekleşen eğrisi ise bunlardan Durum'u 'Tamamlandı' olanları sayar. VARSAYIM: ayrı bir fiili tamamlanma tarihi sütunu tutulmadığından, tamamlanan işler Revize Bitiş tarihinde bitmiş kabul edilir. Fiili tarih takibi isterseniz bir sütun daha eklenmelidir.
B33: 8. Denetim başlığı grafikleri | C33: Üç grafik de 'Listeler' sayfasındaki denetim başlıklarından, yalnızca İş Planı'nda fiilen kullanılanları, liste sırasıyla ve en fazla 20 tanesini gösterir. Listeler sayfasında bir başlık eklediğinizde, sildiğinizde veya adını değiştirdiğinizde üç grafik de kendiliğinden yeniden dizilir - grafik veya formül düzenlemeniz gerekmez. Bir başlığı Listeler'den silerseniz ama İş Planı'nda o başlıkla kayıtlı işler kalırsa, o işler bu üç grafikte görünmez; KPI kartlarındaki toplamlarda ise sayılmaya devam eder.
B37: 9. Kişi bazlı iş yükü | C37: Sorumlu 1, 2 ve 3 sütunlarının üçü birden sayılır: bir işte üç kişi varsa yük üçüne de yazılır. Mavi bölüm açık işleri (Planlanan + Devam Ediyor), kırmızı bölüm süresi geçmiş işleri gösterir; tamamlanan işler yüke dahil edilmez. Grafik yalnızca kendisine iş atanmış kişileri listeler ve Listeler sayfasındaki kişi listesini değiştirdiğinizde kendiliğinden güncellenir.
B41: 10. Gecikme analizi | C41: Bir işin gecikmesi, elle girdiğiniz Gecikme (Gün) ile orijinal Bitiş tarihinin bugüne göre aşımından hangisi büyükse odur. Yani gecikme günü yazmasanız da süresi geçen işler bu grafikte görünür.
B45: 11. Satır eklemek | C45: Satır 204'e kadar (toplam 200 iş kalemi) hazır boş satır vardır. Daha fazlası için son veri satırını kopyalayıp aşağı yapıştırın, ardından gizli 'Hesap' sayfasındaki formüllerde geçen 204 satır numarasını büyütün.
B49: 12. Filtreleme ve yazdırma | C49: 'İş Planı' başlıklarındaki filtre oklarıyla gruba, sorumluya, önceliğe veya duruma göre süzebilirsiniz. Yönetici Özeti ve Gantt sayfaları yatay ve tek sayfaya sığdırılmış olarak yazdırmaya hazırdır.
B54: RENK LEJANDI
C55: Planlanan
C56: Devam Ediyor
C57: Tamamlandı
C58: Gecikmiş
C59: Otomatik hesaplanan hücre
C60: Veri girişi yapılacak hücre
B62: Kaynak: denetim başlıkları, kişi ve öncelik listeleri ile mevcut iş kalemleri kullanıcının 2026_Yillik_taslak.xlsx dosyasından alınmıştır; boş 36. satır kaldırılmış, 24. satırın silinmiş formülleri geri yüklenmiştir.
