Workbook

Sheet Yönetici Özeti
A1: 2026 YILLIK İŞ PLANI - YÖNETİCİ ÖZETİ
A5: Tüm değerler 'İş Planı' sayfasından otomatik hesaplanır.
B8: TOPLAM İŞ | I8: PLANLANAN | P8: DEVAM EDİYOR | W8: TAMAMLANDI | AD8: GECİKMİŞ | AK8: GENEL İLERLEME | AR8: MUTABAKAT TAMAM | AY8: PROJEKSİYON RİSKİ
B9: =Hesap!$U$2 -> 95 | I9: =Hesap!$U$6 -> 62 | P9: =Hesap!$U$4 -> 12 | W9: =Hesap!$U$3 -> 6 | AD9: =Hesap!$U$5 -> 15 | AK9: =Hesap!$U$7 -> 0.16789474 | AR9: =Hesap!$U$8 -> 0 | AY9: =Hesap!$U$9 -> 17
B11: Plandaki satır | I11: Başlamamış | P11: Açık çalışma | W11: Kapanan iş | AD11: Süresi geçmiş | AK11: Ortalama | AR11: Tarihi girilmiş | AY11: Gecikebilir
B15: DURUM DAĞILIMI | S15: AYLIK İŞ YÜKÜ
B16: Durum sütununa göre | S16: Her ayda aktif iş kalemi sayısı
B35: HAFTALIK İLERLEME EĞRİSİ
B36: Kümülatif: o haftaya kadar bitmesi planlanan iş ile bunlardan tamamlananlar
B57: AYLIK İLERLEME EĞRİSİ
B58: Aynı hesap ayın son gününe göre
B79: DENETİM BAŞLIĞINA GÖRE İŞ DURUMU
B80: Yalnızca İş Planı'nda kullanılan başlıklar listelenir
B105: KİŞİ BAZLI İŞ YÜKÜ
B106: Sorumlu 1-4 sütunlarının tamamı sayılır; tamamlanan işler hariçtir
B131: GECİKME ANALİZİ - SÜRE × ÖNCELİK
B132: Kaç iş ne kadar gecikmiş ve önceliği ne?
B156: MUTABAKAT DURUMU | U156: PROJEKSİYON RİSKİ
B157: Bitiş + 7 gün kuralına göre | U157: Geçen süre oranı ile ilerleme arasındaki fark %30'ı aşan işler
B181: RENK LEJANDI
E182: Planlanan
E183: Devam Ediyor
E184: Tamamlandı
E185: Gecikmiş

Sheet Listeler
B1: AÇILIR LİSTE KAYNAKLARI | J1: KİŞİ BAZLI GÜN YÜKÜ
B3: Denetim Başlıkları | D3: Kişiler | F3: Öncelik | H3: Durum (referans) | J3: Kişi | K3: İş Sayısı | L3: Toplam Gün | M3: Açık Gün | N3: Geciken İş
B4: Yönetim Beyanı | D4: Ornek User1 | F4: Yüksek | H4: Planlanan | J4: =IF($D4="","",$D4) -> Ornek User1 | K4: =IF($J4="","",COUNTIF('İş Planı'!$D$5:$D$204,$J4)+COUNTIF('İş Planı'!$E$5:$E$204,$J4)+COUNTIF('İş Planı'!$F$5:$F$204,$J4)+COUNTIF('İş Planı'!$G$5:$G$204,$J4)) -> 13 | L4: =IF($J4="","",SUMIF('İş Planı'!$D$5:$D$204,$J4,'İş Planı'!$K$5:$K$204)+SUMIF('İş Planı'!$E$5:$E$204,$J4,'İş Planı'!$K$5:$K$204)+SUMIF('İş Planı'!$F$5:$F$204,$J4,'İş Planı'!$K$5:$K$204)+SUMIF('İş Planı'!$G$5:$G$204,$J4,'İş Planı'!$K$5:$K$204)) -> 0 | M4: =IF($J4="","",SUMIFS('İş Planı'!$K$5:$K$204,'İş Planı'!$D$5:$D$204,$J4,'İş Planı'!$O$5:$O$204,"<>Tamamlandı")+SUMIFS('İş Planı'!$K$5:$K$204,'İş Planı'!$E$5:$E$204,$J4,'İş Planı'!$O$5:$O$204,"<>Tamamlandı")+SUMIFS('İş Planı'!$K$5:$K$204,'İş Planı'!$F$5:$F$204,$J4,'İş Planı'!$O$5:$O$204,"<>Tamamlandı")+SUMIFS('İş Planı'!$K$5:$K$204,'İş Planı'!$G$5:$G$204,$J4,'İş Planı'!$O$5:$O$204,"<>Tamamlandı")) -> 0 | N4: =IF($J4="","",COUNTIFS('İş Planı'!$D$5:$D$204,$J4,'İş Planı'!$O$5:$O$204,"Gecikmiş")+COUNTIFS('İş Planı'!$E$5:$E$204,$J4,'İş Planı'!$O$5:$O$204,"Gecikmiş")+COUNTIFS('İş Planı'!$F$5:$F$204,$J4,'İş Planı'!$O$5:$O$204,"Gecikmiş")+COUNTIFS('İş Planı'!$G$5:$G$204,$J4,'İş Planı'!$O$5:$O$204,"Gecikmiş")) -> 0
B5: BIGR (Yönetim Beyanı Ortak Maddeler) | D5: Ornek User2 | F5: Orta | H5: Devam Ediyor | J5: =IF($D5="","",$D5) -> Ornek User2 | K5: =IF($J5="","",COUNTIF('İş Planı'!$D$5:$D$204,$J5)+COUNTIF('İş Planı'!$E$5:$E$204,$J5)+COUNTIF('İş Planı'!$F$5:$F$204,$J5)+COUNTIF('İş Planı'!$G$5:$G$204,$J5)) -> 0 | L5: =IF($J5="","",SUMIF('İş Planı'!$D$5:$D$204,$J5,'İş Planı'!$K$5:$K$204)+SUMIF('İş Planı'!$E$5:$E$204,$J5,'İş Planı'!$K$5:$K$204)+SUMIF('İş Planı'!$F$5:$F$204,$J5,'İş Planı'!$K$5:$K$204)+SUMIF('İş Planı'!$G$5:$G$204,$J5,'İş Planı'!$K$5:$K$204)) -> 0 | M5: =IF($J5="","",SUMIFS('İş Planı'!$K$5:$K$204,'İş Planı'!$D$5:$D$204,$J5,'İş Planı'!$O$5:$O$204,"<>Tamamlandı")+SUMIFS('İş Planı'!$K$5:$K$204,'İş Planı'!$E$5:$E$204,$J5,'İş Planı'!$O$5:$O$204,"<>Tamamlandı")+SUMIFS('İş Planı'!$K$5:$K$204,'İş Planı'!$F$5:$F$204,$J5,'İş Planı'!$O$5:$O$204,"<>Tamamlandı")+SUMIFS('İş Planı'!$K$5:$K$204,'İş Planı'!$G$5:$G$204,$J5,'İş Planı'!$O$5:$O$204,"<>Tamamlandı")) -> 0 | N5: =IF($J5="","",COUNTIFS('İş Planı'!$D$5:$D$204,$J5,'İş Planı'!$O$5:$O$204,"Gecikmiş")+COUNTIFS('İş Planı'!$E$5:$E$204,$J5,'İş Planı'!$O$5:$O$204,"Gecikmiş")+COUNTIFS('İş Planı'!$F$5:$F$204,$J5,'İş Planı'!$O$5:$O$204,"Gecikmiş")+COUNTIFS('İş Planı'!$G$5:$G$204,$J5,'İş Planı'!$O$5:$O$204,"Gecikmiş")) -> 0
B6: BIGR | D6: Ornek User3 | F6: Düşük | H6: Tamamlandı | J6: =IF($D6="","",$D6) -> Ornek User3 | K6: =IF($J6="","",COUNTIF('İş Planı'!$D$5:$D$204,$J6)+COUNTIF('İş Planı'!$E$5:$E$204,$J6)+COUNTIF('İş Planı'!$F$5:$F$204,$J6)+COUNTIF('İş Planı'!$G$5:$G$204,$J6)) -> 4 | L6: =IF($J6="","",SUMIF('İş Planı'!$D$5:$D$204,$J6,'İş Planı'!$K$5:$K$204)+SUMIF('İş Planı'!$E$5:$E$204,$J6,'İş Planı'!$K$5:$K$204)+SUMIF('İş Planı'!$F$5:$F$204,$J6,'İş Planı'!$K$5:$K$204)+SUMIF('İş Planı'!$G$5:$G$204,$J6,'İş Planı'!$K$5:$K$204)) -> 101 | M6: =IF($J6="","",SUMIFS('İş Planı'!$K$5:$K$204,'İş Planı'!$D$5:$D$204,$J6,'İş Planı'!$O$5:$O$204,"<>Tamamlandı")+SUMIFS('İş Planı'!$K$5:$K$204,'İş Planı'!$E$5:$E$204,$J6,'İş Planı'!$O$5:$O$204,"<>Tamamlandı")+SUMIFS('İş Planı'!$K$5:$K$204,'İş Planı'!$F$5:$F$204,$J6,'İş Planı'!$O$5:$O$204,"<>Tamamlandı")+SUMIFS('İş Planı'!$K$5:$K$204,'İş Planı'!$G$5:$G$204,$J6,'İş Planı'!$O$5:$O$204,"<>Tamamlandı")) -> 72 | N6: =IF($J6="","",COUNTIFS('İş Planı'!$D$5:$D$204,$J6,'İş Planı'!$O$5:$O$204,"Gecikmiş")+COUNTIFS('İş Planı'!$E$5:$E$204,$J6,'İş Planı'!$O$5:$O$204,"Gecikmiş")+COUNTIFS('İş Planı'!$F$5:$F$204,$J6,'İş Planı'!$O$5:$O$204,"Gecikmiş")+COUNTIFS('İş Planı'!$G$5:$G$204,$J6,'İş Planı'!$O$5:$O$204,"Gecikmiş")) -> 2
B7: Buluteks | D7: Ornek User4 | H7: Gecikmiş | J7: =IF($D7="","",$D7) -> Ornek User4 | K7: =IF($J7="","",COUNTIF('İş Planı'!$D$5:$D$204,$J7)+COUNTIF('İş Planı'!$E$5:$E$204,$J7)+COUNTIF('İş Planı'!$F$5:$F$204,$J7)+COUNTIF('İş Planı'!$G$5:$G$204,$J7)) -> 29 | L7: =IF($J7="","",SUMIF('İş Planı'!$D$5:$D$204,$J7,'İş Planı'!$K$5:$K$204)+SUMIF('İş Planı'!$E$5:$E$204,$J7,'İş Planı'!$K$5:$K$204)+SUMIF('İş Planı'!$F$5:$F$204,$J7,'İş Planı'!$K$5:$K$204)+SUMIF('İş Planı'!$G$5:$G$204,$J7,'İş Planı'!$K$5:$K$204)) -> 370 | M7: =IF($J7="","",SUMIFS('İş Planı'!$K$5:$K$204,'İş Planı'!$D$5:$D$204,$J7,'İş Planı'!$O$5:$O$204,"<>Tamamlandı")+SUMIFS('İş Planı'!$K$5:$K$204,'İş Planı'!$E$5:$E$204,$J7,'İş Planı'!$O$5:$O$204,"<>Tamamlandı")+SUMIFS('İş Planı'!$K$5:$K$204,'İş Planı'!$F$5:$F$204,$J7,'İş Planı'!$O$5:$O$204,"<>Tamamlandı")+SUMIFS('İş Planı'!$K$5:$K$204,'İş Planı'!$G$5:$G$204,$J7,'İş Planı'!$O$5:$O$204,"<>Tamamlandı")) -> 348 | N7: =IF($J7="","",COUNTIFS('İş Planı'!$D$5:$D$204,$J7,'İş Planı'!$O$5:$O$204,"Gecikmiş")+COUNTIFS('İş Planı'!$E$5:$E$204,$J7,'İş Planı'!$O$5:$O$204,"Gecikmiş")+COUNTIFS('İş Planı'!$F$5:$F$204,$J7,'İş Planı'!$O$5:$O$204,"Gecikmiş")+COUNTIFS('İş Planı'!$G$5:$G$204,$J7,'İş Planı'!$O$5:$O$204,"Gecikmiş")) -> 8
B8: Buluteks Dendeks Bulut Altyapı Denetimi | D8: Ornek User5 | J8: =IF($D8="","",$D8) -> Ornek User5 | K8: =IF($J8="","",COUNTIF('İş Planı'!$D$5:$D$204,$J8)+COUNTIF('İş Planı'!$E$5:$E$204,$J8)+COUNTIF('İş Planı'!$F$5:$F$204,$J8)+COUNTIF('İş Planı'!$G$5:$G$204,$J8)) -> 0 | L8: =IF($J8="","",SUMIF('İş Planı'!$D$5:$D$204,$J8,'İş Planı'!$K$5:$K$204)+SUMIF('İş Planı'!$E$5:$E$204,$J8,'İş Planı'!$K$5:$K$204)+SUMIF('İş Planı'!$F$5:$F$204,$J8,'İş Planı'!$K$5:$K$204)+SUMIF('İş Planı'!$G$5:$G$204,$J8,'İş Planı'!$K$5:$K$204)) -> 0 | M8: =IF($J8="","",SUMIFS('İş Planı'!$K$5:$K$204,'İş Planı'!$D$5:$D$204,$J8,'İş Planı'!$O$5:$O$204,"<>Tamamlandı")+SUMIFS('İş Planı'!$K$5:$K$204,'İş Planı'!$E$5:$E$204,$J8,'İş Planı'!$O$5:$O$204,"<>Tamamlandı")+SUMIFS('İş Planı'!$K$5:$K$204,'İş Planı'!$F$5:$F$204,$J8,'İş Planı'!$O$5:$O$204,"<>Tamamlandı")+SUMIFS('İş Planı'!$K$5:$K$204,'İş Planı'!$G$5:$G$204,$J8,'İş Planı'!$O$5:$O$204,"<>Tamamlandı")) -> 0 | N8: =IF($J8="","",COUNTIFS('İş Planı'!$D$5:$D$204,$J8,'İş Planı'!$O$5:$O$204,"Gecikmiş")+COUNTIFS('İş Planı'!$E$5:$E$204,$J8,'İş Planı'!$O$5:$O$204,"Gecikmiş")+COUNTIFS('İş Planı'!$F$5:$F$204,$J8,'İş Planı'!$O$5:$O$204,"Gecikmiş")+COUNTIFS('İş Planı'!$G$5:$G$204,$J8,'İş Planı'!$O$5:$O$204,"Gecikmiş")) -> 0
B9: Dendeks WS Entegrasyon Denetimi | D9: Ornek User6 | J9: =IF($D9="","",$D9) -> Ornek User6 | K9: =IF($J9="","",COUNTIF('İş Planı'!$D$5:$D$204,$J9)+COUNTIF('İş Planı'!$E$5:$E$204,$J9)+COUNTIF('İş Planı'!$F$5:$F$204,$J9)+COUNTIF('İş Planı'!$G$5:$G$204,$J9)) -> 0 | L9: =IF($J9="","",SUMIF('İş Planı'!$D$5:$D$204,$J9,'İş Planı'!$K$5:$K$204)+SUMIF('İş Planı'!$E$5:$E$204,$J9,'İş Planı'!$K$5:$K$204)+SUMIF('İş Planı'!$F$5:$F$204,$J9,'İş Planı'!$K$5:$K$204)+SUMIF('İş Planı'!$G$5:$G$204,$J9,'İş Planı'!$K$5:$K$204)) -> 0 | M9: =IF($J9="","",SUMIFS('İş Planı'!$K$5:$K$204,'İş Planı'!$D$5:$D$204,$J9,'İş Planı'!$O$5:$O$204,"<>Tamamlandı")+SUMIFS('İş Planı'!$K$5:$K$204,'İş Planı'!$E$5:$E$204,$J9,'İş Planı'!$O$5:$O$204,"<>Tamamlandı")+SUMIFS('İş Planı'!$K$5:$K$204,'İş Planı'!$F$5:$F$204,$J9,'İş Planı'!$O$5:$O$204,"<>Tamamlandı")+SUMIFS('İş Planı'!$K$5:$K$204,'İş Planı'!$G$5:$G$204,$J9,'İş Planı'!$O$5:$O$204,"<>Tamamlandı")) -> 0 | N9: =IF($J9="","",COUNTIFS('İş Planı'!$D$5:$D$204,$J9,'İş Planı'!$O$5:$O$204,"Gecikmiş")+COUNTIFS('İş Planı'!$E$5:$E$204,$J9,'İş Planı'!$O$5:$O$204,"Gecikmiş")+COUNTIFS('İş Planı'!$F$5:$F$204,$J9,'İş Planı'!$O$5:$O$204,"Gecikmiş")+COUNTIFS('İş Planı'!$G$5:$G$204,$J9,'İş Planı'!$O$5:$O$204,"Gecikmiş")) -> 0
B10: Süreç Denetimleri | D10: Ornek User7 | J10: =IF($D10="","",$D10) -> Ornek User7 | K10: =IF($J10="","",COUNTIF('İş Planı'!$D$5:$D$204,$J10)+COUNTIF('İş Planı'!$E$5:$E$204,$J10)+COUNTIF('İş Planı'!$F$5:$F$204,$J10)+COUNTIF('İş Planı'!$G$5:$G$204,$J10)) -> 0 | L10: =IF($J10="","",SUMIF('İş Planı'!$D$5:$D$204,$J10,'İş Planı'!$K$5:$K$204)+SUMIF('İş Planı'!$E$5:$E$204,$J10,'İş Planı'!$K$5:$K$204)+SUMIF('İş Planı'!$F$5:$F$204,$J10,'İş Planı'!$K$5:$K$204)+SUMIF('İş Planı'!$G$5:$G$204,$J10,'İş Planı'!$K$5:$K$204)) -> 0 | M10: =IF($J10="","",SUMIFS('İş Planı'!$K$5:$K$204,'İş Planı'!$D$5:$D$204,$J10,'İş Planı'!$O$5:$O$204,"<>Tamamlandı")+SUMIFS('İş Planı'!$K$5:$K$204,'İş Planı'!$E$5:$E$204,$J10,'İş Planı'!$O$5:$O$204,"<>Tamamlandı")+SUMIFS('İş Planı'!$K$5:$K$204,'İş Planı'!$F$5:$F$204,$J10,'İş Planı'!$O$5:$O$204,"<>Tamamlandı")+SUMIFS('İş Planı'!$K$5:$K$204,'İş Planı'!$G$5:$G$204,$J10,'İş Planı'!$O$5:$O$204,"<>Tamamlandı")) -> 0 | N10: =IF($J10="","",COUNTIFS('İş Planı'!$D$5:$D$204,$J10,'İş Planı'!$O$5:$O$204,"Gecikmiş")+COUNTIFS('İş Planı'!$E$5:$E$204,$J10,'İş Planı'!$O$5:$O$204,"Gecikmiş")+COUNTIFS('İş Planı'!$F$5:$F$204,$J10,'İş Planı'!$O$5:$O$204,"Gecikmiş")+COUNTIFS('İş Planı'!$G$5:$G$204,$J10,'İş Planı'!$O$5:$O$204,"Gecikmiş")) -> 0
B11: Destek Hizmeti Denetimler | D11: Ornek User8 | J11: =IF($D11="","",$D11) -> Ornek User8 | K11: =IF($J11="","",COUNTIF('İş Planı'!$D$5:$D$204,$J11)+COUNTIF('İş Planı'!$E$5:$E$204,$J11)+COUNTIF('İş Planı'!$F$5:$F$204,$J11)+COUNTIF('İş Planı'!$G$5:$G$204,$J11)) -> 0 | L11: =IF($J11="","",SUMIF('İş Planı'!$D$5:$D$204,$J11,'İş Planı'!$K$5:$K$204)+SUMIF('İş Planı'!$E$5:$E$204,$J11,'İş Planı'!$K$5:$K$204)+SUMIF('İş Planı'!$F$5:$F$204,$J11,'İş Planı'!$K$5:$K$204)+SUMIF('İş Planı'!$G$5:$G$204,$J11,'İş Planı'!$K$5:$K$204)) -> 0 | M11: =IF($J11="","",SUMIFS('İş Planı'!$K$5:$K$204,'İş Planı'!$D$5:$D$204,$J11,'İş Planı'!$O$5:$O$204,"<>Tamamlandı")+SUMIFS('İş Planı'!$K$5:$K$204,'İş Planı'!$E$5:$E$204,$J11,'İş Planı'!$O$5:$O$204,"<>Tamamlandı")+SUMIFS('İş Planı'!$K$5:$K$204,'İş Planı'!$F$5:$F$204,$J11,'İş Planı'!$O$5:$O$204,"<>Tamamlandı")+SUMIFS('İş Planı'!$K$5:$K$204,'İş Planı'!$G$5:$G$204,$J11,'İş Planı'!$O$5:$O$204,"<>Tamamlandı")) -> 0 | N11: =IF($J11="","",COUNTIFS('İş Planı'!$D$5:$D$204,$J11,'İş Planı'!$O$5:$O$204,"Gecikmiş")+COUNTIFS('İş Planı'!$E$5:$E$204,$J11,'İş Planı'!$O$5:$O$204,"Gecikmiş")+COUNTIFS('İş Planı'!$F$5:$F$204,$J11,'İş Planı'!$O$5:$O$204,"Gecikmiş")+COUNTIFS('İş Planı'!$G$5:$G$204,$J11,'İş Planı'!$O$5:$O$204,"Gecikmiş")) -> 0
B12: Rehberlik Faaliyeti | D12: Ornek User9 | J12: =IF($D12="","",$D12) -> Ornek User9 | K12: =IF($J12="","",COUNTIF('İş Planı'!$D$5:$D$204,$J12)+COUNTIF('İş Planı'!$E$5:$E$204,$J12)+COUNTIF('İş Planı'!$F$5:$F$204,$J12)+COUNTIF('İş Planı'!$G$5:$G$204,$J12)) -> 20 | L12: =IF($J12="","",SUMIF('İş Planı'!$D$5:$D$204,$J12,'İş Planı'!$K$5:$K$204)+SUMIF('İş Planı'!$E$5:$E$204,$J12,'İş Planı'!$K$5:$K$204)+SUMIF('İş Planı'!$F$5:$F$204,$J12,'İş Planı'!$K$5:$K$204)+SUMIF('İş Planı'!$G$5:$G$204,$J12,'İş Planı'!$K$5:$K$204)) -> 287 | M12: =IF($J12="","",SUMIFS('İş Planı'!$K$5:$K$204,'İş Planı'!$D$5:$D$204,$J12,'İş Planı'!$O$5:$O$204,"<>Tamamlandı")+SUMIFS('İş Planı'!$K$5:$K$204,'İş Planı'!$E$5:$E$204,$J12,'İş Planı'!$O$5:$O$204,"<>Tamamlandı")+SUMIFS('İş Planı'!$K$5:$K$204,'İş Planı'!$F$5:$F$204,$J12,'İş Planı'!$O$5:$O$204,"<>Tamamlandı")+SUMIFS('İş Planı'!$K$5:$K$204,'İş Planı'!$G$5:$G$204,$J12,'İş Planı'!$O$5:$O$204,"<>Tamamlandı")) -> 239 | N12: =IF($J12="","",COUNTIFS('İş Planı'!$D$5:$D$204,$J12,'İş Planı'!$O$5:$O$204,"Gecikmiş")+COUNTIFS('İş Planı'!$E$5:$E$204,$J12,'İş Planı'!$O$5:$O$204,"Gecikmiş")+COUNTIFS('İş Planı'!$F$5:$F$204,$J12,'İş Planı'!$O$5:$O$204,"Gecikmiş")+COUNTIFS('İş Planı'!$G$5:$G$204,$J12,'İş Planı'!$O$5:$O$204,"Gecikmiş")) -> 5
B13: Projeler | D13: Ornek User10 | J13: =IF($D13="","",$D13) -> Ornek User10 | K13: =IF($J13="","",COUNTIF('İş Planı'!$D$5:$D$204,$J13)+COUNTIF('İş Planı'!$E$5:$E$204,$J13)+COUNTIF('İş Planı'!$F$5:$F$204,$J13)+COUNTIF('İş Planı'!$G$5:$G$204,$J13)) -> 0 | L13: =IF($J13="","",SUMIF('İş Planı'!$D$5:$D$204,$J13,'İş Planı'!$K$5:$K$204)+SUMIF('İş Planı'!$E$5:$E$204,$J13,'İş Planı'!$K$5:$K$204)+SUMIF('İş Planı'!$F$5:$F$204,$J13,'İş Planı'!$K$5:$K$204)+SUMIF('İş Planı'!$G$5:$G$204,$J13,'İş Planı'!$K$5:$K$204)) -> 0 | M13: =IF($J13="","",SUMIFS('İş Planı'!$K$5:$K$204,'İş Planı'!$D$5:$D$204,$J13,'İş Planı'!$O$5:$O$204,"<>Tamamlandı")+SUMIFS('İş Planı'!$K$5:$K$204,'İş Planı'!$E$5:$E$204,$J13,'İş Planı'!$O$5:$O$204,"<>Tamamlandı")+SUMIFS('İş Planı'!$K$5:$K$204,'İş Planı'!$F$5:$F$204,$J13,'İş Planı'!$O$5:$O$204,"<>Tamamlandı")+SUMIFS('İş Planı'!$K$5:$K$204,'İş Planı'!$G$5:$G$204,$J13,'İş Planı'!$O$5:$O$204,"<>Tamamlandı")) -> 0 | N13: =IF($J13="","",COUNTIFS('İş Planı'!$D$5:$D$204,$J13,'İş Planı'!$O$5:$O$204,"Gecikmiş")+COUNTIFS('İş Planı'!$E$5:$E$204,$J13,'İş Planı'!$O$5:$O$204,"Gecikmiş")+COUNTIFS('İş Planı'!$F$5:$F$204,$J13,'İş Planı'!$O$5:$O$204,"Gecikmiş")+COUNTIFS('İş Planı'!$G$5:$G$204,$J13,'İş Planı'!$O$5:$O$204,"Gecikmiş")) -> 0
B14: Ad-Hoc İşler | D14: Ornek User11 | J14: =IF($D14="","",$D14) -> Ornek User11 | K14: =IF($J14="","",COUNTIF('İş Planı'!$D$5:$D$204,$J14)+COUNTIF('İş Planı'!$E$5:$E$204,$J14)+COUNTIF('İş Planı'!$F$5:$F$204,$J14)+COUNTIF('İş Planı'!$G$5:$G$204,$J14)) -> 15 | L14: =IF($J14="","",SUMIF('İş Planı'!$D$5:$D$204,$J14,'İş Planı'!$K$5:$K$204)+SUMIF('İş Planı'!$E$5:$E$204,$J14,'İş Planı'!$K$5:$K$204)+SUMIF('İş Planı'!$F$5:$F$204,$J14,'İş Planı'!$K$5:$K$204)+SUMIF('İş Planı'!$G$5:$G$204,$J14,'İş Planı'!$K$5:$K$204)) -> 151 | M14: =IF($J14="","",SUMIFS('İş Planı'!$K$5:$K$204,'İş Planı'!$D$5:$D$204,$J14,'İş Planı'!$O$5:$O$204,"<>Tamamlandı")+SUMIFS('İş Planı'!$K$5:$K$204,'İş Planı'!$E$5:$E$204,$J14,'İş Planı'!$O$5:$O$204,"<>Tamamlandı")+SUMIFS('İş Planı'!$K$5:$K$204,'İş Planı'!$F$5:$F$204,$J14,'İş Planı'!$O$5:$O$204,"<>Tamamlandı")+SUMIFS('İş Planı'!$K$5:$K$204,'İş Planı'!$G$5:$G$204,$J14,'İş Planı'!$O$5:$O$204,"<>Tamamlandı")) -> 129 | N14: =IF($J14="","",COUNTIFS('İş Planı'!$D$5:$D$204,$J14,'İş Planı'!$O$5:$O$204,"Gecikmiş")+COUNTIFS('İş Planı'!$E$5:$E$204,$J14,'İş Planı'!$O$5:$O$204,"Gecikmiş")+COUNTIFS('İş Planı'!$F$5:$F$204,$J14,'İş Planı'!$O$5:$O$204,"Gecikmiş")+COUNTIFS('İş Planı'!$G$5:$G$204,$J14,'İş Planı'!$O$5:$O$204,"Gecikmiş")) -> 1
B15: Rutin Faaliyetler | D15: Ornek User12 | J15: =IF($D15="","",$D15) -> Ornek User12 | K15: =IF($J15="","",COUNTIF('İş Planı'!$D$5:$D$204,$J15)+COUNTIF('İş Planı'!$E$5:$E$204,$J15)+COUNTIF('İş Planı'!$F$5:$F$204,$J15)+COUNTIF('İş Planı'!$G$5:$G$204,$J15)) -> 11 | L15: =IF($J15="","",SUMIF('İş Planı'!$D$5:$D$204,$J15,'İş Planı'!$K$5:$K$204)+SUMIF('İş Planı'!$E$5:$E$204,$J15,'İş Planı'!$K$5:$K$204)+SUMIF('İş Planı'!$F$5:$F$204,$J15,'İş Planı'!$K$5:$K$204)+SUMIF('İş Planı'!$G$5:$G$204,$J15,'İş Planı'!$K$5:$K$204)) -> 80 | M15: =IF($J15="","",SUMIFS('İş Planı'!$K$5:$K$204,'İş Planı'!$D$5:$D$204,$J15,'İş Planı'!$O$5:$O$204,"<>Tamamlandı")+SUMIFS('İş Planı'!$K$5:$K$204,'İş Planı'!$E$5:$E$204,$J15,'İş Planı'!$O$5:$O$204,"<>Tamamlandı")+SUMIFS('İş Planı'!$K$5:$K$204,'İş Planı'!$F$5:$F$204,$J15,'İş Planı'!$O$5:$O$204,"<>Tamamlandı")+SUMIFS('İş Planı'!$K$5:$K$204,'İş Planı'!$G$5:$G$204,$J15,'İş Planı'!$O$5:$O$204,"<>Tamamlandı")) -> 80 | N15: =IF($J15="","",COUNTIFS('İş Planı'!$D$5:$D$204,$J15,'İş Planı'!$O$5:$O$204,"Gecikmiş")+COUNTIFS('İş Planı'!$E$5:$E$204,$J15,'İş Planı'!$O$5:$O$204,"Gecikmiş")+COUNTIFS('İş Planı'!$F$5:$F$204,$J15,'İş Planı'!$O$5:$O$204,"Gecikmiş")+COUNTIFS('İş Planı'!$G$5:$G$204,$J15,'İş Planı'!$O$5:$O$204,"Gecikmiş")) -> 1
D16: Ornek User13 | J16: =IF($D16="","",$D16) -> Ornek User13 | K16: =IF($J16="","",COUNTIF('İş Planı'!$D$5:$D$204,$J16)+COUNTIF('İş Planı'!$E$5:$E$204,$J16)+COUNTIF('İş Planı'!$F$5:$F$204,$J16)+COUNTIF('İş Planı'!$G$5:$G$204,$J16)) -> 16 | L16: =IF($J16="","",SUMIF('İş Planı'!$D$5:$D$204,$J16,'İş Planı'!$K$5:$K$204)+SUMIF('İş Planı'!$E$5:$E$204,$J16,'İş Planı'!$K$5:$K$204)+SUMIF('İş Planı'!$F$5:$F$204,$J16,'İş Planı'!$K$5:$K$204)+SUMIF('İş Planı'!$G$5:$G$204,$J16,'İş Planı'!$K$5:$K$204)) -> 293 | M16: =IF($J16="","",SUMIFS('İş Planı'!$K$5:$K$204,'İş Planı'!$D$5:$D$204,$J16,'İş Planı'!$O$5:$O$204,"<>Tamamlandı")+SUMIFS('İş Planı'!$K$5:$K$204,'İş Planı'!$E$5:$E$204,$J16,'İş Planı'!$O$5:$O$204,"<>Tamamlandı")+SUMIFS('İş Planı'!$K$5:$K$204,'İş Planı'!$F$5:$F$204,$J16,'İş Planı'!$O$5:$O$204,"<>Tamamlandı")+SUMIFS('İş Planı'!$K$5:$K$204,'İş Planı'!$G$5:$G$204,$J16,'İş Planı'!$O$5:$O$204,"<>Tamamlandı")) -> 255 | N16: =IF($J16="","",COUNTIFS('İş Planı'!$D$5:$D$204,$J16,'İş Planı'!$O$5:$O$204,"Gecikmiş")+COUNTIFS('İş Planı'!$E$5:$E$204,$J16,'İş Planı'!$O$5:$O$204,"Gecikmiş")+COUNTIFS('İş Planı'!$F$5:$F$204,$J16,'İş Planı'!$O$5:$O$204,"Gecikmiş")+COUNTIFS('İş Planı'!$G$5:$G$204,$J16,'İş Planı'!$O$5:$O$204,"Gecikmiş")) -> 2
J17: =IF($D17="","",$D17) | K17: =IF($J17="","",COUNTIF('İş Planı'!$D$5:$D$204,$J17)+COUNTIF('İş Planı'!$E$5:$E$204,$J17)+COUNTIF('İş Planı'!$F$5:$F$204,$J17)+COUNTIF('İş Planı'!$G$5:$G$204,$J17)) | L17: =IF($J17="","",SUMIF('İş Planı'!$D$5:$D$204,$J17,'İş Planı'!$K$5:$K$204)+SUMIF('İş Planı'!$E$5:$E$204,$J17,'İş Planı'!$K$5:$K$204)+SUMIF('İş Planı'!$F$5:$F$204,$J17,'İş Planı'!$K$5:$K$204)+SUMIF('İş Planı'!$G$5:$G$204,$J17,'İş Planı'!$K$5:$K$204)) | M17: =IF($J17="","",SUMIFS('İş Planı'!$K$5:$K$204,'İş Planı'!$D$5:$D$204,$J17,'İş Planı'!$O$5:$O$204,"<>Tamamlandı")+SUMIFS('İş Planı'!$K$5:$K$204,'İş Planı'!$E$5:$E$204,$J17,'İş Planı'!$O$5:$O$204,"<>Tamamlandı")+SUMIFS('İş Planı'!$K$5:$K$204,'İş Planı'!$F$5:$F$204,$J17,'İş Planı'!$O$5:$O$204,"<>Tamamlandı")+SUMIFS('İş Planı'!$K$5:$K$204,'İş Planı'!$G$5:$G$204,$J17,'İş Planı'!$O$5:$O$204,"<>Tamamlandı")) | N17: =IF($J17="","",COUNTIFS('İş Planı'!$D$5:$D$204,$J17,'İş Planı'!$O$5:$O$204,"Gecikmiş")+COUNTIFS('İş Planı'!$E$5:$E$204,$J17,'İş Planı'!$O$5:$O$204,"Gecikmiş")+COUNTIFS('İş Planı'!$F$5:$F$204,$J17,'İş Planı'!$O$5:$O$204,"Gecikmiş")+COUNTIFS('İş Planı'!$G$5:$G$204,$J17,'İş Planı'!$O$5:$O$204,"Gecikmiş"))
J18: =IF($D18="","",$D18) | K18: =IF($J18="","",COUNTIF('İş Planı'!$D$5:$D$204,$J18)+COUNTIF('İş Planı'!$E$5:$E$204,$J18)+COUNTIF('İş Planı'!$F$5:$F$204,$J18)+COUNTIF('İş Planı'!$G$5:$G$204,$J18)) | L18: =IF($J18="","",SUMIF('İş Planı'!$D$5:$D$204,$J18,'İş Planı'!$K$5:$K$204)+SUMIF('İş Planı'!$E$5:$E$204,$J18,'İş Planı'!$K$5:$K$204)+SUMIF('İş Planı'!$F$5:$F$204,$J18,'İş Planı'!$K$5:$K$204)+SUMIF('İş Planı'!$G$5:$G$204,$J18,'İş Planı'!$K$5:$K$204)) | M18: =IF($J18="","",SUMIFS('İş Planı'!$K$5:$K$204,'İş Planı'!$D$5:$D$204,$J18,'İş Planı'!$O$5:$O$204,"<>Tamamlandı")+SUMIFS('İş Planı'!$K$5:$K$204,'İş Planı'!$E$5:$E$204,$J18,'İş Planı'!$O$5:$O$204,"<>Tamamlandı")+SUMIFS('İş Planı'!$K$5:$K$204,'İş Planı'!$F$5:$F$204,$J18,'İş Planı'!$O$5:$O$204,"<>Tamamlandı")+SUMIFS('İş Planı'!$K$5:$K$204,'İş Planı'!$G$5:$G$204,$J18,'İş Planı'!$O$5:$O$204,"<>Tamamlandı")) | N18: =IF($J18="","",COUNTIFS('İş Planı'!$D$5:$D$204,$J18,'İş Planı'!$O$5:$O$204,"Gecikmiş")+COUNTIFS('İş Planı'!$E$5:$E$204,$J18,'İş Planı'!$O$5:$O$204,"Gecikmiş")+COUNTIFS('İş Planı'!$F$5:$F$204,$J18,'İş Planı'!$O$5:$O$204,"Gecikmiş")+COUNTIFS('İş Planı'!$G$5:$G$204,$J18,'İş Planı'!$O$5:$O$204,"Gecikmiş"))
J19: =IF($D19="","",$D19) | K19: =IF($J19="","",COUNTIF('İş Planı'!$D$5:$D$204,$J19)+COUNTIF('İş Planı'!$E$5:$E$204,$J19)+COUNTIF('İş Planı'!$F$5:$F$204,$J19)+COUNTIF('İş Planı'!$G$5:$G$204,$J19)) | L19: =IF($J19="","",SUMIF('İş Planı'!$D$5:$D$204,$J19,'İş Planı'!$K$5:$K$204)+SUMIF('İş Planı'!$E$5:$E$204,$J19,'İş Planı'!$K$5:$K$204)+SUMIF('İş Planı'!$F$5:$F$204,$J19,'İş Planı'!$K$5:$K$204)+SUMIF('İş Planı'!$G$5:$G$204,$J19,'İş Planı'!$K$5:$K$204)) | M19: =IF($J19="","",SUMIFS('İş Planı'!$K$5:$K$204,'İş Planı'!$D$5:$D$204,$J19,'İş Planı'!$O$5:$O$204,"<>Tamamlandı")+SUMIFS('İş Planı'!$K$5:$K$204,'İş Planı'!$E$5:$E$204,$J19,'İş Planı'!$O$5:$O$204,"<>Tamamlandı")+SUMIFS('İş Planı'!$K$5:$K$204,'İş Planı'!$F$5:$F$204,$J19,'İş Planı'!$O$5:$O$204,"<>Tamamlandı")+SUMIFS('İş Planı'!$K$5:$K$204,'İş Planı'!$G$5:$G$204,$J19,'İş Planı'!$O$5:$O$204,"<>Tamamlandı")) | N19: =IF($J19="","",COUNTIFS('İş Planı'!$D$5:$D$204,$J19,'İş Planı'!$O$5:$O$204,"Gecikmiş")+COUNTIFS('İş Planı'!$E$5:$E$204,$J19,'İş Planı'!$O$5:$O$204,"Gecikmiş")+COUNTIFS('İş Planı'!$F$5:$F$204,$J19,'İş Planı'!$O$5:$O$204,"Gecikmiş")+COUNTIFS('İş Planı'!$G$5:$G$204,$J19,'İş Planı'!$O$5:$O$204,"Gecikmiş"))
J20: =IF($D20="","",$D20) | K20: =IF($J20="","",COUNTIF('İş Planı'!$D$5:$D$204,$J20)+COUNTIF('İş Planı'!$E$5:$E$204,$J20)+COUNTIF('İş Planı'!$F$5:$F$204,$J20)+COUNTIF('İş Planı'!$G$5:$G$204,$J20)) | L20: =IF($J20="","",SUMIF('İş Planı'!$D$5:$D$204,$J20,'İş Planı'!$K$5:$K$204)+SUMIF('İş Planı'!$E$5:$E$204,$J20,'İş Planı'!$K$5:$K$204)+SUMIF('İş Planı'!$F$5:$F$204,$J20,'İş Planı'!$K$5:$K$204)+SUMIF('İş Planı'!$G$5:$G$204,$J20,'İş Planı'!$K$5:$K$204)) | M20: =IF($J20="","",SUMIFS('İş Planı'!$K$5:$K$204,'İş Planı'!$D$5:$D$204,$J20,'İş Planı'!$O$5:$O$204,"<>Tamamlandı")+SUMIFS('İş Planı'!$K$5:$K$204,'İş Planı'!$E$5:$E$204,$J20,'İş Planı'!$O$5:$O$204,"<>Tamamlandı")+SUMIFS('İş Planı'!$K$5:$K$204,'İş Planı'!$F$5:$F$204,$J20,'İş Planı'!$O$5:$O$204,"<>Tamamlandı")+SUMIFS('İş Planı'!$K$5:$K$204,'İş Planı'!$G$5:$G$204,$J20,'İş Planı'!$O$5:$O$204,"<>Tamamlandı")) | N20: =IF($J20="","",COUNTIFS('İş Planı'!$D$5:$D$204,$J20,'İş Planı'!$O$5:$O$204,"Gecikmiş")+COUNTIFS('İş Planı'!$E$5:$E$204,$J20,'İş Planı'!$O$5:$O$204,"Gecikmiş")+COUNTIFS('İş Planı'!$F$5:$F$204,$J20,'İş Planı'!$O$5:$O$204,"Gecikmiş")+COUNTIFS('İş Planı'!$G$5:$G$204,$J20,'İş Planı'!$O$5:$O$204,"Gecikmiş"))
J21: =IF($D21="","",$D21) | K21: =IF($J21="","",COUNTIF('İş Planı'!$D$5:$D$204,$J21)+COUNTIF('İş Planı'!$E$5:$E$204,$J21)+COUNTIF('İş Planı'!$F$5:$F$204,$J21)+COUNTIF('İş Planı'!$G$5:$G$204,$J21)) | L21: =IF($J21="","",SUMIF('İş Planı'!$D$5:$D$204,$J21,'İş Planı'!$K$5:$K$204)+SUMIF('İş Planı'!$E$5:$E$204,$J21,'İş Planı'!$K$5:$K$204)+SUMIF('İş Planı'!$F$5:$F$204,$J21,'İş Planı'!$K$5:$K$204)+SUMIF('İş Planı'!$G$5:$G$204,$J21,'İş Planı'!$K$5:$K$204)) | M21: =IF($J21="","",SUMIFS('İş Planı'!$K$5:$K$204,'İş Planı'!$D$5:$D$204,$J21,'İş Planı'!$O$5:$O$204,"<>Tamamlandı")+SUMIFS('İş Planı'!$K$5:$K$204,'İş Planı'!$E$5:$E$204,$J21,'İş Planı'!$O$5:$O$204,"<>Tamamlandı")+SUMIFS('İş Planı'!$K$5:$K$204,'İş Planı'!$F$5:$F$204,$J21,'İş Planı'!$O$5:$O$204,"<>Tamamlandı")+SUMIFS('İş Planı'!$K$5:$K$204,'İş Planı'!$G$5:$G$204,$J21,'İş Planı'!$O$5:$O$204,"<>Tamamlandı")) | N21: =IF($J21="","",COUNTIFS('İş Planı'!$D$5:$D$204,$J21,'İş Planı'!$O$5:$O$204,"Gecikmiş")+COUNTIFS('İş Planı'!$E$5:$E$204,$J21,'İş Planı'!$O$5:$O$204,"Gecikmiş")+COUNTIFS('İş Planı'!$F$5:$F$204,$J21,'İş Planı'!$O$5:$O$204,"Gecikmiş")+COUNTIFS('İş Planı'!$G$5:$G$204,$J21,'İş Planı'!$O$5:$O$204,"Gecikmiş"))
J22: =IF($D22="","",$D22) | K22: =IF($J22="","",COUNTIF('İş Planı'!$D$5:$D$204,$J22)+COUNTIF('İş Planı'!$E$5:$E$204,$J22)+COUNTIF('İş Planı'!$F$5:$F$204,$J22)+COUNTIF('İş Planı'!$G$5:$G$204,$J22)) | L22: =IF($J22="","",SUMIF('İş Planı'!$D$5:$D$204,$J22,'İş Planı'!$K$5:$K$204)+SUMIF('İş Planı'!$E$5:$E$204,$J22,'İş Planı'!$K$5:$K$204)+SUMIF('İş Planı'!$F$5:$F$204,$J22,'İş Planı'!$K$5:$K$204)+SUMIF('İş Planı'!$G$5:$G$204,$J22,'İş Planı'!$K$5:$K$204)) | M22: =IF($J22="","",SUMIFS('İş Planı'!$K$5:$K$204,'İş Planı'!$D$5:$D$204,$J22,'İş Planı'!$O$5:$O$204,"<>Tamamlandı")+SUMIFS('İş Planı'!$K$5:$K$204,'İş Planı'!$E$5:$E$204,$J22,'İş Planı'!$O$5:$O$204,"<>Tamamlandı")+SUMIFS('İş Planı'!$K$5:$K$204,'İş Planı'!$F$5:$F$204,$J22,'İş Planı'!$O$5:$O$204,"<>Tamamlandı")+SUMIFS('İş Planı'!$K$5:$K$204,'İş Planı'!$G$5:$G$204,$J22,'İş Planı'!$O$5:$O$204,"<>Tamamlandı")) | N22: =IF($J22="","",COUNTIFS('İş Planı'!$D$5:$D$204,$J22,'İş Planı'!$O$5:$O$204,"Gecikmiş")+COUNTIFS('İş Planı'!$E$5:$E$204,$J22,'İş Planı'!$O$5:$O$204,"Gecikmiş")+COUNTIFS('İş Planı'!$F$5:$F$204,$J22,'İş Planı'!$O$5:$O$204,"Gecikmiş")+COUNTIFS('İş Planı'!$G$5:$G$204,$J22,'İş Planı'!$O$5:$O$204,"Gecikmiş"))
J23: =IF($D23="","",$D23) | K23: =IF($J23="","",COUNTIF('İş Planı'!$D$5:$D$204,$J23)+COUNTIF('İş Planı'!$E$5:$E$204,$J23)+COUNTIF('İş Planı'!$F$5:$F$204,$J23)+COUNTIF('İş Planı'!$G$5:$G$204,$J23)) | L23: =IF($J23="","",SUMIF('İş Planı'!$D$5:$D$204,$J23,'İş Planı'!$K$5:$K$204)+SUMIF('İş Planı'!$E$5:$E$204,$J23,'İş Planı'!$K$5:$K$204)+SUMIF('İş Planı'!$F$5:$F$204,$J23,'İş Planı'!$K$5:$K$204)+SUMIF('İş Planı'!$G$5:$G$204,$J23,'İş Planı'!$K$5:$K$204)) | M23: =IF($J23="","",SUMIFS('İş Planı'!$K$5:$K$204,'İş Planı'!$D$5:$D$204,$J23,'İş Planı'!$O$5:$O$204,"<>Tamamlandı")+SUMIFS('İş Planı'!$K$5:$K$204,'İş Planı'!$E$5:$E$204,$J23,'İş Planı'!$O$5:$O$204,"<>Tamamlandı")+SUMIFS('İş Planı'!$K$5:$K$204,'İş Planı'!$F$5:$F$204,$J23,'İş Planı'!$O$5:$O$204,"<>Tamamlandı")+SUMIFS('İş Planı'!$K$5:$K$204,'İş Planı'!$G$5:$G$204,$J23,'İş Planı'!$O$5:$O$204,"<>Tamamlandı")) | N23: =IF($J23="","",COUNTIFS('İş Planı'!$D$5:$D$204,$J23,'İş Planı'!$O$5:$O$204,"Gecikmiş")+COUNTIFS('İş Planı'!$E$5:$E$204,$J23,'İş Planı'!$O$5:$O$204,"Gecikmiş")+COUNTIFS('İş Planı'!$F$5:$F$204,$J23,'İş Planı'!$O$5:$O$204,"Gecikmiş")+COUNTIFS('İş Planı'!$G$5:$G$204,$J23,'İş Planı'!$O$5:$O$204,"Gecikmiş"))
J24: =IF($D24="","",$D24) | K24: =IF($J24="","",COUNTIF('İş Planı'!$D$5:$D$204,$J24)+COUNTIF('İş Planı'!$E$5:$E$204,$J24)+COUNTIF('İş Planı'!$F$5:$F$204,$J24)+COUNTIF('İş Planı'!$G$5:$G$204,$J24)) | L24: =IF($J24="","",SUMIF('İş Planı'!$D$5:$D$204,$J24,'İş Planı'!$K$5:$K$204)+SUMIF('İş Planı'!$E$5:$E$204,$J24,'İş Planı'!$K$5:$K$204)+SUMIF('İş Planı'!$F$5:$F$204,$J24,'İş Planı'!$K$5:$K$204)+SUMIF('İş Planı'!$G$5:$G$204,$J24,'İş Planı'!$K$5:$K$204)) | M24: =IF($J24="","",SUMIFS('İş Planı'!$K$5:$K$204,'İş Planı'!$D$5:$D$204,$J24,'İş Planı'!$O$5:$O$204,"<>Tamamlandı")+SUMIFS('İş Planı'!$K$5:$K$204,'İş Planı'!$E$5:$E$204,$J24,'İş Planı'!$O$5:$O$204,"<>Tamamlandı")+SUMIFS('İş Planı'!$K$5:$K$204,'İş Planı'!$F$5:$F$204,$J24,'İş Planı'!$O$5:$O$204,"<>Tamamlandı")+SUMIFS('İş Planı'!$K$5:$K$204,'İş Planı'!$G$5:$G$204,$J24,'İş Planı'!$O$5:$O$204,"<>Tamamlandı")) | N24: =IF($J24="","",COUNTIFS('İş Planı'!$D$5:$D$204,$J24,'İş Planı'!$O$5:$O$204,"Gecikmiş")+COUNTIFS('İş Planı'!$E$5:$E$204,$J24,'İş Planı'!$O$5:$O$204,"Gecikmiş")+COUNTIFS('İş Planı'!$F$5:$F$204,$J24,'İş Planı'!$O$5:$O$204,"Gecikmiş")+COUNTIFS('İş Planı'!$G$5:$G$204,$J24,'İş Planı'!$O$5:$O$204,"Gecikmiş"))
J25: =IF($D25="","",$D25) | K25: =IF($J25="","",COUNTIF('İş Planı'!$D$5:$D$204,$J25)+COUNTIF('İş Planı'!$E$5:$E$204,$J25)+COUNTIF('İş Planı'!$F$5:$F$204,$J25)+COUNTIF('İş Planı'!$G$5:$G$204,$J25)) | L25: =IF($J25="","",SUMIF('İş Planı'!$D$5:$D$204,$J25,'İş Planı'!$K$5:$K$204)+SUMIF('İş Planı'!$E$5:$E$204,$J25,'İş Planı'!$K$5:$K$204)+SUMIF('İş Planı'!$F$5:$F$204,$J25,'İş Planı'!$K$5:$K$204)+SUMIF('İş Planı'!$G$5:$G$204,$J25,'İş Planı'!$K$5:$K$204)) | M25: =IF($J25="","",SUMIFS('İş Planı'!$K$5:$K$204,'İş Planı'!$D$5:$D$204,$J25,'İş Planı'!$O$5:$O$204,"<>Tamamlandı")+SUMIFS('İş Planı'!$K$5:$K$204,'İş Planı'!$E$5:$E$204,$J25,'İş Planı'!$O$5:$O$204,"<>Tamamlandı")+SUMIFS('İş Planı'!$K$5:$K$204,'İş Planı'!$F$5:$F$204,$J25,'İş Planı'!$O$5:$O$204,"<>Tamamlandı")+SUMIFS('İş Planı'!$K$5:$K$204,'İş Planı'!$G$5:$G$204,$J25,'İş Planı'!$O$5:$O$204,"<>Tamamlandı")) | N25: =IF($J25="","",COUNTIFS('İş Planı'!$D$5:$D$204,$J25,'İş Planı'!$O$5:$O$204,"Gecikmiş")+COUNTIFS('İş Planı'!$E$5:$E$204,$J25,'İş Planı'!$O$5:$O$204,"Gecikmiş")+COUNTIFS('İş Planı'!$F$5:$F$204,$J25,'İş Planı'!$O$5:$O$204,"Gecikmiş")+COUNTIFS('İş Planı'!$G$5:$G$204,$J25,'İş Planı'!$O$5:$O$204,"Gecikmiş"))
J26: =IF($D26="","",$D26) | K26: =IF($J26="","",COUNTIF('İş Planı'!$D$5:$D$204,$J26)+COUNTIF('İş Planı'!$E$5:$E$204,$J26)+COUNTIF('İş Planı'!$F$5:$F$204,$J26)+COUNTIF('İş Planı'!$G$5:$G$204,$J26)) | L26: =IF($J26="","",SUMIF('İş Planı'!$D$5:$D$204,$J26,'İş Planı'!$K$5:$K$204)+SUMIF('İş Planı'!$E$5:$E$204,$J26,'İş Planı'!$K$5:$K$204)+SUMIF('İş Planı'!$F$5:$F$204,$J26,'İş Planı'!$K$5:$K$204)+SUMIF('İş Planı'!$G$5:$G$204,$J26,'İş Planı'!$K$5:$K$204)) | M26: =IF($J26="","",SUMIFS('İş Planı'!$K$5:$K$204,'İş Planı'!$D$5:$D$204,$J26,'İş Planı'!$O$5:$O$204,"<>Tamamlandı")+SUMIFS('İş Planı'!$K$5:$K$204,'İş Planı'!$E$5:$E$204,$J26,'İş Planı'!$O$5:$O$204,"<>Tamamlandı")+SUMIFS('İş Planı'!$K$5:$K$204,'İş Planı'!$F$5:$F$204,$J26,'İş Planı'!$O$5:$O$204,"<>Tamamlandı")+SUMIFS('İş Planı'!$K$5:$K$204,'İş Planı'!$G$5:$G$204,$J26,'İş Planı'!$O$5:$O$204,"<>Tamamlandı")) | N26: =IF($J26="","",COUNTIFS('İş Planı'!$D$5:$D$204,$J26,'İş Planı'!$O$5:$O$204,"Gecikmiş")+COUNTIFS('İş Planı'!$E$5:$E$204,$J26,'İş Planı'!$O$5:$O$204,"Gecikmiş")+COUNTIFS('İş Planı'!$F$5:$F$204,$J26,'İş Planı'!$O$5:$O$204,"Gecikmiş")+COUNTIFS('İş Planı'!$G$5:$G$204,$J26,'İş Planı'!$O$5:$O$204,"Gecikmiş"))
J27: =IF($D27="","",$D27) | K27: =IF($J27="","",COUNTIF('İş Planı'!$D$5:$D$204,$J27)+COUNTIF('İş Planı'!$E$5:$E$204,$J27)+COUNTIF('İş Planı'!$F$5:$F$204,$J27)+COUNTIF('İş Planı'!$G$5:$G$204,$J27)) | L27: =IF($J27="","",SUMIF('İş Planı'!$D$5:$D$204,$J27,'İş Planı'!$K$5:$K$204)+SUMIF('İş Planı'!$E$5:$E$204,$J27,'İş Planı'!$K$5:$K$204)+SUMIF('İş Planı'!$F$5:$F$204,$J27,'İş Planı'!$K$5:$K$204)+SUMIF('İş Planı'!$G$5:$G$204,$J27,'İş Planı'!$K$5:$K$204)) | M27: =IF($J27="","",SUMIFS('İş Planı'!$K$5:$K$204,'İş Planı'!$D$5:$D$204,$J27,'İş Planı'!$O$5:$O$204,"<>Tamamlandı")+SUMIFS('İş Planı'!$K$5:$K$204,'İş Planı'!$E$5:$E$204,$J27,'İş Planı'!$O$5:$O$204,"<>Tamamlandı")+SUMIFS('İş Planı'!$K$5:$K$204,'İş Planı'!$F$5:$F$204,$J27,'İş Planı'!$O$5:$O$204,"<>Tamamlandı")+SUMIFS('İş Planı'!$K$5:$K$204,'İş Planı'!$G$5:$G$204,$J27,'İş Planı'!$O$5:$O$204,"<>Tamamlandı")) | N27: =IF($J27="","",COUNTIFS('İş Planı'!$D$5:$D$204,$J27,'İş Planı'!$O$5:$O$204,"Gecikmiş")+COUNTIFS('İş Planı'!$E$5:$E$204,$J27,'İş Planı'!$O$5:$O$204,"Gecikmiş")+COUNTIFS('İş Planı'!$F$5:$F$204,$J27,'İş Planı'!$O$5:$O$204,"Gecikmiş")+COUNTIFS('İş Planı'!$G$5:$G$204,$J27,'İş Planı'!$O$5:$O$204,"Gecikmiş"))
J28: =IF($D28="","",$D28) | K28: =IF($J28="","",COUNTIF('İş Planı'!$D$5:$D$204,$J28)+COUNTIF('İş Planı'!$E$5:$E$204,$J28)+COUNTIF('İş Planı'!$F$5:$F$204,$J28)+COUNTIF('İş Planı'!$G$5:$G$204,$J28)) | L28: =IF($J28="","",SUMIF('İş Planı'!$D$5:$D$204,$J28,'İş Planı'!$K$5:$K$204)+SUMIF('İş Planı'!$E$5:$E$204,$J28,'İş Planı'!$K$5:$K$204)+SUMIF('İş Planı'!$F$5:$F$204,$J28,'İş Planı'!$K$5:$K$204)+SUMIF('İş Planı'!$G$5:$G$204,$J28,'İş Planı'!$K$5:$K$204)) | M28: =IF($J28="","",SUMIFS('İş Planı'!$K$5:$K$204,'İş Planı'!$D$5:$D$204,$J28,'İş Planı'!$O$5:$O$204,"<>Tamamlandı")+SUMIFS('İş Planı'!$K$5:$K$204,'İş Planı'!$E$5:$E$204,$J28,'İş Planı'!$O$5:$O$204,"<>Tamamlandı")+SUMIFS('İş Planı'!$K$5:$K$204,'İş Planı'!$F$5:$F$204,$J28,'İş Planı'!$O$5:$O$204,"<>Tamamlandı")+SUMIFS('İş Planı'!$K$5:$K$204,'İş Planı'!$G$5:$G$204,$J28,'İş Planı'!$O$5:$O$204,"<>Tamamlandı")) | N28: =IF($J28="","",COUNTIFS('İş Planı'!$D$5:$D$204,$J28,'İş Planı'!$O$5:$O$204,"Gecikmiş")+COUNTIFS('İş Planı'!$E$5:$E$204,$J28,'İş Planı'!$O$5:$O$204,"Gecikmiş")+COUNTIFS('İş Planı'!$F$5:$F$204,$J28,'İş Planı'!$O$5:$O$204,"Gecikmiş")+COUNTIFS('İş Planı'!$G$5:$G$204,$J28,'İş Planı'!$O$5:$O$204,"Gecikmiş"))
... J43: =IF($D43="","",$D43) | K43: =IF($J43="","",COUNTIF('İş Planı'!$D$5:$D$204,$J43)+COUNTIF('İş Planı'!$E$5:$E$204,$J43)+COUNTIF('İş Planı'!$F$5:$F$204,$J43)+COUNTIF('İş Planı'!$G$5:$G$204,$J43)) | L43: =IF($J43="","",SUMIF('İş Planı'!$D$5:$D$204,$J43,'İş Planı'!$K$5:$K$204)+SUMIF('İş Planı'!$E$5:$E$204,$J43,'İş Planı'!$K$5:$K$204)+SUMIF('İş Planı'!$F$5:$F$204,$J43,'İş Planı'!$K$5:$K$204)+SUMIF('İş Planı'!$G$5:$G$204,$J43,'İş Planı'!$K$5:$K$204)) | M43: =IF($J43="","",SUMIFS('İş Planı'!$K$5:$K$204,'İş Planı'!$D$5:$D$204,$J43,'İş Planı'!$O$5:$O$204,"<>Tamamlandı")+SUMIFS('İş Planı'!$K$5:$K$204,'İş Planı'!$E$5:$E$204,$J43,'İş Planı'!$O$5:$O$204,"<>Tamamlandı")+SUMIFS('İş Planı'!$K$5:$K$204,'İş Planı'!$F$5:$F$204,$J43,'İş Planı'!$O$5:$O$204,"<>Tamamlandı")+SUMIFS('İş Planı'!$K$5:$K$204,'İş Planı'!$G$5:$G$204,$J43,'İş Planı'!$O$5:$O$204,"<>Tamamlandı")) | N43: =IF($J43="","",COUNTIFS('İş Planı'!$D$5:$D$204,$J43,'İş Planı'!$O$5:$O$204,"Gecikmiş")+COUNTIFS('İş Planı'!$E$5:$E$204,$J43,'İş Planı'!$O$5:$O$204,"Gecikmiş")+COUNTIFS('İş Planı'!$F$5:$F$204,$J43,'İş Planı'!$O$5:$O$204,"Gecikmiş")+COUNTIFS('İş Planı'!$G$5:$G$204,$J43,'İş Planı'!$O$5:$O$204,"Gecikmiş"))
J44: TOPLAM | K44: =SUM(K4:K43) -> 108 | L44: =SUM(L4:L43) -> 1282 | M44: =SUM(M4:M43) -> 1123 | N44: =SUM(N4:N43) -> 19
B60: Denetim Başlıkları, Kişiler ve Öncelik sütunları 'İş Planı' sayfasındaki açılır listeleri besler; ilgili sütundaki ilk boş hücreye yazmanız yeterlidir. Durum (referans) açılır liste DEĞİLDİR - durum İlerleme % ve tarihlerden otomatik hesaplanır. KİŞİ BAZLI GÜN YÜKÜ: gün sayısı Süre (Gün) sütunundan gelir (Bitiş - Başlangıç + 1). Sorumlu 1-4'ün dördü birden sayılır; bir işte iki kişi varsa o işin tüm günleri ikisine de yazılır (adam-gün değil, kişi başı yük). Tarihi girilmemiş işler gün üretmez, yalnızca İş Sayısı'na girer.

Sheet Hesap
A1: Bu sayfa Yönetici Özeti grafiklerinin veri kaynağıdır. Elle değiştirmeyin; tüm hücreler İş Planı'ndan hesaplanır. | E1: Durum | F1: Adet | H1: Ay | I1: Ay Başı | J1: Aktif İş | L1: Sıra | M1: İş Kalemi | N1: Gecikme (Gün) | T1: KPI | W1: Denetim Başlığı | X1: Tamamlanan | Y1: Devam Eden | Z1: Gecikmiş | AB1: Hafta | AC1: Planlanan (Küm.) | AD1: Gerçekleşen (Küm.) | AF1: Ay | AG1: Ay Sonu | AH1: Planlanan (Küm.) | AI1: Gerçekleşen (Küm.) | AK1: Kişi | AL1: Açık İş | AM1: Gecikmiş | AO1: Gecikme Aralığı | AP1: Yüksek | AQ1: Orta | AR1: Düşük | AS1: Öncelik girilmemiş | AU1: Mutabakat Durumu | AV1: Adet | AX1: Projeksiyon Geriliği | AY1: İş Sayısı
E2: Planlanan | F2: =COUNTIFS('İş Planı'!$O$5:$O$204,E2,'İş Planı'!$C$5:$C$204,"<>") -> 62 | H2: Oca | I2: 46023 | J2: =SUMPRODUCT(('İş Planı'!$C$5:$C$204<>"")*('İş Planı'!$I$5:$I$204<>"")*('İş Planı'!$J$5:$J$204<>"")*('İş Planı'!$I$5:$I$204<=EOMONTH(I2,0))*('İş Planı'!$M$5:$M$204>=I2)) -> 0 | L2: 10 | M2: =IFERROR(IF(LARGE('İş Planı'!$W$5:$W$204,L2)<0.5,"",LEFT(SUBSTITUTE(SUBSTITUTE(TRIM(INDEX('İş Planı'!$C$5:$C$204,MATCH(LARGE('İş Planı'!$W$5:$W$204,L2),'İş Planı'!$W$5:$W$204,0))),CHAR(10)," "),CHAR(13)," "),45)),"") -> 4.1.3 Yetkilendirme | N2: =IFERROR(IF(LARGE('İş Planı'!$W$5:$W$204,L2)<0.5,0,INT(LARGE('İş Planı'!$W$5:$W$204,L2))),0) -> 5 | T2: Toplam İş Kalemi | U2: =COUNTA('İş Planı'!$C$5:$C$204) -> 95 | W2: =IFERROR(INDEX(Listeler!$B$4:$B$43,SMALL($BB$4:$BB$43,22-ROW())),"") | X2: =IF($W2="","",IF(COUNTIFS('İş Planı'!$B$5:$B$204,$W2,'İş Planı'!$O$5:$O$204,"Tamamlandı")=0,"",COUNTIFS('İş Planı'!$B$5:$B$204,$W2,'İş Planı'!$O$5:$O$204,"Tamamlandı"))) | Y2: =IF($W2="","",IF(COUNTIFS('İş Planı'!$B$5:$B$204,$W2,'İş Planı'!$O$5:$O$204,"Devam Ediyor")=0,"",COUNTIFS('İş Planı'!$B$5:$B$204,$W2,'İş Planı'!$O$5:$O$204,"Devam Ediyor"))) | Z2: =IF($W2="","",IF(COUNTIFS('İş Planı'!$B$5:$B$204,$W2,'İş Planı'!$O$5:$O$204,"Gecikmiş")=0,"",COUNTIFS('İş Planı'!$B$5:$B$204,$W2,'İş Planı'!$O$5:$O$204,"Gecikmiş"))) | AB2: 46029 | AC2: =SUMPRODUCT(('İş Planı'!$C$5:$C$204<>"")*('İş Planı'!$M$5:$M$204<>"")*('İş Planı'!$M$5:$M$204<=AB2)) -> 0 | AD2: =SUMPRODUCT(('İş Planı'!$C$5:$C$204<>"")*('İş Planı'!$M$5:$M$204<>"")*('İş Planı'!$M$5:$M$204<=AB2)*('İş Planı'!$O$5:$O$204="Tamamlandı")) -> 0 | AF2: Oca | AG2: 46053 | AH2: =SUMPRODUCT(('İş Planı'!$C$5:$C$204<>"")*('İş Planı'!$M$5:$M$204<>"")*('İş Planı'!$M$5:$M$204<=AG2)) -> 0 | AI2: =SUMPRODUCT(('İş Planı'!$C$5:$C$204<>"")*('İş Planı'!$M$5:$M$204<>"")*('İş Planı'!$M$5:$M$204<=AG2)*('İş Planı'!$O$5:$O$204="Tamamlandı")) -> 0 | AK2: =IFERROR(INDEX(Listeler!$D$4:$D$43,SMALL($BD$4:$BD$43,22-ROW())),"") | AL2: =IF($AK2="","",IF(COUNTIFS('İş Planı'!$D$5:$D$204,$AK2,'İş Planı'!$O$5:$O$204,"Planlanan")+COUNTIFS('İş Planı'!$E$5:$E$204,$AK2,'İş Planı'!$O$5:$O$204,"Planlanan")+COUNTIFS('İş Planı'!$F$5:$F$204,$AK2,'İş Planı'!$O$5:$O$204,"Planlanan")+COUNTIFS('İş Planı'!$G$5:$G$204,$AK2,'İş Planı'!$O$5:$O$204,"Planlanan")+COUNTIFS('İş Planı'!$D$5:$D$204,$AK2,'İş Planı'!$O$5:$O$204,"Devam Ediyor")+COUNTIFS('İş Planı'!$E$5:$E$204,$AK2,'İş Planı'!$O$5:$O$204,"Devam Ediyor")+COUNTIFS('İş Planı'!$F$5:$F$204,$AK2,'İş Planı'!$O$5:$O$204,"Devam Ediyor")+COUNTIFS('İş Planı'!$G$5:$G$204,$AK2,'İş Planı'!$O$5:$O$204,"Devam Ediyor")=0,"",COUNTIFS('İş Planı'!$D$5:$D$204,$AK2,'İş Planı'!$O$5:$O$204,"Planlanan")+COUNTIFS('İş Planı'!$E$5:$E$204,$AK2,'İş Planı'!$O$5:$O$204,"Planlanan")+COUNTIFS('İş Planı'!$F$5:$F$204,$AK2,'İş Planı'!$O$5:$O$204,"Planlanan")+COUNTIFS('İş Planı'!$G$5:$G$204,$AK2,'İş Planı'!$O$5:$O$204,"Planlanan")+COUNTIFS('İş Planı'!$D$5:$D$204,$AK2,'İş Planı'!$O$5:$O$204,"Devam Ediyor")+COUNTIFS('İş Planı'!$E$5:$E$204,$AK2,'İş Planı'!$O$5:$O$204,"Devam Ediyor")+COUNTIFS('İş Planı'!$F$5:$F$204,$AK2,'İş Planı'!$O$5:$O$204,"Devam Ediyor")+COUNTIFS('İş Planı'!$G$5:$G$204,$AK2,'İş Planı'!$O$5:$O$204,"Devam Ediyor"))) | AM2: =IF($AK2="","",IF(COUNTIFS('İş Planı'!$D$5:$D$204,$AK2,'İş Planı'!$O$5:$O$204,"Gecikmiş")+COUNTIFS('İş Planı'!$E$5:$E$204,$AK2,'İş Planı'!$O$5:$O$204,"Gecikmiş")+COUNTIFS('İş Planı'!$F$5:$F$204,$AK2,'İş Planı'!$O$5:$O$204,"Gecikmiş")+COUNTIFS('İş Planı'!$G$5:$G$204,$AK2,'İş Planı'!$O$5:$O$204,"Gecikmiş")=0,"",COUNTIFS('İş Planı'!$D$5:$D$204,$AK2,'İş Planı'!$O$5:$O$204,"Gecikmiş")+COUNTIFS('İş Planı'!$E$5:$E$204,$AK2,'İş Planı'!$O$5:$O$204,"Gecikmiş")+COUNTIFS('İş Planı'!$F$5:$F$204,$AK2,'İş Planı'!$O$5:$O$204,"Gecikmiş")+COUNTIFS('İş Planı'!$G$5:$G$204,$AK2,'İş Planı'!$O$5:$O$204,"Gecikmiş"))) | AO2: 1-7 gün | AP2: =IF(COUNTIFS('İş Planı'!$X$5:$X$204,">=1",'İş Planı'!$X$5:$X$204,"<=7",'İş Planı'!$H$5:$H$204,"Yüksek")=0,"",COUNTIFS('İş Planı'!$X$5:$X$204,">=1",'İş Planı'!$X$5:$X$204,"<=7",'İş Planı'!$H$5:$H$204,"Yüksek")) | AQ2: =IF(COUNTIFS('İş Planı'!$X$5:$X$204,">=1",'İş Planı'!$X$5:$X$204,"<=7",'İş Planı'!$H$5:$H$204,"Orta")=0,"",COUNTIFS('İş Planı'!$X$5:$X$204,">=1",'İş Planı'!$X$5:$X$204,"<=7",'İş Planı'!$H$5:$H$204,"Orta")) -> 7 | AR2: =IF(COUNTIFS('İş Planı'!$X$5:$X$204,">=1",'İş Planı'!$X$5:$X$204,"<=7",'İş Planı'!$H$5:$H$204,"Düşük")=0,"",COUNTIFS('İş Planı'!$X$5:$X$204,">=1",'İş Planı'!$X$5:$X$204,"<=7",'İş Planı'!$H$5:$H$204,"Düşük")) | AS2: =IF(COUNTIFS('İş Planı'!$X$5:$X$204,">=1",'İş Planı'!$X$5:$X$204,"<=7",'İş Planı'!$H$5:$H$204,"")=0,"",COUNTIFS('İş Planı'!$X$5:$X$204,">=1",'İş Planı'!$X$5:$X$204,"<=7",'İş Planı'!$H$5:$H$204,"")) -> 2 | AU2: Mutabakatı yapıldı | AV2: =COUNTIFS('İş Planı'!$R$5:$R$204,"<>",'İş Planı'!$C$5:$C$204,"<>") -> 0 | AX2: %30-50 geride | AY2: =COUNTIFS('İş Planı'!$Y$5:$Y$204,">0.3",'İş Planı'!$Y$5:$Y$204,"<=0.5") -> 10
A3: Bugün | B3: =TODAY() -> 46300 | E3: Devam Ediyor | F3: =COUNTIFS('İş Planı'!$O$5:$O$204,E3,'İş Planı'!$C$5:$C$204,"<>") -> 12 | H3: Şub | I3: 46054 | J3: =SUMPRODUCT(('İş Planı'!$C$5:$C$204<>"")*('İş Planı'!$I$5:$I$204<>"")*('İş Planı'!$J$5:$J$204<>"")*('İş Planı'!$I$5:$I$204<=EOMONTH(I3,0))*('İş Planı'!$M$5:$M$204>=I3)) -> 0 | L3: 9 | M3: =IFERROR(IF(LARGE('İş Planı'!$W$5:$W$204,L3)<0.5,"",LEFT(SUBSTITUTE(SUBSTITUTE(TRIM(INDEX('İş Planı'!$C$5:$C$204,MATCH(LARGE('İş Planı'!$W$5:$W$204,L3),'İş Planı'!$W$5:$W$204,0))),CHAR(10)," "),CHAR(13)," "),45)),"") -> Hesapkurdu firması ağustos ayında Glasshouse' | N3: =IFERROR(IF(LARGE('İş Planı'!$W$5:$W$204,L3)<0.5,0,INT(LARGE('İş Planı'!$W$5:$W$204,L3))),0) -> 6 | T3: Tamamlandı | U3: =F4 -> 6 | W3: =IFERROR(INDEX(Listeler!$B$4:$B$43,SMALL($BB$4:$BB$43,22-ROW())),"") | X3: =IF($W3="","",IF(COUNTIFS('İş Planı'!$B$5:$B$204,$W3,'İş Planı'!$O$5:$O$204,"Tamamlandı")=0,"",COUNTIFS('İş Planı'!$B$5:$B$204,$W3,'İş Planı'!$O$5:$O$204,"Tamamlandı"))) | Y3: =IF($W3="","",IF(COUNTIFS('İş Planı'!$B$5:$B$204,$W3,'İş Planı'!$O$5:$O$204,"Devam Ediyor")=0,"",COUNTIFS('İş Planı'!$B$5:$B$204,$W3,'İş Planı'!$O$5:$O$204,"Devam Ediyor"))) | Z3: =IF($W3="","",IF(COUNTIFS('İş Planı'!$B$5:$B$204,$W3,'İş Planı'!$O$5:$O$204,"Gecikmiş")=0,"",COUNTIFS('İş Planı'!$B$5:$B$204,$W3,'İş Planı'!$O$5:$O$204,"Gecikmiş"))) | AB3: 46036 | AC3: =SUMPRODUCT(('İş Planı'!$C$5:$C$204<>"")*('İş Planı'!$M$5:$M$204<>"")*('İş Planı'!$M$5:$M$204<=AB3)) -> 0 | AD3: =SUMPRODUCT(('İş Planı'!$C$5:$C$204<>"")*('İş Planı'!$M$5:$M$204<>"")*('İş Planı'!$M$5:$M$204<=AB3)*('İş Planı'!$O$5:$O$204="Tamamlandı")) -> 0 | AF3: Şub | AG3: 46081 | AH3: =SUMPRODUCT(('İş Planı'!$C$5:$C$204<>"")*('İş Planı'!$M$5:$M$204<>"")*('İş Planı'!$M$5:$M$204<=AG3)) -> 0 | AI3: =SUMPRODUCT(('İş Planı'!$C$5:$C$204<>"")*('İş Planı'!$M$5:$M$204<>"")*('İş Planı'!$M$5:$M$204<=AG3)*('İş Planı'!$O$5:$O$204="Tamamlandı")) -> 0 | AK3: =IFERROR(INDEX(Listeler!$D$4:$D$43,SMALL($BD$4:$BD$43,22-ROW())),"") | AL3: =IF($AK3="","",IF(COUNTIFS('İş Planı'!$D$5:$D$204,$AK3,'İş Planı'!$O$5:$O$204,"Planlanan")+COUNTIFS('İş Planı'!$E$5:$E$204,$AK3,'İş Planı'!$O$5:$O$204,"Planlanan")+COUNTIFS('İş Planı'!$F$5:$F$204,$AK3,'İş Planı'!$O$5:$O$204,"Planlanan")+COUNTIFS('İş Planı'!$G$5:$G$204,$AK3,'İş Planı'!$O$5:$O$204,"Planlanan")+COUNTIFS('İş Planı'!$D$5:$D$204,$AK3,'İş Planı'!$O$5:$O$204,"Devam Ediyor")+COUNTIFS('İş Planı'!$E$5:$E$204,$AK3,'İş Planı'!$O$5:$O$204,"Devam Ediyor")+COUNTIFS('İş Planı'!$F$5:$F$204,$AK3,'İş Planı'!$O$5:$O$204,"Devam Ediyor")+COUNTIFS('İş Planı'!$G$5:$G$204,$AK3,'İş Planı'!$O$5:$O$204,"Devam Ediyor")=0,"",COUNTIFS('İş Planı'!$D$5:$D$204,$AK3,'İş Planı'!$O$5:$O$204,"Planlanan")+COUNTIFS('İş Planı'!$E$5:$E$204,$AK3,'İş Planı'!$O$5:$O$204,"Planlanan")+COUNTIFS('İş Planı'!$F$5:$F$204,$AK3,'İş Planı'!$O$5:$O$204,"Planlanan")+COUNTIFS('İş Planı'!$G$5:$G$204,$AK3,'İş Planı'!$O$5:$O$204,"Planlanan")+COUNTIFS('İş Planı'!$D$5:$D$204,$AK3,'İş Planı'!$O$5:$O$204,"Devam Ediyor")+COUNTIFS('İş Planı'!$E$5:$E$204,$AK3,'İş Planı'!$O$5:$O$204,"Devam Ediyor")+COUNTIFS('İş Planı'!$F$5:$F$204,$AK3,'İş Planı'!$O$5:$O$204,"Devam Ediyor")+COUNTIFS('İş Planı'!$G$5:$G$204,$AK3,'İş Planı'!$O$5:$O$204,"Devam Ediyor"))) | AM3: =IF($AK3="","",IF(COUNTIFS('İş Planı'!$D$5:$D$204,$AK3,'İş Planı'!$O$5:$O$204,"Gecikmiş")+COUNTIFS('İş Planı'!$E$5:$E$204,$AK3,'İş Planı'!$O$5:$O$204,"Gecikmiş")+COUNTIFS('İş Planı'!$F$5:$F$204,$AK3,'İş Planı'!$O$5:$O$204,"Gecikmiş")+COUNTIFS('İş Planı'!$G$5:$G$204,$AK3,'İş Planı'!$O$5:$O$204,"Gecikmiş")=0,"",COUNTIFS('İş Planı'!$D$5:$D$204,$AK3,'İş Planı'!$O$5:$O$204,"Gecikmiş")+COUNTIFS('İş Planı'!$E$5:$E$204,$AK3,'İş Planı'!$O$5:$O$204,"Gecikmiş")+COUNTIFS('İş Planı'!$F$5:$F$204,$AK3,'İş Planı'!$O$5:$O$204,"Gecikmiş")+COUNTIFS('İş Planı'!$G$5:$G$204,$AK3,'İş Planı'!$O$5:$O$204,"Gecikmiş"))) | AO3: 8-30 gün | AP3: =IF(COUNTIFS('İş Planı'!$X$5:$X$204,">=8",'İş Planı'!$X$5:$X$204,"<=30",'İş Planı'!$H$5:$H$204,"Yüksek")=0,"",COUNTIFS('İş Planı'!$X$5:$X$204,">=8",'İş Planı'!$X$5:$X$204,"<=30",'İş Planı'!$H$5:$H$204,"Yüksek")) | AQ3: =IF(COUNTIFS('İş Planı'!$X$5:$X$204,">=8",'İş Planı'!$X$5:$X$204,"<=30",'İş Planı'!$H$5:$H$204,"Orta")=0,"",COUNTIFS('İş Planı'!$X$5:$X$204,">=8",'İş Planı'!$X$5:$X$204,"<=30",'İş Planı'!$H$5:$H$204,"Orta")) -> 6 | AR3: =IF(COUNTIFS('İş Planı'!$X$5:$X$204,">=8",'İş Planı'!$X$5:$X$204,"<=30",'İş Planı'!$H$5:$H$204,"Düşük")=0,"",COUNTIFS('İş Planı'!$X$5:$X$204,">=8",'İş Planı'!$X$5:$X$204,"<=30",'İş Planı'!$H$5:$H$204,"Düşük")) | AS3: =IF(COUNTIFS('İş Planı'!$X$5:$X$204,">=8",'İş Planı'!$X$5:$X$204,"<=30",'İş Planı'!$H$5:$H$204,"")=0,"",COUNTIFS('İş Planı'!$X$5:$X$204,">=8",'İş Planı'!$X$5:$X$204,"<=30",'İş Planı'!$H$5:$H$204,"")) | AU3: Süresi var | AV3: =COUNTIF('İş Planı'!$T$5:$T$204,"●*") -> 11 | AX3: %50-70 geride | AY3: =COUNTIFS('İş Planı'!$Y$5:$Y$204,">0.5",'İş Planı'!$Y$5:$Y$204,"<=0.7") -> 0 | BA3: Kullanılan başlık indeksi | BC3: Yükü olan kişi indeksi
A4: Tüm tarih karşılaştırmaları bu tek hücreyi okur. | E4: Tamamlandı | F4: =COUNTIFS('İş Planı'!$O$5:$O$204,E4,'İş Planı'!$C$5:$C$204,"<>") -> 6 | H4: Mar | I4: 46082 | J4: =SUMPRODUCT(('İş Planı'!$C$5:$C$204<>"")*('İş Planı'!$I$5:$I$204<>"")*('İş Planı'!$J$5:$J$204<>"")*('İş Planı'!$I$5:$I$204<=EOMONTH(I4,0))*('İş Planı'!$M$5:$M$204>=I4)) -> 0 | L4: 8 | M4: =IFERROR(IF(LARGE('İş Planı'!$W$5:$W$204,L4)<0.5,"",LEFT(SUBSTITUTE(SUBSTITUTE(TRIM(INDEX('İş Planı'!$C$5:$C$204,MATCH(LARGE('İş Planı'!$W$5:$W$204,L4),'İş Planı'!$W$5:$W$204,0))),CHAR(10)," "),CHAR(13)," "),45)),"") -> Madde 21 | N4: =IFERROR(IF(LARGE('İş Planı'!$W$5:$W$204,L4)<0.5,0,INT(LARGE('İş Planı'!$W$5:$W$204,L4))),0) -> 7 | T4: Devam Ediyor | U4: =F3 -> 12 | W4: =IFERROR(INDEX(Listeler!$B$4:$B$43,SMALL($BB$4:$BB$43,22-ROW())),"") | X4: =IF($W4="","",IF(COUNTIFS('İş Planı'!$B$5:$B$204,$W4,'İş Planı'!$O$5:$O$204,"Tamamlandı")=0,"",COUNTIFS('İş Planı'!$B$5:$B$204,$W4,'İş Planı'!$O$5:$O$204,"Tamamlandı"))) | Y4: =IF($W4="","",IF(COUNTIFS('İş Planı'!$B$5:$B$204,$W4,'İş Planı'!$O$5:$O$204,"Devam Ediyor")=0,"",COUNTIFS('İş Planı'!$B$5:$B$204,$W4,'İş Planı'!$O$5:$O$204,"Devam Ediyor"))) | Z4: =IF($W4="","",IF(COUNTIFS('İş Planı'!$B$5:$B$204,$W4,'İş Planı'!$O$5:$O$204,"Gecikmiş")=0,"",COUNTIFS('İş Planı'!$B$5:$B$204,$W4,'İş Planı'!$O$5:$O$204,"Gecikmiş"))) | AB4: 46043 | AC4: =SUMPRODUCT(('İş Planı'!$C$5:$C$204<>"")*('İş Planı'!$M$5:$M$204<>"")*('İş Planı'!$M$5:$M$204<=AB4)) -> 0 | AD4: =SUMPRODUCT(('İş Planı'!$C$5:$C$204<>"")*('İş Planı'!$M$5:$M$204<>"")*('İş Planı'!$M$5:$M$204<=AB4)*('İş Planı'!$O$5:$O$204="Tamamlandı")) -> 0 | AF4: Mar | AG4: 46112 | AH4: =SUMPRODUCT(('İş Planı'!$C$5:$C$204<>"")*('İş Planı'!$M$5:$M$204<>"")*('İş Planı'!$M$5:$M$204<=AG4)) -> 0 | AI4: =SUMPRODUCT(('İş Planı'!$C$5:$C$204<>"")*('İş Planı'!$M$5:$M$204<>"")*('İş Planı'!$M$5:$M$204<=AG4)*('İş Planı'!$O$5:$O$204="Tamamlandı")) -> 0 | AK4: =IFERROR(INDEX(Listeler!$D$4:$D$43,SMALL($BD$4:$BD$43,22-ROW())),"") | AL4: =IF($AK4="","",IF(COUNTIFS('İş Planı'!$D$5:$D$204,$AK4,'İş Planı'!$O$5:$O$204,"Planlanan")+COUNTIFS('İş Planı'!$E$5:$E$204,$AK4,'İş Planı'!$O$5:$O$204,"Planlanan")+COUNTIFS('İş Planı'!$F$5:$F$204,$AK4,'İş Planı'!$O$5:$O$204,"Planlanan")+COUNTIFS('İş Planı'!$G$5:$G$204,$AK4,'İş Planı'!$O$5:$O$204,"Planlanan")+COUNTIFS('İş Planı'!$D$5:$D$204,$AK4,'İş Planı'!$O$5:$O$204,"Devam Ediyor")+COUNTIFS('İş Planı'!$E$5:$E$204,$AK4,'İş Planı'!$O$5:$O$204,"Devam Ediyor")+COUNTIFS('İş Planı'!$F$5:$F$204,$AK4,'İş Planı'!$O$5:$O$204,"Devam Ediyor")+COUNTIFS('İş Planı'!$G$5:$G$204,$AK4,'İş Planı'!$O$5:$O$204,"Devam Ediyor")=0,"",COUNTIFS('İş Planı'!$D$5:$D$204,$AK4,'İş Planı'!$O$5:$O$204,"Planlanan")+COUNTIFS('İş Planı'!$E$5:$E$204,$AK4,'İş Planı'!$O$5:$O$204,"Planlanan")+COUNTIFS('İş Planı'!$F$5:$F$204,$AK4,'İş Planı'!$O$5:$O$204,"Planlanan")+COUNTIFS('İş Planı'!$G$5:$G$204,$AK4,'İş Planı'!$O$5:$O$204,"Planlanan")+COUNTIFS('İş Planı'!$D$5:$D$204,$AK4,'İş Planı'!$O$5:$O$204,"Devam Ediyor")+COUNTIFS('İş Planı'!$E$5:$E$204,$AK4,'İş Planı'!$O$5:$O$204,"Devam Ediyor")+COUNTIFS('İş Planı'!$F$5:$F$204,$AK4,'İş Planı'!$O$5:$O$204,"Devam Ediyor")+COUNTIFS('İş Planı'!$G$5:$G$204,$AK4,'İş Planı'!$O$5:$O$204,"Devam Ediyor"))) | AM4: =IF($AK4="","",IF(COUNTIFS('İş Planı'!$D$5:$D$204,$AK4,'İş Planı'!$O$5:$O$204,"Gecikmiş")+COUNTIFS('İş Planı'!$E$5:$E$204,$AK4,'İş Planı'!$O$5:$O$204,"Gecikmiş")+COUNTIFS('İş Planı'!$F$5:$F$204,$AK4,'İş Planı'!$O$5:$O$204,"Gecikmiş")+COUNTIFS('İş Planı'!$G$5:$G$204,$AK4,'İş Planı'!$O$5:$O$204,"Gecikmiş")=0,"",COUNTIFS('İş Planı'!$D$5:$D$204,$AK4,'İş Planı'!$O$5:$O$204,"Gecikmiş")+COUNTIFS('İş Planı'!$E$5:$E$204,$AK4,'İş Planı'!$O$5:$O$204,"Gecikmiş")+COUNTIFS('İş Planı'!$F$5:$F$204,$AK4,'İş Planı'!$O$5:$O$204,"Gecikmiş")+COUNTIFS('İş Planı'!$G$5:$G$204,$AK4,'İş Planı'!$O$5:$O$204,"Gecikmiş"))) | AO4: 31-90 gün | AP4: =IF(COUNTIFS('İş Planı'!$X$5:$X$204,">=31",'İş Planı'!$X$5:$X$204,"<=90",'İş Planı'!$H$5:$H$204,"Yüksek")=0,"",COUNTIFS('İş Planı'!$X$5:$X$204,">=31",'İş Planı'!$X$5:$X$204,"<=90",'İş Planı'!$H$5:$H$204,"Yüksek")) | AQ4: =IF(COUNTIFS('İş Planı'!$X$5:$X$204,">=31",'İş Planı'!$X$5:$X$204,"<=90",'İş Planı'!$H$5:$H$204,"Orta")=0,"",COUNTIFS('İş Planı'!$X$5:$X$204,">=31",'İş Planı'!$X$5:$X$204,"<=90",'İş Planı'!$H$5:$H$204,"Orta")) | AR4: =IF(COUNTIFS('İş Planı'!$X$5:$X$204,">=31",'İş Planı'!$X$5:$X$204,"<=90",'İş Planı'!$H$5:$H$204,"Düşük")=0,"",COUNTIFS('İş Planı'!$X$5:$X$204,">=31",'İş Planı'!$X$5:$X$204,"<=90",'İş Planı'!$H$5:$H$204,"Düşük")) | AS4: =IF(COUNTIFS('İş Planı'!$X$5:$X$204,">=31",'İş Planı'!$X$5:$X$204,"<=90",'İş Planı'!$H$5:$H$204,"")=0,"",COUNTIFS('İş Planı'!$X$5:$X$204,">=31",'İş Planı'!$X$5:$X$204,"<=90",'İş Planı'!$H$5:$H$204,"")) | AU4: Mutabakat gecikti | AV4: =COUNTIF('İş Planı'!$T$5:$T$204,"*gecikti*") -> 9 | AX4: %70+ geride | AY4: =COUNTIFS('İş Planı'!$Y$5:$Y$204,">0.7") -> 7 | BB4: =IF(Listeler!$B4="","",IF(COUNTIF('İş Planı'!$B$5:$B$204,Listeler!$B4)=0,"",ROW()-3)) -> 1 | BD4: =IF(Listeler!$D4="","",IF(COUNTIF('İş Planı'!$D$5:$D$204,Listeler!$D4)+COUNTIF('İş Planı'!$E$5:$E$204,Listeler!$D4)+COUNTIF('İş Planı'!$F$5:$F$204,Listeler!$D4)+COUNTIF('İş Planı'!$G$5:$G$204,Listeler!$D4)=0,"",ROW()-3)) -> 1
E5: Gecikmiş | F5: =COUNTIFS('İş Planı'!$O$5:$O$204,E5,'İş Planı'!$C$5:$C$204,"<>") -> 15 | H5: Nis | I5: 46113 | J5: =SUMPRODUCT(('İş Planı'!$C$5:$C$204<>"")*('İş Planı'!$I$5:$I$204<>"")*('İş Planı'!$J$5:$J$204<>"")*('İş Planı'!$I$5:$I$204<=EOMONTH(I5,0))*('İş Planı'!$M$5:$M$204>=I5)) -> 0 | L5: 7 | M5: =IFERROR(IF(LARGE('İş Planı'!$W$5:$W$204,L5)<0.5,"",LEFT(SUBSTITUTE(SUBSTITUTE(TRIM(INDEX('İş Planı'!$C$5:$C$204,MATCH(LARGE('İş Planı'!$W$5:$W$204,L5),'İş Planı'!$W$5:$W$204,0))),CHAR(10)," "),CHAR(13)," "),45)),"") -> Madde 10 | N5: =IFERROR(IF(LARGE('İş Planı'!$W$5:$W$204,L5)<0.5,0,INT(LARGE('İş Planı'!$W$5:$W$204,L5))),0) -> 7 | T5: Gecikmiş | U5: =F5 -> 15 | W5: =IFERROR(INDEX(Listeler!$B$4:$B$43,SMALL($BB$4:$BB$43,22-ROW())),"") | X5: =IF($W5="","",IF(COUNTIFS('İş Planı'!$B$5:$B$204,$W5,'İş Planı'!$O$5:$O$204,"Tamamlandı")=0,"",COUNTIFS('İş Planı'!$B$5:$B$204,$W5,'İş Planı'!$O$5:$O$204,"Tamamlandı"))) | Y5: =IF($W5="","",IF(COUNTIFS('İş Planı'!$B$5:$B$204,$W5,'İş Planı'!$O$5:$O$204,"Devam Ediyor")=0,"",COUNTIFS('İş Planı'!$B$5:$B$204,$W5,'İş Planı'!$O$5:$O$204,"Devam Ediyor"))) | Z5: =IF($W5="","",IF(COUNTIFS('İş Planı'!$B$5:$B$204,$W5,'İş Planı'!$O$5:$O$204,"Gecikmiş")=0,"",COUNTIFS('İş Planı'!$B$5:$B$204,$W5,'İş Planı'!$O$5:$O$204,"Gecikmiş"))) | AB5: 46050 | AC5: =SUMPRODUCT(('İş Planı'!$C$5:$C$204<>"")*('İş Planı'!$M$5:$M$204<>"")*('İş Planı'!$M$5:$M$204<=AB5)) -> 0 | AD5: =SUMPRODUCT(('İş Planı'!$C$5:$C$204<>"")*('İş Planı'!$M$5:$M$204<>"")*('İş Planı'!$M$5:$M$204<=AB5)*('İş Planı'!$O$5:$O$204="Tamamlandı")) -> 0 | AF5: Nis | AG5: 46142 | AH5: =SUMPRODUCT(('İş Planı'!$C$5:$C$204<>"")*('İş Planı'!$M$5:$M$204<>"")*('İş Planı'!$M$5:$M$204<=AG5)) -> 0 | AI5: =SUMPRODUCT(('İş Planı'!$C$5:$C$204<>"")*('İş Planı'!$M$5:$M$204<>"")*('İş Planı'!$M$5:$M$204<=AG5)*('İş Planı'!$O$5:$O$204="Tamamlandı")) -> 0 | AK5: =IFERROR(INDEX(Listeler!$D$4:$D$43,SMALL($BD$4:$BD$43,22-ROW())),"") | AL5: =IF($AK5="","",IF(COUNTIFS('İş Planı'!$D$5:$D$204,$AK5,'İş Planı'!$O$5:$O$204,"Planlanan")+COUNTIFS('İş Planı'!$E$5:$E$204,$AK5,'İş Planı'!$O$5:$O$204,"Planlanan")+COUNTIFS('İş Planı'!$F$5:$F$204,$AK5,'İş Planı'!$O$5:$O$204,"Planlanan")+COUNTIFS('İş Planı'!$G$5:$G$204,$AK5,'İş Planı'!$O$5:$O$204,"Planlanan")+COUNTIFS('İş Planı'!$D$5:$D$204,$AK5,'İş Planı'!$O$5:$O$204,"Devam Ediyor")+COUNTIFS('İş Planı'!$E$5:$E$204,$AK5,'İş Planı'!$O$5:$O$204,"Devam Ediyor")+COUNTIFS('İş Planı'!$F$5:$F$204,$AK5,'İş Planı'!$O$5:$O$204,"Devam Ediyor")+COUNTIFS('İş Planı'!$G$5:$G$204,$AK5,'İş Planı'!$O$5:$O$204,"Devam Ediyor")=0,"",COUNTIFS('İş Planı'!$D$5:$D$204,$AK5,'İş Planı'!$O$5:$O$204,"Planlanan")+COUNTIFS('İş Planı'!$E$5:$E$204,$AK5,'İş Planı'!$O$5:$O$204,"Planlanan")+COUNTIFS('İş Planı'!$F$5:$F$204,$AK5,'İş Planı'!$O$5:$O$204,"Planlanan")+COUNTIFS('İş Planı'!$G$5:$G$204,$AK5,'İş Planı'!$O$5:$O$204,"Planlanan")+COUNTIFS('İş Planı'!$D$5:$D$204,$AK5,'İş Planı'!$O$5:$O$204,"Devam Ediyor")+COUNTIFS('İş Planı'!$E$5:$E$204,$AK5,'İş Planı'!$O$5:$O$204,"Devam Ediyor")+COUNTIFS('İş Planı'!$F$5:$F$204,$AK5,'İş Planı'!$O$5:$O$204,"Devam Ediyor")+COUNTIFS('İş Planı'!$G$5:$G$204,$AK5,'İş Planı'!$O$5:$O$204,"Devam Ediyor"))) | AM5: =IF($AK5="","",IF(COUNTIFS('İş Planı'!$D$5:$D$204,$AK5,'İş Planı'!$O$5:$O$204,"Gecikmiş")+COUNTIFS('İş Planı'!$E$5:$E$204,$AK5,'İş Planı'!$O$5:$O$204,"Gecikmiş")+COUNTIFS('İş Planı'!$F$5:$F$204,$AK5,'İş Planı'!$O$5:$O$204,"Gecikmiş")+COUNTIFS('İş Planı'!$G$5:$G$204,$AK5,'İş Planı'!$O$5:$O$204,"Gecikmiş")=0,"",COUNTIFS('İş Planı'!$D$5:$D$204,$AK5,'İş Planı'!$O$5:$O$204,"Gecikmiş")+COUNTIFS('İş Planı'!$E$5:$E$204,$AK5,'İş Planı'!$O$5:$O$204,"Gecikmiş")+COUNTIFS('İş Planı'!$F$5:$F$204,$AK5,'İş Planı'!$O$5:$O$204,"Gecikmiş")+COUNTIFS('İş Planı'!$G$5:$G$204,$AK5,'İş Planı'!$O$5:$O$204,"Gecikmiş"))) | AO5: 90+ gün | AP5: =IF(COUNTIFS('İş Planı'!$X$5:$X$204,">=91",'İş Planı'!$H$5:$H$204,"Yüksek")=0,"",COUNTIFS('İş Planı'!$X$5:$X$204,">=91",'İş Planı'!$H$5:$H$204,"Yüksek")) | AQ5: =IF(COUNTIFS('İş Planı'!$X$5:$X$204,">=91",'İş Planı'!$H$5:$H$204,"Orta")=0,"",COUNTIFS('İş Planı'!$X$5:$X$204,">=91",'İş Planı'!$H$5:$H$204,"Orta")) | AR5: =IF(COUNTIFS('İş Planı'!$X$5:$X$204,">=91",'İş Planı'!$H$5:$H$204,"Düşük")=0,"",COUNTIFS('İş Planı'!$X$5:$X$204,">=91",'İş Planı'!$H$5:$H$204,"Düşük")) | AS5: =IF(COUNTIFS('İş Planı'!$X$5:$X$204,">=91",'İş Planı'!$H$5:$H$204,"")=0,"",COUNTIFS('İş Planı'!$X$5:$X$204,">=91",'İş Planı'!$H$5:$H$204,"")) | BB5: =IF(Listeler!$B5="","",IF(COUNTIF('İş Planı'!$B$5:$B$204,Listeler!$B5)=0,"",ROW()-3)) -> 2 | BD5: =IF(Listeler!$D5="","",IF(COUNTIF('İş Planı'!$D$5:$D$204,Listeler!$D5)+COUNTIF('İş Planı'!$E$5:$E$204,Listeler!$D5)+COUNTIF('İş Planı'!$F$5:$F$204,Listeler!$D5)+COUNTIF('İş Planı'!$G$5:$G$204,Listeler!$D5)=0,"",ROW()-3))
H6: May | I6: 46143 | J6: =SUMPRODUCT(('İş Planı'!$C$5:$C$204<>"")*('İş Planı'!$I$5:$I$204<>"")*('İş Planı'!$J$5:$J$204<>"")*('İş Planı'!$I$5:$I$204<=EOMONTH(I6,0))*('İş Planı'!$M$5:$M$204>=I6)) -> 0 | L6: 6 | M6: =IFERROR(IF(LARGE('İş Planı'!$W$5:$W$204,L6)<0.5,"",LEFT(SUBSTITUTE(SUBSTITUTE(TRIM(INDEX('İş Planı'!$C$5:$C$204,MATCH(LARGE('İş Planı'!$W$5:$W$204,L6),'İş Planı'!$W$5:$W$204,0))),CHAR(10)," "),CHAR(13)," "),45)),"") -> 3.1.7 Veri Sızıntısı Önleme | N6: =IFERROR(IF(LARGE('İş Planı'!$W$5:$W$204,L6)<0.5,0,INT(LARGE('İş Planı'!$W$5:$W$204,L6))),0) -> 12 | T6: Planlanan | U6: =F2 -> 62 | W6: =IFERROR(INDEX(Listeler!$B$4:$B$43,SMALL($BB$4:$BB$43,22-ROW())),"") | X6: =IF($W6="","",IF(COUNTIFS('İş Planı'!$B$5:$B$204,$W6,'İş Planı'!$O$5:$O$204,"Tamamlandı")=0,"",COUNTIFS('İş Planı'!$B$5:$B$204,$W6,'İş Planı'!$O$5:$O$204,"Tamamlandı"))) | Y6: =IF($W6="","",IF(COUNTIFS('İş Planı'!$B$5:$B$204,$W6,'İş Planı'!$O$5:$O$204,"Devam Ediyor")=0,"",COUNTIFS('İş Planı'!$B$5:$B$204,$W6,'İş Planı'!$O$5:$O$204,"Devam Ediyor"))) | Z6: =IF($W6="","",IF(COUNTIFS('İş Planı'!$B$5:$B$204,$W6,'İş Planı'!$O$5:$O$204,"Gecikmiş")=0,"",COUNTIFS('İş Planı'!$B$5:$B$204,$W6,'İş Planı'!$O$5:$O$204,"Gecikmiş"))) | AB6: 46057 | AC6: =SUMPRODUCT(('İş Planı'!$C$5:$C$204<>"")*('İş Planı'!$M$5:$M$204<>"")*('İş Planı'!$M$5:$M$204<=AB6)) -> 0 | AD6: =SUMPRODUCT(('İş Planı'!$C$5:$C$204<>"")*('İş Planı'!$M$5:$M$204<>"")*('İş Planı'!$M$5:$M$204<=AB6)*('İş Planı'!$O$5:$O$204="Tamamlandı")) -> 0 | AF6: May | AG6: 46173 | AH6: =SUMPRODUCT(('İş Planı'!$C$5:$C$204<>"")*('İş Planı'!$M$5:$M$204<>"")*('İş Planı'!$M$5:$M$204<=AG6)) -> 0 | AI6: =SUMPRODUCT(('İş Planı'!$C$5:$C$204<>"")*('İş Planı'!$M$5:$M$204<>"")*('İş Planı'!$M$5:$M$204<=AG6)*('İş Planı'!$O$5:$O$204="Tamamlandı")) -> 0 | AK6: =IFERROR(INDEX(Listeler!$D$4:$D$43,SMALL($BD$4:$BD$43,22-ROW())),"") | AL6: =IF($AK6="","",IF(COUNTIFS('İş Planı'!$D$5:$D$204,$AK6,'İş Planı'!$O$5:$O$204,"Planlanan")+COUNTIFS('İş Planı'!$E$5:$E$204,$AK6,'İş Planı'!$O$5:$O$204,"Planlanan")+COUNTIFS('İş Planı'!$F$5:$F$204,$AK6,'İş Planı'!$O$5:$O$204,"Planlanan")+COUNTIFS('İş Planı'!$G$5:$G$204,$AK6,'İş Planı'!$O$5:$O$204,"Planlanan")+COUNTIFS('İş Planı'!$D$5:$D$204,$AK6,'İş Planı'!$O$5:$O$204,"Devam Ediyor")+COUNTIFS('İş Planı'!$E$5:$E$204,$AK6,'İş Planı'!$O$5:$O$204,"Devam Ediyor")+COUNTIFS('İş Planı'!$F$5:$F$204,$AK6,'İş Planı'!$O$5:$O$204,"Devam Ediyor")+COUNTIFS('İş Planı'!$G$5:$G$204,$AK6,'İş Planı'!$O$5:$O$204,"Devam Ediyor")=0,"",COUNTIFS('İş Planı'!$D$5:$D$204,$AK6,'İş Planı'!$O$5:$O$204,"Planlanan")+COUNTIFS('İş Planı'!$E$5:$E$204,$AK6,'İş Planı'!$O$5:$O$204,"Planlanan")+COUNTIFS('İş Planı'!$F$5:$F$204,$AK6,'İş Planı'!$O$5:$O$204,"Planlanan")+COUNTIFS('İş Planı'!$G$5:$G$204,$AK6,'İş Planı'!$O$5:$O$204,"Planlanan")+COUNTIFS('İş Planı'!$D$5:$D$204,$AK6,'İş Planı'!$O$5:$O$204,"Devam Ediyor")+COUNTIFS('İş Planı'!$E$5:$E$204,$AK6,'İş Planı'!$O$5:$O$204,"Devam Ediyor")+COUNTIFS('İş Planı'!$F$5:$F$204,$AK6,'İş Planı'!$O$5:$O$204,"Devam Ediyor")+COUNTIFS('İş Planı'!$G$5:$G$204,$AK6,'İş Planı'!$O$5:$O$204,"Devam Ediyor"))) | AM6: =IF($AK6="","",IF(COUNTIFS('İş Planı'!$D$5:$D$204,$AK6,'İş Planı'!$O$5:$O$204,"Gecikmiş")+COUNTIFS('İş Planı'!$E$5:$E$204,$AK6,'İş Planı'!$O$5:$O$204,"Gecikmiş")+COUNTIFS('İş Planı'!$F$5:$F$204,$AK6,'İş Planı'!$O$5:$O$204,"Gecikmiş")+COUNTIFS('İş Planı'!$G$5:$G$204,$AK6,'İş Planı'!$O$5:$O$204,"Gecikmiş")=0,"",COUNTIFS('İş Planı'!$D$5:$D$204,$AK6,'İş Planı'!$O$5:$O$204,"Gecikmiş")+COUNTIFS('İş Planı'!$E$5:$E$204,$AK6,'İş Planı'!$O$5:$O$204,"Gecikmiş")+COUNTIFS('İş Planı'!$F$5:$F$204,$AK6,'İş Planı'!$O$5:$O$204,"Gecikmiş")+COUNTIFS('İş Planı'!$G$5:$G$204,$AK6,'İş Planı'!$O$5:$O$204,"Gecikmiş"))) | BB6: =IF(Listeler!$B6="","",IF(COUNTIF('İş Planı'!$B$5:$B$204,Listeler!$B6)=0,"",ROW()-3)) -> 3 | BD6: =IF(Listeler!$D6="","",IF(COUNTIF('İş Planı'!$D$5:$D$204,Listeler!$D6)+COUNTIF('İş Planı'!$E$5:$E$204,Listeler!$D6)+COUNTIF('İş Planı'!$F$5:$F$204,Listeler!$D6)+COUNTIF('İş Planı'!$G$5:$G$204,Listeler!$D6)=0,"",ROW()-3)) -> 3
H7: Haz | I7: 46174 | J7: =SUMPRODUCT(('İş Planı'!$C$5:$C$204<>"")*('İş Planı'!$I$5:$I$204<>"")*('İş Planı'!$J$5:$J$204<>"")*('İş Planı'!$I$5:$I$204<=EOMONTH(I7,0))*('İş Planı'!$M$5:$M$204>=I7)) -> 0 | L7: 5 | M7: =IFERROR(IF(LARGE('İş Planı'!$W$5:$W$204,L7)<0.5,"",LEFT(SUBSTITUTE(SUBSTITUTE(TRIM(INDEX('İş Planı'!$C$5:$C$204,MATCH(LARGE('İş Planı'!$W$5:$W$204,L7),'İş Planı'!$W$5:$W$204,0))),CHAR(10)," "),CHAR(13)," "),45)),"") -> Madde 13 | N7: =IFERROR(IF(LARGE('İş Planı'!$W$5:$W$204,L7)<0.5,0,INT(LARGE('İş Planı'!$W$5:$W$204,L7))),0) -> 16 | T7: Genel İlerleme | U7: =IFERROR(SUMPRODUCT(('İş Planı'!$C$5:$C$204<>"")*('İş Planı'!$N$5:$N$204))/COUNTA('İş Planı'!$C$5:$C$204),0) -> 0.16789474 | W7: =IFERROR(INDEX(Listeler!$B$4:$B$43,SMALL($BB$4:$BB$43,22-ROW())),"") | X7: =IF($W7="","",IF(COUNTIFS('İş Planı'!$B$5:$B$204,$W7,'İş Planı'!$O$5:$O$204,"Tamamlandı")=0,"",COUNTIFS('İş Planı'!$B$5:$B$204,$W7,'İş Planı'!$O$5:$O$204,"Tamamlandı"))) | Y7: =IF($W7="","",IF(COUNTIFS('İş Planı'!$B$5:$B$204,$W7,'İş Planı'!$O$5:$O$204,"Devam Ediyor")=0,"",COUNTIFS('İş Planı'!$B$5:$B$204,$W7,'İş Planı'!$O$5:$O$204,"Devam Ediyor"))) | Z7: =IF($W7="","",IF(COUNTIFS('İş Planı'!$B$5:$B$204,$W7,'İş Planı'!$O$5:$O$204,"Gecikmiş")=0,"",COUNTIFS('İş Planı'!$B$5:$B$204,$W7,'İş Planı'!$O$5:$O$204,"Gecikmiş"))) | AB7: 46064 | AC7: =SUMPRODUCT(('İş Planı'!$C$5:$C$204<>"")*('İş Planı'!$M$5:$M$204<>"")*('İş Planı'!$M$5:$M$204<=AB7)) -> 0 | AD7: =SUMPRODUCT(('İş Planı'!$C$5:$C$204<>"")*('İş Planı'!$M$5:$M$204<>"")*('İş Planı'!$M$5:$M$204<=AB7)*('İş Planı'!$O$5:$O$204="Tamamlandı")) -> 0 | AF7: Haz | AG7: 46203 | AH7: =SUMPRODUCT(('İş Planı'!$C$5:$C$204<>"")*('İş Planı'!$M$5:$M$204<>"")*('İş Planı'!$M$5:$M$204<=AG7)) -> 0 | AI7: =SUMPRODUCT(('İş Planı'!$C$5:$C$204<>"")*('İş Planı'!$M$5:$M$204<>"")*('İş Planı'!$M$5:$M$204<=AG7)*('İş Planı'!$O$5:$O$204="Tamamlandı")) -> 0 | AK7: =IFERROR(INDEX(Listeler!$D$4:$D$43,SMALL($BD$4:$BD$43,22-ROW())),"") | AL7: =IF($AK7="","",IF(COUNTIFS('İş Planı'!$D$5:$D$204,$AK7,'İş Planı'!$O$5:$O$204,"Planlanan")+COUNTIFS('İş Planı'!$E$5:$E$204,$AK7,'İş Planı'!$O$5:$O$204,"Planlanan")+COUNTIFS('İş Planı'!$F$5:$F$204,$AK7,'İş Planı'!$O$5:$O$204,"Planlanan")+COUNTIFS('İş Planı'!$G$5:$G$204,$AK7,'İş Planı'!$O$5:$O$204,"Planlanan")+COUNTIFS('İş Planı'!$D$5:$D$204,$AK7,'İş Planı'!$O$5:$O$204,"Devam Ediyor")+COUNTIFS('İş Planı'!$E$5:$E$204,$AK7,'İş Planı'!$O$5:$O$204,"Devam Ediyor")+COUNTIFS('İş Planı'!$F$5:$F$204,$AK7,'İş Planı'!$O$5:$O$204,"Devam Ediyor")+COUNTIFS('İş Planı'!$G$5:$G$204,$AK7,'İş Planı'!$O$5:$O$204,"Devam Ediyor")=0,"",COUNTIFS('İş Planı'!$D$5:$D$204,$AK7,'İş Planı'!$O$5:$O$204,"Planlanan")+COUNTIFS('İş Planı'!$E$5:$E$204,$AK7,'İş Planı'!$O$5:$O$204,"Planlanan")+COUNTIFS('İş Planı'!$F$5:$F$204,$AK7,'İş Planı'!$O$5:$O$204,"Planlanan")+COUNTIFS('İş Planı'!$G$5:$G$204,$AK7,'İş Planı'!$O$5:$O$204,"Planlanan")+COUNTIFS('İş Planı'!$D$5:$D$204,$AK7,'İş Planı'!$O$5:$O$204,"Devam Ediyor")+COUNTIFS('İş Planı'!$E$5:$E$204,$AK7,'İş Planı'!$O$5:$O$204,"Devam Ediyor")+COUNTIFS('İş Planı'!$F$5:$F$204,$AK7,'İş Planı'!$O$5:$O$204,"Devam Ediyor")+COUNTIFS('İş Planı'!$G$5:$G$204,$AK7,'İş Planı'!$O$5:$O$204,"Devam Ediyor"))) | AM7: =IF($AK7="","",IF(COUNTIFS('İş Planı'!$D$5:$D$204,$AK7,'İş Planı'!$O$5:$O$204,"Gecikmiş")+COUNTIFS('İş Planı'!$E$5:$E$204,$AK7,'İş Planı'!$O$5:$O$204,"Gecikmiş")+COUNTIFS('İş Planı'!$F$5:$F$204,$AK7,'İş Planı'!$O$5:$O$204,"Gecikmiş")+COUNTIFS('İş Planı'!$G$5:$G$204,$AK7,'İş Planı'!$O$5:$O$204,"Gecikmiş")=0,"",COUNTIFS('İş Planı'!$D$5:$D$204,$AK7,'İş Planı'!$O$5:$O$204,"Gecikmiş")+COUNTIFS('İş Planı'!$E$5:$E$204,$AK7,'İş Planı'!$O$5:$O$204,"Gecikmiş")+COUNTIFS('İş Planı'!$F$5:$F$204,$AK7,'İş Planı'!$O$5:$O$204,"Gecikmiş")+COUNTIFS('İş Planı'!$G$5:$G$204,$AK7,'İş Planı'!$O$5:$O$204,"Gecikmiş"))) | BB7: =IF(Listeler!$B7="","",IF(COUNTIF('İş Planı'!$B$5:$B$204,Listeler!$B7)=0,"",ROW()-3)) -> 4 | BD7: =IF(Listeler!$D7="","",IF(COUNTIF('İş Planı'!$D$5:$D$204,Listeler!$D7)+COUNTIF('İş Planı'!$E$5:$E$204,Listeler!$D7)+COUNTIF('İş Planı'!$F$5:$F$204,Listeler!$D7)+COUNTIF('İş Planı'!$G$5:$G$204,Listeler!$D7)=0,"",ROW()-3)) -> 4
H8: Tem | I8: 46204 | J8: =SUMPRODUCT(('İş Planı'!$C$5:$C$204<>"")*('İş Planı'!$I$5:$I$204<>"")*('İş Planı'!$J$5:$J$204<>"")*('İş Planı'!$I$5:$I$204<=EOMONTH(I8,0))*('İş Planı'!$M$5:$M$204>=I8)) -> 1 | L8: 4 | M8: =IFERROR(IF(LARGE('İş Planı'!$W$5:$W$204,L8)<0.5,"",LEFT(SUBSTITUTE(SUBSTITUTE(TRIM(INDEX('İş Planı'!$C$5:$C$204,MATCH(LARGE('İş Planı'!$W$5:$W$204,L8),'İş Planı'!$W$5:$W$204,0))),CHAR(10)," "),CHAR(13)," "),45)),"") -> 3.1.8 İz ve Denetim Kayıtlarının Tutulması ve | N8: =IFERROR(IF(LARGE('İş Planı'!$W$5:$W$204,L8)<0.5,0,INT(LARGE('İş Planı'!$W$5:$W$204,L8))),0) -> 16 | T8: Mutabakat Tamam | U8: =COUNTIFS('İş Planı'!$R$5:$R$204,"<>",'İş Planı'!$C$5:$C$204,"<>") -> 0 | W8: =IFERROR(INDEX(Listeler!$B$4:$B$43,SMALL($BB$4:$BB$43,22-ROW())),"") | X8: =IF($W8="","",IF(COUNTIFS('İş Planı'!$B$5:$B$204,$W8,'İş Planı'!$O$5:$O$204,"Tamamlandı")=0,"",COUNTIFS('İş Planı'!$B$5:$B$204,$W8,'İş Planı'!$O$5:$O$204,"Tamamlandı"))) | Y8: =IF($W8="","",IF(COUNTIFS('İş Planı'!$B$5:$B$204,$W8,'İş Planı'!$O$5:$O$204,"Devam Ediyor")=0,"",COUNTIFS('İş Planı'!$B$5:$B$204,$W8,'İş Planı'!$O$5:$O$204,"Devam Ediyor"))) | Z8: =IF($W8="","",IF(COUNTIFS('İş Planı'!$B$5:$B$204,$W8,'İş Planı'!$O$5:$O$204,"Gecikmiş")=0,"",COUNTIFS('İş Planı'!$B$5:$B$204,$W8,'İş Planı'!$O$5:$O$204,"Gecikmiş"))) | AB8: 46071 | AC8: =SUMPRODUCT(('İş Planı'!$C$5:$C$204<>"")*('İş Planı'!$M$5:$M$204<>"")*('İş Planı'!$M$5:$M$204<=AB8)) -> 0 | AD8: =SUMPRODUCT(('İş Planı'!$C$5:$C$204<>"")*('İş Planı'!$M$5:$M$204<>"")*('İş Planı'!$M$5:$M$204<=AB8)*('İş Planı'!$O$5:$O$204="Tamamlandı")) -> 0 | AF8: Tem | AG8: 46234 | AH8: =SUMPRODUCT(('İş Planı'!$C$5:$C$204<>"")*('İş Planı'!$M$5:$M$204<>"")*('İş Planı'!$M$5:$M$204<=AG8)) -> 0 | AI8: =SUMPRODUCT(('İş Planı'!$C$5:$C$204<>"")*('İş Planı'!$M$5:$M$204<>"")*('İş Planı'!$M$5:$M$204<=AG8)*('İş Planı'!$O$5:$O$204="Tamamlandı")) -> 0 | AK8: =IFERROR(INDEX(Listeler!$D$4:$D$43,SMALL($BD$4:$BD$43,22-ROW())),"") | AL8: =IF($AK8="","",IF(COUNTIFS('İş Planı'!$D$5:$D$204,$AK8,'İş Planı'!$O$5:$O$204,"Planlanan")+COUNTIFS('İş Planı'!$E$5:$E$204,$AK8,'İş Planı'!$O$5:$O$204,"Planlanan")+COUNTIFS('İş Planı'!$F$5:$F$204,$AK8,'İş Planı'!$O$5:$O$204,"Planlanan")+COUNTIFS('İş Planı'!$G$5:$G$204,$AK8,'İş Planı'!$O$5:$O$204,"Planlanan")+COUNTIFS('İş Planı'!$D$5:$D$204,$AK8,'İş Planı'!$O$5:$O$204,"Devam Ediyor")+COUNTIFS('İş Planı'!$E$5:$E$204,$AK8,'İş Planı'!$O$5:$O$204,"Devam Ediyor")+COUNTIFS('İş Planı'!$F$5:$F$204,$AK8,'İş Planı'!$O$5:$O$204,"Devam Ediyor")+COUNTIFS('İş Planı'!$G$5:$G$204,$AK8,'İş Planı'!$O$5:$O$204,"Devam Ediyor")=0,"",COUNTIFS('İş Planı'!$D$5:$D$204,$AK8,'İş Planı'!$O$5:$O$204,"Planlanan")+COUNTIFS('İş Planı'!$E$5:$E$204,$AK8,'İş Planı'!$O$5:$O$204,"Planlanan")+COUNTIFS('İş Planı'!$F$5:$F$204,$AK8,'İş Planı'!$O$5:$O$204,"Planlanan")+COUNTIFS('İş Planı'!$G$5:$G$204,$AK8,'İş Planı'!$O$5:$O$204,"Planlanan")+COUNTIFS('İş Planı'!$D$5:$D$204,$AK8,'İş Planı'!$O$5:$O$204,"Devam Ediyor")+COUNTIFS('İş Planı'!$E$5:$E$204,$AK8,'İş Planı'!$O$5:$O$204,"Devam Ediyor")+COUNTIFS('İş Planı'!$F$5:$F$204,$AK8,'İş Planı'!$O$5:$O$204,"Devam Ediyor")+COUNTIFS('İş Planı'!$G$5:$G$204,$AK8,'İş Planı'!$O$5:$O$204,"Devam Ediyor"))) | AM8: =IF($AK8="","",IF(COUNTIFS('İş Planı'!$D$5:$D$204,$AK8,'İş Planı'!$O$5:$O$204,"Gecikmiş")+COUNTIFS('İş Planı'!$E$5:$E$204,$AK8,'İş Planı'!$O$5:$O$204,"Gecikmiş")+COUNTIFS('İş Planı'!$F$5:$F$204,$AK8,'İş Planı'!$O$5:$O$204,"Gecikmiş")+COUNTIFS('İş Planı'!$G$5:$G$204,$AK8,'İş Planı'!$O$5:$O$204,"Gecikmiş")=0,"",COUNTIFS('İş Planı'!$D$5:$D$204,$AK8,'İş Planı'!$O$5:$O$204,"Gecikmiş")+COUNTIFS('İş Planı'!$E$5:$E$204,$AK8,'İş Planı'!$O$5:$O$204,"Gecikmiş")+COUNTIFS('İş Planı'!$F$5:$F$204,$AK8,'İş Planı'!$O$5:$O$204,"Gecikmiş")+COUNTIFS('İş Planı'!$G$5:$G$204,$AK8,'İş Planı'!$O$5:$O$204,"Gecikmiş"))) | BB8: =IF(Listeler!$B8="","",IF(COUNTIF('İş Planı'!$B$5:$B$204,Listeler!$B8)=0,"",ROW()-3)) -> 5 | BD8: =IF(Listeler!$D8="","",IF(COUNTIF('İş Planı'!$D$5:$D$204,Listeler!$D8)+COUNTIF('İş Planı'!$E$5:$E$204,Listeler!$D8)+COUNTIF('İş Planı'!$F$5:$F$204,Listeler!$D8)+COUNTIF('İş Planı'!$G$5:$G$204,Listeler!$D8)=0,"",ROW()-3))
H9: Ağu | I9: 46235 | J9: =SUMPRODUCT(('İş Planı'!$C$5:$C$204<>"")*('İş Planı'!$I$5:$I$204<>"")*('İş Planı'!$J$5:$J$204<>"")*('İş Planı'!$I$5:$I$204<=EOMONTH(I9,0))*('İş Planı'!$M$5:$M$204>=I9)) -> 12 | L9: 3 | M9: =IFERROR(IF(LARGE('İş Planı'!$W$5:$W$204,L9)<0.5,"",LEFT(SUBSTITUTE(SUBSTITUTE(TRIM(INDEX('İş Planı'!$C$5:$C$204,MATCH(LARGE('İş Planı'!$W$5:$W$204,L9),'İş Planı'!$W$5:$W$204,0))),CHAR(10)," "),CHAR(13)," "),45)),"") -> 3.1.4 E-Posta Sunucusu ve İstemcisi Güvenliği | N9: =IFERROR(IF(LARGE('İş Planı'!$W$5:$W$204,L9)<0.5,0,INT(LARGE('İş Planı'!$W$5:$W$204,L9))),0) -> 16 | T9: Projeksiyon Riski | U9: =COUNTIF('İş Planı'!$U$5:$U$204,"⚠*") -> 17 | W9: =IFERROR(INDEX(Listeler!$B$4:$B$43,SMALL($BB$4:$BB$43,22-ROW())),"") | X9: =IF($W9="","",IF(COUNTIFS('İş Planı'!$B$5:$B$204,$W9,'İş Planı'!$O$5:$O$204,"Tamamlandı")=0,"",COUNTIFS('İş Planı'!$B$5:$B$204,$W9,'İş Planı'!$O$5:$O$204,"Tamamlandı"))) | Y9: =IF($W9="","",IF(COUNTIFS('İş Planı'!$B$5:$B$204,$W9,'İş Planı'!$O$5:$O$204,"Devam Ediyor")=0,"",COUNTIFS('İş Planı'!$B$5:$B$204,$W9,'İş Planı'!$O$5:$O$204,"Devam Ediyor"))) | Z9: =IF($W9="","",IF(COUNTIFS('İş Planı'!$B$5:$B$204,$W9,'İş Planı'!$O$5:$O$204,"Gecikmiş")=0,"",COUNTIFS('İş Planı'!$B$5:$B$204,$W9,'İş Planı'!$O$5:$O$204,"Gecikmiş"))) | AB9: 46078 | AC9: =SUMPRODUCT(('İş Planı'!$C$5:$C$204<>"")*('İş Planı'!$M$5:$M$204<>"")*('İş Planı'!$M$5:$M$204<=AB9)) -> 0 | AD9: =SUMPRODUCT(('İş Planı'!$C$5:$C$204<>"")*('İş Planı'!$M$5:$M$204<>"")*('İş Planı'!$M$5:$M$204<=AB9)*('İş Planı'!$O$5:$O$204="Tamamlandı")) -> 0 | AF9: Ağu | AG9: 46265 | AH9: =SUMPRODUCT(('İş Planı'!$C$5:$C$204<>"")*('İş Planı'!$M$5:$M$204<>"")*('İş Planı'!$M$5:$M$204<=AG9)) -> 0 | AI9: =SUMPRODUCT(('İş Planı'!$C$5:$C$204<>"")*('İş Planı'!$M$5:$M$204<>"")*('İş Planı'!$M$5:$M$204<=AG9)*('İş Planı'!$O$5:$O$204="Tamamlandı")) -> 0 | AK9: =IFERROR(INDEX(Listeler!$D$4:$D$43,SMALL($BD$4:$BD$43,22-ROW())),"") | AL9: =IF($AK9="","",IF(COUNTIFS('İş Planı'!$D$5:$D$204,$AK9,'İş Planı'!$O$5:$O$204,"Planlanan")+COUNTIFS('İş Planı'!$E$5:$E$204,$AK9,'İş Planı'!$O$5:$O$204,"Planlanan")+COUNTIFS('İş Planı'!$F$5:$F$204,$AK9,'İş Planı'!$O$5:$O$204,"Planlanan")+COUNTIFS('İş Planı'!$G$5:$G$204,$AK9,'İş Planı'!$O$5:$O$204,"Planlanan")+COUNTIFS('İş Planı'!$D$5:$D$204,$AK9,'İş Planı'!$O$5:$O$204,"Devam Ediyor")+COUNTIFS('İş Planı'!$E$5:$E$204,$AK9,'İş Planı'!$O$5:$O$204,"Devam Ediyor")+COUNTIFS('İş Planı'!$F$5:$F$204,$AK9,'İş Planı'!$O$5:$O$204,"Devam Ediyor")+COUNTIFS('İş Planı'!$G$5:$G$204,$AK9,'İş Planı'!$O$5:$O$204,"Devam Ediyor")=0,"",COUNTIFS('İş Planı'!$D$5:$D$204,$AK9,'İş Planı'!$O$5:$O$204,"Planlanan")+COUNTIFS('İş Planı'!$E$5:$E$204,$AK9,'İş Planı'!$O$5:$O$204,"Planlanan")+COUNTIFS('İş Planı'!$F$5:$F$204,$AK9,'İş Planı'!$O$5:$O$204,"Planlanan")+COUNTIFS('İş Planı'!$G$5:$G$204,$AK9,'İş Planı'!$O$5:$O$204,"Planlanan")+COUNTIFS('İş Planı'!$D$5:$D$204,$AK9,'İş Planı'!$O$5:$O$204,"Devam Ediyor")+COUNTIFS('İş Planı'!$E$5:$E$204,$AK9,'İş Planı'!$O$5:$O$204,"Devam Ediyor")+COUNTIFS('İş Planı'!$F$5:$F$204,$AK9,'İş Planı'!$O$5:$O$204,"Devam Ediyor")+COUNTIFS('İş Planı'!$G$5:$G$204,$AK9,'İş Planı'!$O$5:$O$204,"Devam Ediyor"))) | AM9: =IF($AK9="","",IF(COUNTIFS('İş Planı'!$D$5:$D$204,$AK9,'İş Planı'!$O$5:$O$204,"Gecikmiş")+COUNTIFS('İş Planı'!$E$5:$E$204,$AK9,'İş Planı'!$O$5:$O$204,"Gecikmiş")+COUNTIFS('İş Planı'!$F$5:$F$204,$AK9,'İş Planı'!$O$5:$O$204,"Gecikmiş")+COUNTIFS('İş Planı'!$G$5:$G$204,$AK9,'İş Planı'!$O$5:$O$204,"Gecikmiş")=0,"",COUNTIFS('İş Planı'!$D$5:$D$204,$AK9,'İş Planı'!$O$5:$O$204,"Gecikmiş")+COUNTIFS('İş Planı'!$E$5:$E$204,$AK9,'İş Planı'!$O$5:$O$204,"Gecikmiş")+COUNTIFS('İş Planı'!$F$5:$F$204,$AK9,'İş Planı'!$O$5:$O$204,"Gecikmiş")+COUNTIFS('İş Planı'!$G$5:$G$204,$AK9,'İş Planı'!$O$5:$O$204,"Gecikmiş"))) | BB9: =IF(Listeler!$B9="","",IF(COUNTIF('İş Planı'!$B$5:$B$204,Listeler!$B9)=0,"",ROW()-3)) -> 6 | BD9: =IF(Listeler!$D9="","",IF(COUNTIF('İş Planı'!$D$5:$D$204,Listeler!$D9)+COUNTIF('İş Planı'!$E$5:$E$204,Listeler!$D9)+COUNTIF('İş Planı'!$F$5:$F$204,Listeler!$D9)+COUNTIF('İş Planı'!$G$5:$G$204,Listeler!$D9)=0,"",ROW()-3))
H10: Eyl | I10: 46266 | J10: =SUMPRODUCT(('İş Planı'!$C$5:$C$204<>"")*('İş Planı'!$I$5:$I$204<>"")*('İş Planı'!$J$5:$J$204<>"")*('İş Planı'!$I$5:$I$204<=EOMONTH(I10,0))*('İş Planı'!$M$5:$M$204>=I10)) -> 27 | L10: 2 | M10: =IFERROR(IF(LARGE('İş Planı'!$W$5:$W$204,L10)<0.5,"",LEFT(SUBSTITUTE(SUBSTITUTE(TRIM(INDEX('İş Planı'!$C$5:$C$204,MATCH(LARGE('İş Planı'!$W$5:$W$204,L10),'İş Planı'!$W$5:$W$204,0))),CHAR(10)," "),CHAR(13)," "),45)),"") -> 3.1.5 Zararlı Yazılımlardan Korunma | N10: =IFERROR(IF(LARGE('İş Planı'!$W$5:$W$204,L10)<0.5,0,INT(LARGE('İş Planı'!$W$5:$W$204,L10))),0) -> 16 | T10: Mutabakat Geciken | U10: =COUNTIF('İş Planı'!$T$5:$T$204,"*gecikti*") -> 9 | W10: =IFERROR(INDEX(Listeler!$B$4:$B$43,SMALL($BB$4:$BB$43,22-ROW())),"") | X10: =IF($W10="","",IF(COUNTIFS('İş Planı'!$B$5:$B$204,$W10,'İş Planı'!$O$5:$O$204,"Tamamlandı")=0,"",COUNTIFS('İş Planı'!$B$5:$B$204,$W10,'İş Planı'!$O$5:$O$204,"Tamamlandı"))) | Y10: =IF($W10="","",IF(COUNTIFS('İş Planı'!$B$5:$B$204,$W10,'İş Planı'!$O$5:$O$204,"Devam Ediyor")=0,"",COUNTIFS('İş Planı'!$B$5:$B$204,$W10,'İş Planı'!$O$5:$O$204,"Devam Ediyor"))) | Z10: =IF($W10="","",IF(COUNTIFS('İş Planı'!$B$5:$B$204,$W10,'İş Planı'!$O$5:$O$204,"Gecikmiş")=0,"",COUNTIFS('İş Planı'!$B$5:$B$204,$W10,'İş Planı'!$O$5:$O$204,"Gecikmiş"))) | AB10: 46085 | AC10: =SUMPRODUCT(('İş Planı'!$C$5:$C$204<>"")*('İş Planı'!$M$5:$M$204<>"")*('İş Planı'!$M$5:$M$204<=AB10)) -> 0 | AD10: =SUMPRODUCT(('İş Planı'!$C$5:$C$204<>"")*('İş Planı'!$M$5:$M$204<>"")*('İş Planı'!$M$5:$M$204<=AB10)*('İş Planı'!$O$5:$O$204="Tamamlandı")) -> 0 | AF10: Eyl | AG10: 46295 | AH10: =SUMPRODUCT(('İş Planı'!$C$5:$C$204<>"")*('İş Planı'!$M$5:$M$204<>"")*('İş Planı'!$M$5:$M$204<=AG10)) -> 18 | AI10: =SUMPRODUCT(('İş Planı'!$C$5:$C$204<>"")*('İş Planı'!$M$5:$M$204<>"")*('İş Planı'!$M$5:$M$204<=AG10)*('İş Planı'!$O$5:$O$204="Tamamlandı")) -> 3 | AK10: =IFERROR(INDEX(Listeler!$D$4:$D$43,SMALL($BD$4:$BD$43,22-ROW())),"") | AL10: =IF($AK10="","",IF(COUNTIFS('İş Planı'!$D$5:$D$204,$AK10,'İş Planı'!$O$5:$O$204,"Planlanan")+COUNTIFS('İş Planı'!$E$5:$E$204,$AK10,'İş Planı'!$O$5:$O$204,"Planlanan")+COUNTIFS('İş Planı'!$F$5:$F$204,$AK10,'İş Planı'!$O$5:$O$204,"Planlanan")+COUNTIFS('İş Planı'!$G$5:$G$204,$AK10,'İş Planı'!$O$5:$O$204,"Planlanan")+COUNTIFS('İş Planı'!$D$5:$D$204,$AK10,'İş Planı'!$O$5:$O$204,"Devam Ediyor")+COUNTIFS('İş Planı'!$E$5:$E$204,$AK10,'İş Planı'!$O$5:$O$204,"Devam Ediyor")+COUNTIFS('İş Planı'!$F$5:$F$204,$AK10,'İş Planı'!$O$5:$O$204,"Devam Ediyor")+COUNTIFS('İş Planı'!$G$5:$G$204,$AK10,'İş Planı'!$O$5:$O$204,"Devam Ediyor")=0,"",COUNTIFS('İş Planı'!$D$5:$D$204,$AK10,'İş Planı'!$O$5:$O$204,"Planlanan")+COUNTIFS('İş Planı'!$E$5:$E$204,$AK10,'İş Planı'!$O$5:$O$204,"Planlanan")+COUNTIFS('İş Planı'!$F$5:$F$204,$AK10,'İş Planı'!$O$5:$O$204,"Planlanan")+COUNTIFS('İş Planı'!$G$5:$G$204,$AK10,'İş Planı'!$O$5:$O$204,"Planlanan")+COUNTIFS('İş Planı'!$D$5:$D$204,$AK10,'İş Planı'!$O$5:$O$204,"Devam Ediyor")+COUNTIFS('İş Planı'!$E$5:$E$204,$AK10,'İş Planı'!$O$5:$O$204,"Devam Ediyor")+COUNTIFS('İş Planı'!$F$5:$F$204,$AK10,'İş Planı'!$O$5:$O$204,"Devam Ediyor")+COUNTIFS('İş Planı'!$G$5:$G$204,$AK10,'İş Planı'!$O$5:$O$204,"Devam Ediyor"))) | AM10: =IF($AK10="","",IF(COUNTIFS('İş Planı'!$D$5:$D$204,$AK10,'İş Planı'!$O$5:$O$204,"Gecikmiş")+COUNTIFS('İş Planı'!$E$5:$E$204,$AK10,'İş Planı'!$O$5:$O$204,"Gecikmiş")+COUNTIFS('İş Planı'!$F$5:$F$204,$AK10,'İş Planı'!$O$5:$O$204,"Gecikmiş")+COUNTIFS('İş Planı'!$G$5:$G$204,$AK10,'İş Planı'!$O$5:$O$204,"Gecikmiş")=0,"",COUNTIFS('İş Planı'!$D$5:$D$204,$AK10,'İş Planı'!$O$5:$O$204,"Gecikmiş")+COUNTIFS('İş Planı'!$E$5:$E$204,$AK10,'İş Planı'!$O$5:$O$204,"Gecikmiş")+COUNTIFS('İş Planı'!$F$5:$F$204,$AK10,'İş Planı'!$O$5:$O$204,"Gecikmiş")+COUNTIFS('İş Planı'!$G$5:$G$204,$AK10,'İş Planı'!$O$5:$O$204,"Gecikmiş"))) | BB10: =IF(Listeler!$B10="","",IF(COUNTIF('İş Planı'!$B$5:$B$204,Listeler!$B10)=0,"",ROW()-3)) | BD10: =IF(Listeler!$D10="","",IF(COUNTIF('İş Planı'!$D$5:$D$204,Listeler!$D10)+COUNTIF('İş Planı'!$E$5:$E$204,Listeler!$D10)+COUNTIF('İş Planı'!$F$5:$F$204,Listeler!$D10)+COUNTIF('İş Planı'!$G$5:$G$204,Listeler!$D10)=0,"",ROW()-3))
H11: Eki | I11: 46296 | J11: =SUMPRODUCT(('İş Planı'!$C$5:$C$204<>"")*('İş Planı'!$I$5:$I$204<>"")*('İş Planı'!$J$5:$J$204<>"")*('İş Planı'!$I$5:$I$204<=EOMONTH(I11,0))*('İş Planı'!$M$5:$M$204>=I11)) -> 20 | L11: 1 | M11: =IFERROR(IF(LARGE('İş Planı'!$W$5:$W$204,L11)<0.5,"",LEFT(SUBSTITUTE(SUBSTITUTE(TRIM(INDEX('İş Planı'!$C$5:$C$204,MATCH(LARGE('İş Planı'!$W$5:$W$204,L11),'İş Planı'!$W$5:$W$204,0))),CHAR(10)," "),CHAR(13)," "),45)),"") -> Madde 26 | N11: =IFERROR(IF(LARGE('İş Planı'!$W$5:$W$204,L11)<0.5,0,INT(LARGE('İş Planı'!$W$5:$W$204,L11))),0) -> 17 | W11: =IFERROR(INDEX(Listeler!$B$4:$B$43,SMALL($BB$4:$BB$43,22-ROW())),"") | X11: =IF($W11="","",IF(COUNTIFS('İş Planı'!$B$5:$B$204,$W11,'İş Planı'!$O$5:$O$204,"Tamamlandı")=0,"",COUNTIFS('İş Planı'!$B$5:$B$204,$W11,'İş Planı'!$O$5:$O$204,"Tamamlandı"))) | Y11: =IF($W11="","",IF(COUNTIFS('İş Planı'!$B$5:$B$204,$W11,'İş Planı'!$O$5:$O$204,"Devam Ediyor")=0,"",COUNTIFS('İş Planı'!$B$5:$B$204,$W11,'İş Planı'!$O$5:$O$204,"Devam Ediyor"))) | Z11: =IF($W11="","",IF(COUNTIFS('İş Planı'!$B$5:$B$204,$W11,'İş Planı'!$O$5:$O$204,"Gecikmiş")=0,"",COUNTIFS('İş Planı'!$B$5:$B$204,$W11,'İş Planı'!$O$5:$O$204,"Gecikmiş"))) | AB11: 46092 | AC11: =SUMPRODUCT(('İş Planı'!$C$5:$C$204<>"")*('İş Planı'!$M$5:$M$204<>"")*('İş Planı'!$M$5:$M$204<=AB11)) -> 0 | AD11: =SUMPRODUCT(('İş Planı'!$C$5:$C$204<>"")*('İş Planı'!$M$5:$M$204<>"")*('İş Planı'!$M$5:$M$204<=AB11)*('İş Planı'!$O$5:$O$204="Tamamlandı")) -> 0 | AF11: Eki | AG11: 46326 | AH11: =SUMPRODUCT(('İş Planı'!$C$5:$C$204<>"")*('İş Planı'!$M$5:$M$204<>"")*('İş Planı'!$M$5:$M$204<=AG11)) -> 30 | AI11: =SUMPRODUCT(('İş Planı'!$C$5:$C$204<>"")*('İş Planı'!$M$5:$M$204<>"")*('İş Planı'!$M$5:$M$204<=AG11)*('İş Planı'!$O$5:$O$204="Tamamlandı")) -> 5 | AK11: =IFERROR(INDEX(Listeler!$D$4:$D$43,SMALL($BD$4:$BD$43,22-ROW())),"") | AL11: =IF($AK11="","",IF(COUNTIFS('İş Planı'!$D$5:$D$204,$AK11,'İş Planı'!$O$5:$O$204,"Planlanan")+COUNTIFS('İş Planı'!$E$5:$E$204,$AK11,'İş Planı'!$O$5:$O$204,"Planlanan")+COUNTIFS('İş Planı'!$F$5:$F$204,$AK11,'İş Planı'!$O$5:$O$204,"Planlanan")+COUNTIFS('İş Planı'!$G$5:$G$204,$AK11,'İş Planı'!$O$5:$O$204,"Planlanan")+COUNTIFS('İş Planı'!$D$5:$D$204,$AK11,'İş Planı'!$O$5:$O$204,"Devam Ediyor")+COUNTIFS('İş Planı'!$E$5:$E$204,$AK11,'İş Planı'!$O$5:$O$204,"Devam Ediyor")+COUNTIFS('İş Planı'!$F$5:$F$204,$AK11,'İş Planı'!$O$5:$O$204,"Devam Ediyor")+COUNTIFS('İş Planı'!$G$5:$G$204,$AK11,'İş Planı'!$O$5:$O$204,"Devam Ediyor")=0,"",COUNTIFS('İş Planı'!$D$5:$D$204,$AK11,'İş Planı'!$O$5:$O$204,"Planlanan")+COUNTIFS('İş Planı'!$E$5:$E$204,$AK11,'İş Planı'!$O$5:$O$204,"Planlanan")+COUNTIFS('İş Planı'!$F$5:$F$204,$AK11,'İş Planı'!$O$5:$O$204,"Planlanan")+COUNTIFS('İş Planı'!$G$5:$G$204,$AK11,'İş Planı'!$O$5:$O$204,"Planlanan")+COUNTIFS('İş Planı'!$D$5:$D$204,$AK11,'İş Planı'!$O$5:$O$204,"Devam Ediyor")+COUNTIFS('İş Planı'!$E$5:$E$204,$AK11,'İş Planı'!$O$5:$O$204,"Devam Ediyor")+COUNTIFS('İş Planı'!$F$5:$F$204,$AK11,'İş Planı'!$O$5:$O$204,"Devam Ediyor")+COUNTIFS('İş Planı'!$G$5:$G$204,$AK11,'İş Planı'!$O$5:$O$204,"Devam Ediyor"))) | AM11: =IF($AK11="","",IF(COUNTIFS('İş Planı'!$D$5:$D$204,$AK11,'İş Planı'!$O$5:$O$204,"Gecikmiş")+COUNTIFS('İş Planı'!$E$5:$E$204,$AK11,'İş Planı'!$O$5:$O$204,"Gecikmiş")+COUNTIFS('İş Planı'!$F$5:$F$204,$AK11,'İş Planı'!$O$5:$O$204,"Gecikmiş")+COUNTIFS('İş Planı'!$G$5:$G$204,$AK11,'İş Planı'!$O$5:$O$204,"Gecikmiş")=0,"",COUNTIFS('İş Planı'!$D$5:$D$204,$AK11,'İş Planı'!$O$5:$O$204,"Gecikmiş")+COUNTIFS('İş Planı'!$E$5:$E$204,$AK11,'İş Planı'!$O$5:$O$204,"Gecikmiş")+COUNTIFS('İş Planı'!$F$5:$F$204,$AK11,'İş Planı'!$O$5:$O$204,"Gecikmiş")+COUNTIFS('İş Planı'!$G$5:$G$204,$AK11,'İş Planı'!$O$5:$O$204,"Gecikmiş"))) | BB11: =IF(Listeler!$B11="","",IF(COUNTIF('İş Planı'!$B$5:$B$204,Listeler!$B11)=0,"",ROW()-3)) -> 8 | BD11: =IF(Listeler!$D11="","",IF(COUNTIF('İş Planı'!$D$5:$D$204,Listeler!$D11)+COUNTIF('İş Planı'!$E$5:$E$204,Listeler!$D11)+COUNTIF('İş Planı'!$F$5:$F$204,Listeler!$D11)+COUNTIF('İş Planı'!$G$5:$G$204,Listeler!$D11)=0,"",ROW()-3))
H12: Kas | I12: 46327 | J12: =SUMPRODUCT(('İş Planı'!$C$5:$C$204<>"")*('İş Planı'!$I$5:$I$204<>"")*('İş Planı'!$J$5:$J$204<>"")*('İş Planı'!$I$5:$I$204<=EOMONTH(I12,0))*('İş Planı'!$M$5:$M$204>=I12)) -> 8 | W12: =IFERROR(INDEX(Listeler!$B$4:$B$43,SMALL($BB$4:$BB$43,22-ROW())),"") | X12: =IF($W12="","",IF(COUNTIFS('İş Planı'!$B$5:$B$204,$W12,'İş Planı'!$O$5:$O$204,"Tamamlandı")=0,"",COUNTIFS('İş Planı'!$B$5:$B$204,$W12,'İş Planı'!$O$5:$O$204,"Tamamlandı"))) | Y12: =IF($W12="","",IF(COUNTIFS('İş Planı'!$B$5:$B$204,$W12,'İş Planı'!$O$5:$O$204,"Devam Ediyor")=0,"",COUNTIFS('İş Planı'!$B$5:$B$204,$W12,'İş Planı'!$O$5:$O$204,"Devam Ediyor"))) | Z12: =IF($W12="","",IF(COUNTIFS('İş Planı'!$B$5:$B$204,$W12,'İş Planı'!$O$5:$O$204,"Gecikmiş")=0,"",COUNTIFS('İş Planı'!$B$5:$B$204,$W12,'İş Planı'!$O$5:$O$204,"Gecikmiş"))) | AB12: 46099 | AC12: =SUMPRODUCT(('İş Planı'!$C$5:$C$204<>"")*('İş Planı'!$M$5:$M$204<>"")*('İş Planı'!$M$5:$M$204<=AB12)) -> 0 | AD12: =SUMPRODUCT(('İş Planı'!$C$5:$C$204<>"")*('İş Planı'!$M$5:$M$204<>"")*('İş Planı'!$M$5:$M$204<=AB12)*('İş Planı'!$O$5:$O$204="Tamamlandı")) -> 0 | AF12: Kas | AG12: 46356 | AH12: =SUMPRODUCT(('İş Planı'!$C$5:$C$204<>"")*('İş Planı'!$M$5:$M$204<>"")*('İş Planı'!$M$5:$M$204<=AG12)) -> 38 | AI12: =SUMPRODUCT(('İş Planı'!$C$5:$C$204<>"")*('İş Planı'!$M$5:$M$204<>"")*('İş Planı'!$M$5:$M$204<=AG12)*('İş Planı'!$O$5:$O$204="Tamamlandı")) -> 6 | AK12: =IFERROR(INDEX(Listeler!$D$4:$D$43,SMALL($BD$4:$BD$43,22-ROW())),"") | AL12: =IF($AK12="","",IF(COUNTIFS('İş Planı'!$D$5:$D$204,$AK12,'İş Planı'!$O$5:$O$204,"Planlanan")+COUNTIFS('İş Planı'!$E$5:$E$204,$AK12,'İş Planı'!$O$5:$O$204,"Planlanan")+COUNTIFS('İş Planı'!$F$5:$F$204,$AK12,'İş Planı'!$O$5:$O$204,"Planlanan")+COUNTIFS('İş Planı'!$G$5:$G$204,$AK12,'İş Planı'!$O$5:$O$204,"Planlanan")+COUNTIFS('İş Planı'!$D$5:$D$204,$AK12,'İş Planı'!$O$5:$O$204,"Devam Ediyor")+COUNTIFS('İş Planı'!$E$5:$E$204,$AK12,'İş Planı'!$O$5:$O$204,"Devam Ediyor")+COUNTIFS('İş Planı'!$F$5:$F$204,$AK12,'İş Planı'!$O$5:$O$204,"Devam Ediyor")+COUNTIFS('İş Planı'!$G$5:$G$204,$AK12,'İş Planı'!$O$5:$O$204,"Devam Ediyor")=0,"",COUNTIFS('İş Planı'!$D$5:$D$204,$AK12,'İş Planı'!$O$5:$O$204,"Planlanan")+COUNTIFS('İş Planı'!$E$5:$E$204,$AK12,'İş Planı'!$O$5:$O$204,"Planlanan")+COUNTIFS('İş Planı'!$F$5:$F$204,$AK12,'İş Planı'!$O$5:$O$204,"Planlanan")+COUNTIFS('İş Planı'!$G$5:$G$204,$AK12,'İş Planı'!$O$5:$O$204,"Planlanan")+COUNTIFS('İş Planı'!$D$5:$D$204,$AK12,'İş Planı'!$O$5:$O$204,"Devam Ediyor")+COUNTIFS('İş Planı'!$E$5:$E$204,$AK12,'İş Planı'!$O$5:$O$204,"Devam Ediyor")+COUNTIFS('İş Planı'!$F$5:$F$204,$AK12,'İş Planı'!$O$5:$O$204,"Devam Ediyor")+COUNTIFS('İş Planı'!$G$5:$G$204,$AK12,'İş Planı'!$O$5:$O$204,"Devam Ediyor"))) | AM12: =IF($AK12="","",IF(COUNTIFS('İş Planı'!$D$5:$D$204,$AK12,'İş Planı'!$O$5:$O$204,"Gecikmiş")+COUNTIFS('İş Planı'!$E$5:$E$204,$AK12,'İş Planı'!$O$5:$O$204,"Gecikmiş")+COUNTIFS('İş Planı'!$F$5:$F$204,$AK12,'İş Planı'!$O$5:$O$204,"Gecikmiş")+COUNTIFS('İş Planı'!$G$5:$G$204,$AK12,'İş Planı'!$O$5:$O$204,"Gecikmiş")=0,"",COUNTIFS('İş Planı'!$D$5:$D$204,$AK12,'İş Planı'!$O$5:$O$204,"Gecikmiş")+COUNTIFS('İş Planı'!$E$5:$E$204,$AK12,'İş Planı'!$O$5:$O$204,"Gecikmiş")+COUNTIFS('İş Planı'!$F$5:$F$204,$AK12,'İş Planı'!$O$5:$O$204,"Gecikmiş")+COUNTIFS('İş Planı'!$G$5:$G$204,$AK12,'İş Planı'!$O$5:$O$204,"Gecikmiş"))) | BB12: =IF(Listeler!$B12="","",IF(COUNTIF('İş Planı'!$B$5:$B$204,Listeler!$B12)=0,"",ROW()-3)) | BD12: =IF(Listeler!$D12="","",IF(COUNTIF('İş Planı'!$D$5:$D$204,Listeler!$D12)+COUNTIF('İş Planı'!$E$5:$E$204,Listeler!$D12)+COUNTIF('İş Planı'!$F$5:$F$204,Listeler!$D12)+COUNTIF('İş Planı'!$G$5:$G$204,Listeler!$D12)=0,"",ROW()-3)) -> 9
H13: Ara | I13: 46357 | J13: =SUMPRODUCT(('İş Planı'!$C$5:$C$204<>"")*('İş Planı'!$I$5:$I$204<>"")*('İş Planı'!$J$5:$J$204<>"")*('İş Planı'!$I$5:$I$204<=EOMONTH(I13,0))*('İş Planı'!$M$5:$M$204>=I13)) -> 0 | W13: =IFERROR(INDEX(Listeler!$B$4:$B$43,SMALL($BB$4:$BB$43,22-ROW())),"") | X13: =IF($W13="","",IF(COUNTIFS('İş Planı'!$B$5:$B$204,$W13,'İş Planı'!$O$5:$O$204,"Tamamlandı")=0,"",COUNTIFS('İş Planı'!$B$5:$B$204,$W13,'İş Planı'!$O$5:$O$204,"Tamamlandı"))) | Y13: =IF($W13="","",IF(COUNTIFS('İş Planı'!$B$5:$B$204,$W13,'İş Planı'!$O$5:$O$204,"Devam Ediyor")=0,"",COUNTIFS('İş Planı'!$B$5:$B$204,$W13,'İş Planı'!$O$5:$O$204,"Devam Ediyor"))) | Z13: =IF($W13="","",IF(COUNTIFS('İş Planı'!$B$5:$B$204,$W13,'İş Planı'!$O$5:$O$204,"Gecikmiş")=0,"",COUNTIFS('İş Planı'!$B$5:$B$204,$W13,'İş Planı'!$O$5:$O$204,"Gecikmiş"))) | AB13: 46106 | AC13: =SUMPRODUCT(('İş Planı'!$C$5:$C$204<>"")*('İş Planı'!$M$5:$M$204<>"")*('İş Planı'!$M$5:$M$204<=AB13)) -> 0 | AD13: =SUMPRODUCT(('İş Planı'!$C$5:$C$204<>"")*('İş Planı'!$M$5:$M$204<>"")*('İş Planı'!$M$5:$M$204<=AB13)*('İş Planı'!$O$5:$O$204="Tamamlandı")) -> 0 | AF13: Ara | AG13: 46387 | AH13: =SUMPRODUCT(('İş Planı'!$C$5:$C$204<>"")*('İş Planı'!$M$5:$M$204<>"")*('İş Planı'!$M$5:$M$204<=AG13)) -> 38 | AI13: =SUMPRODUCT(('İş Planı'!$C$5:$C$204<>"")*('İş Planı'!$M$5:$M$204<>"")*('İş Planı'!$M$5:$M$204<=AG13)*('İş Planı'!$O$5:$O$204="Tamamlandı")) -> 6 | AK13: =IFERROR(INDEX(Listeler!$D$4:$D$43,SMALL($BD$4:$BD$43,22-ROW())),"") | AL13: =IF($AK13="","",IF(COUNTIFS('İş Planı'!$D$5:$D$204,$AK13,'İş Planı'!$O$5:$O$204,"Planlanan")+COUNTIFS('İş Planı'!$E$5:$E$204,$AK13,'İş Planı'!$O$5:$O$204,"Planlanan")+COUNTIFS('İş Planı'!$F$5:$F$204,$AK13,'İş Planı'!$O$5:$O$204,"Planlanan")+COUNTIFS('İş Planı'!$G$5:$G$204,$AK13,'İş Planı'!$O$5:$O$204,"Planlanan")+COUNTIFS('İş Planı'!$D$5:$D$204,$AK13,'İş Planı'!$O$5:$O$204,"Devam Ediyor")+COUNTIFS('İş Planı'!$E$5:$E$204,$AK13,'İş Planı'!$O$5:$O$204,"Devam Ediyor")+COUNTIFS('İş Planı'!$F$5:$F$204,$AK13,'İş Planı'!$O$5:$O$204,"Devam Ediyor")+COUNTIFS('İş Planı'!$G$5:$G$204,$AK13,'İş Planı'!$O$5:$O$204,"Devam Ediyor")=0,"",COUNTIFS('İş Planı'!$D$5:$D$204,$AK13,'İş Planı'!$O$5:$O$204,"Planlanan")+COUNTIFS('İş Planı'!$E$5:$E$204,$AK13,'İş Planı'!$O$5:$O$204,"Planlanan")+COUNTIFS('İş Planı'!$F$5:$F$204,$AK13,'İş Planı'!$O$5:$O$204,"Planlanan")+COUNTIFS('İş Planı'!$G$5:$G$204,$AK13,'İş Planı'!$O$5:$O$204,"Planlanan")+COUNTIFS('İş Planı'!$D$5:$D$204,$AK13,'İş Planı'!$O$5:$O$204,"Devam Ediyor")+COUNTIFS('İş Planı'!$E$5:$E$204,$AK13,'İş Planı'!$O$5:$O$204,"Devam Ediyor")+COUNTIFS('İş Planı'!$F$5:$F$204,$AK13,'İş Planı'!$O$5:$O$204,"Devam Ediyor")+COUNTIFS('İş Planı'!$G$5:$G$204,$AK13,'İş Planı'!$O$5:$O$204,"Devam Ediyor"))) | AM13: =IF($AK13="","",IF(COUNTIFS('İş Planı'!$D$5:$D$204,$AK13,'İş Planı'!$O$5:$O$204,"Gecikmiş")+COUNTIFS('İş Planı'!$E$5:$E$204,$AK13,'İş Planı'!$O$5:$O$204,"Gecikmiş")+COUNTIFS('İş Planı'!$F$5:$F$204,$AK13,'İş Planı'!$O$5:$O$204,"Gecikmiş")+COUNTIFS('İş Planı'!$G$5:$G$204,$AK13,'İş Planı'!$O$5:$O$204,"Gecikmiş")=0,"",COUNTIFS('İş Planı'!$D$5:$D$204,$AK13,'İş Planı'!$O$5:$O$204,"Gecikmiş")+COUNTIFS('İş Planı'!$E$5:$E$204,$AK13,'İş Planı'!$O$5:$O$204,"Gecikmiş")+COUNTIFS('İş Planı'!$F$5:$F$204,$AK13,'İş Planı'!$O$5:$O$204,"Gecikmiş")+COUNTIFS('İş Planı'!$G$5:$G$204,$AK13,'İş Planı'!$O$5:$O$204,"Gecikmiş"))) | BB13: =IF(Listeler!$B13="","",IF(COUNTIF('İş Planı'!$B$5:$B$204,Listeler!$B13)=0,"",ROW()-3)) | BD13: =IF(Listeler!$D13="","",IF(COUNTIF('İş Planı'!$D$5:$D$204,Listeler!$D13)+COUNTIF('İş Planı'!$E$5:$E$204,Listeler!$D13)+COUNTIF('İş Planı'!$F$5:$F$204,Listeler!$D13)+COUNTIF('İş Planı'!$G$5:$G$204,Listeler!$D13)=0,"",ROW()-3))
W14: =IFERROR(INDEX(Listeler!$B$4:$B$43,SMALL($BB$4:$BB$43,22-ROW())),"") -> Ad-Hoc İşler | X14: =IF($W14="","",IF(COUNTIFS('İş Planı'!$B$5:$B$204,$W14,'İş Planı'!$O$5:$O$204,"Tamamlandı")=0,"",COUNTIFS('İş Planı'!$B$5:$B$204,$W14,'İş Planı'!$O$5:$O$204,"Tamamlandı"))) -> 2 | Y14: =IF($W14="","",IF(COUNTIFS('İş Planı'!$B$5:$B$204,$W14,'İş Planı'!$O$5:$O$204,"Devam Ediyor")=0,"",COUNTIFS('İş Planı'!$B$5:$B$204,$W14,'İş Planı'!$O$5:$O$204,"Devam Ediyor"))) -> 1 | Z14: =IF($W14="","",IF(COUNTIFS('İş Planı'!$B$5:$B$204,$W14,'İş Planı'!$O$5:$O$204,"Gecikmiş")=0,"",COUNTIFS('İş Planı'!$B$5:$B$204,$W14,'İş Planı'!$O$5:$O$204,"Gecikmiş"))) | AB14: 46113 | AC14: =SUMPRODUCT(('İş Planı'!$C$5:$C$204<>"")*('İş Planı'!$M$5:$M$204<>"")*('İş Planı'!$M$5:$M$204<=AB14)) -> 0 | AD14: =SUMPRODUCT(('İş Planı'!$C$5:$C$204<>"")*('İş Planı'!$M$5:$M$204<>"")*('İş Planı'!$M$5:$M$204<=AB14)*('İş Planı'!$O$5:$O$204="Tamamlandı")) -> 0 | AK14: =IFERROR(INDEX(Listeler!$D$4:$D$43,SMALL($BD$4:$BD$43,22-ROW())),"") | AL14: =IF($AK14="","",IF(COUNTIFS('İş Planı'!$D$5:$D$204,$AK14,'İş Planı'!$O$5:$O$204,"Planlanan")+COUNTIFS('İş Planı'!$E$5:$E$204,$AK14,'İş Planı'!$O$5:$O$204,"Planlanan")+COUNTIFS('İş Planı'!$F$5:$F$204,$AK14,'İş Planı'!$O$5:$O$204,"Planlanan")+COUNTIFS('İş Planı'!$G$5:$G$204,$AK14,'İş Planı'!$O$5:$O$204,"Planlanan")+COUNTIFS('İş Planı'!$D$5:$D$204,$AK14,'İş Planı'!$O$5:$O$204,"Devam Ediyor")+COUNTIFS('İş Planı'!$E$5:$E$204,$AK14,'İş Planı'!$O$5:$O$204,"Devam Ediyor")+COUNTIFS('İş Planı'!$F$5:$F$204,$AK14,'İş Planı'!$O$5:$O$204,"Devam Ediyor")+COUNTIFS('İş Planı'!$G$5:$G$204,$AK14,'İş Planı'!$O$5:$O$204,"Devam Ediyor")=0,"",COUNTIFS('İş Planı'!$D$5:$D$204,$AK14,'İş Planı'!$O$5:$O$204,"Planlanan")+COUNTIFS('İş Planı'!$E$5:$E$204,$AK14,'İş Planı'!$O$5:$O$204,"Planlanan")+COUNTIFS('İş Planı'!$F$5:$F$204,$AK14,'İş Planı'!$O$5:$O$204,"Planlanan")+COUNTIFS('İş Planı'!$G$5:$G$204,$AK14,'İş Planı'!$O$5:$O$204,"Planlanan")+COUNTIFS('İş Planı'!$D$5:$D$204,$AK14,'İş Planı'!$O$5:$O$204,"Devam Ediyor")+COUNTIFS('İş Planı'!$E$5:$E$204,$AK14,'İş Planı'!$O$5:$O$204,"Devam Ediyor")+COUNTIFS('İş Planı'!$F$5:$F$204,$AK14,'İş Planı'!$O$5:$O$204,"Devam Ediyor")+COUNTIFS('İş Planı'!$G$5:$G$204,$AK14,'İş Planı'!$O$5:$O$204,"Devam Ediyor"))) | AM14: =IF($AK14="","",IF(COUNTIFS('İş Planı'!$D$5:$D$204,$AK14,'İş Planı'!$O$5:$O$204,"Gecikmiş")+COUNTIFS('İş Planı'!$E$5:$E$204,$AK14,'İş Planı'!$O$5:$O$204,"Gecikmiş")+COUNTIFS('İş Planı'!$F$5:$F$204,$AK14,'İş Planı'!$O$5:$O$204,"Gecikmiş")+COUNTIFS('İş Planı'!$G$5:$G$204,$AK14,'İş Planı'!$O$5:$O$204,"Gecikmiş")=0,"",COUNTIFS('İş Planı'!$D$5:$D$204,$AK14,'İş Planı'!$O$5:$O$204,"Gecikmiş")+COUNTIFS('İş Planı'!$E$5:$E$204,$AK14,'İş Planı'!$O$5:$O$204,"Gecikmiş")+COUNTIFS('İş Planı'!$F$5:$F$204,$AK14,'İş Planı'!$O$5:$O$204,"Gecikmiş")+COUNTIFS('İş Planı'!$G$5:$G$204,$AK14,'İş Planı'!$O$5:$O$204,"Gecikmiş"))) | BB14: =IF(Listeler!$B14="","",IF(COUNTIF('İş Planı'!$B$5:$B$204,Listeler!$B14)=0,"",ROW()-3)) -> 11 | BD14: =IF(Listeler!$D14="","",IF(COUNTIF('İş Planı'!$D$5:$D$204,Listeler!$D14)+COUNTIF('İş Planı'!$E$5:$E$204,Listeler!$D14)+COUNTIF('İş Planı'!$F$5:$F$204,Listeler!$D14)+COUNTIF('İş Planı'!$G$5:$G$204,Listeler!$D14)=0,"",ROW()-3)) -> 11
W15: =IFERROR(INDEX(Listeler!$B$4:$B$43,SMALL($BB$4:$BB$43,22-ROW())),"") -> Destek Hizmeti Denetimler | X15: =IF($W15="","",IF(COUNTIFS('İş Planı'!$B$5:$B$204,$W15,'İş Planı'!$O$5:$O$204,"Tamamlandı")=0,"",COUNTIFS('İş Planı'!$B$5:$B$204,$W15,'İş Planı'!$O$5:$O$204,"Tamamlandı"))) | Y15: =IF($W15="","",IF(COUNTIFS('İş Planı'!$B$5:$B$204,$W15,'İş Planı'!$O$5:$O$204,"Devam Ediyor")=0,"",COUNTIFS('İş Planı'!$B$5:$B$204,$W15,'İş Planı'!$O$5:$O$204,"Devam Ediyor"))) -> 2 | Z15: =IF($W15="","",IF(COUNTIFS('İş Planı'!$B$5:$B$204,$W15,'İş Planı'!$O$5:$O$204,"Gecikmiş")=0,"",COUNTIFS('İş Planı'!$B$5:$B$204,$W15,'İş Planı'!$O$5:$O$204,"Gecikmiş"))) -> 1 | AB15: 46120 | AC15: =SUMPRODUCT(('İş Planı'!$C$5:$C$204<>"")*('İş Planı'!$M$5:$M$204<>"")*('İş Planı'!$M$5:$M$204<=AB15)) -> 0 | AD15: =SUMPRODUCT(('İş Planı'!$C$5:$C$204<>"")*('İş Planı'!$M$5:$M$204<>"")*('İş Planı'!$M$5:$M$204<=AB15)*('İş Planı'!$O$5:$O$204="Tamamlandı")) -> 0 | AK15: =IFERROR(INDEX(Listeler!$D$4:$D$43,SMALL($BD$4:$BD$43,22-ROW())),"") -> Ornek User13 | AL15: =IF($AK15="","",IF(COUNTIFS('İş Planı'!$D$5:$D$204,$AK15,'İş Planı'!$O$5:$O$204,"Planlanan")+COUNTIFS('İş Planı'!$E$5:$E$204,$AK15,'İş Planı'!$O$5:$O$204,"Planlanan")+COUNTIFS('İş Planı'!$F$5:$F$204,$AK15,'İş Planı'!$O$5:$O$204,"Planlanan")+COUNTIFS('İş Planı'!$G$5:$G$204,$AK15,'İş Planı'!$O$5:$O$204,"Planlanan")+COUNTIFS('İş Planı'!$D$5:$D$204,$AK15,'İş Planı'!$O$5:$O$204,"Devam Ediyor")+COUNTIFS('İş Planı'!$E$5:$E$204,$AK15,'İş Planı'!$O$5:$O$204,"Devam Ediyor")+COUNTIFS('İş Planı'!$F$5:$F$204,$AK15,'İş Planı'!$O$5:$O$204,"Devam Ediyor")+COUNTIFS('İş Planı'!$G$5:$G$204,$AK15,'İş Planı'!$O$5:$O$204,"Devam Ediyor")=0,"",COUNTIFS('İş Planı'!$D$5:$D$204,$AK15,'İş Planı'!$O$5:$O$204,"Planlanan")+COUNTIFS('İş Planı'!$E$5:$E$204,$AK15,'İş Planı'!$O$5:$O$204,"Planlanan")+COUNTIFS('İş Planı'!$F$5:$F$204,$AK15,'İş Planı'!$O$5:$O$204,"Planlanan")+COUNTIFS('İş Planı'!$G$5:$G$204,$AK15,'İş Planı'!$O$5:$O$204,"Planlanan")+COUNTIFS('İş Planı'!$D$5:$D$204,$AK15,'İş Planı'!$O$5:$O$204,"Devam Ediyor")+COUNTIFS('İş Planı'!$E$5:$E$204,$AK15,'İş Planı'!$O$5:$O$204,"Devam Ediyor")+COUNTIFS('İş Planı'!$F$5:$F$204,$AK15,'İş Planı'!$O$5:$O$204,"Devam Ediyor")+COUNTIFS('İş Planı'!$G$5:$G$204,$AK15,'İş Planı'!$O$5:$O$204,"Devam Ediyor"))) -> 12 | AM15: =IF($AK15="","",IF(COUNTIFS('İş Planı'!$D$5:$D$204,$AK15,'İş Planı'!$O$5:$O$204,"Gecikmiş")+COUNTIFS('İş Planı'!$E$5:$E$204,$AK15,'İş Planı'!$O$5:$O$204,"Gecikmiş")+COUNTIFS('İş Planı'!$F$5:$F$204,$AK15,'İş Planı'!$O$5:$O$204,"Gecikmiş")+COUNTIFS('İş Planı'!$G$5:$G$204,$AK15,'İş Planı'!$O$5:$O$204,"Gecikmiş")=0,"",COUNTIFS('İş Planı'!$D$5:$D$204,$AK15,'İş Planı'!$O$5:$O$204,"Gecikmiş")+COUNTIFS('İş Planı'!$E$5:$E$204,$AK15,'İş Planı'!$O$5:$O$204,"Gecikmiş")+COUNTIFS('İş Planı'!$F$5:$F$204,$AK15,'İş Planı'!$O$5:$O$204,"Gecikmiş")+COUNTIFS('İş Planı'!$G$5:$G$204,$AK15,'İş Planı'!$O$5:$O$204,"Gecikmiş"))) -> 2 | BB15: =IF(Listeler!$B15="","",IF(COUNTIF('İş Planı'!$B$5:$B$204,Listeler!$B15)=0,"",ROW()-3)) | BD15: =IF(Listeler!$D15="","",IF(COUNTIF('İş Planı'!$D$5:$D$204,Listeler!$D15)+COUNTIF('İş Planı'!$E$5:$E$204,Listeler!$D15)+COUNTIF('İş Planı'!$F$5:$F$204,Listeler!$D15)+COUNTIF('İş Planı'!$G$5:$G$204,Listeler!$D15)=0,"",ROW()-3)) -> 12
W16: =IFERROR(INDEX(Listeler!$B$4:$B$43,SMALL($BB$4:$BB$43,22-ROW())),"") -> Dendeks WS Entegrasyon Denetimi | X16: =IF($W16="","",IF(COUNTIFS('İş Planı'!$B$5:$B$204,$W16,'İş Planı'!$O$5:$O$204,"Tamamlandı")=0,"",COUNTIFS('İş Planı'!$B$5:$B$204,$W16,'İş Planı'!$O$5:$O$204,"Tamamlandı"))) -> 1 | Y16: =IF($W16="","",IF(COUNTIFS('İş Planı'!$B$5:$B$204,$W16,'İş Planı'!$O$5:$O$204,"Devam Ediyor")=0,"",COUNTIFS('İş Planı'!$B$5:$B$204,$W16,'İş Planı'!$O$5:$O$204,"Devam Ediyor"))) | Z16: =IF($W16="","",IF(COUNTIFS('İş Planı'!$B$5:$B$204,$W16,'İş Planı'!$O$5:$O$204,"Gecikmiş")=0,"",COUNTIFS('İş Planı'!$B$5:$B$204,$W16,'İş Planı'!$O$5:$O$204,"Gecikmiş"))) | AB16: 46127 | AC16: =SUMPRODUCT(('İş Planı'!$C$5:$C$204<>"")*('İş Planı'!$M$5:$M$204<>"")*('İş Planı'!$M$5:$M$204<=AB16)) -> 0 | AD16: =SUMPRODUCT(('İş Planı'!$C$5:$C$204<>"")*('İş Planı'!$M$5:$M$204<>"")*('İş Planı'!$M$5:$M$204<=AB16)*('İş Planı'!$O$5:$O$204="Tamamlandı")) -> 0 | AK16: =IFERROR(INDEX(Listeler!$D$4:$D$43,SMALL($BD$4:$BD$43,22-ROW())),"") -> Ornek User12 | AL16: =IF($AK16="","",IF(COUNTIFS('İş Planı'!$D$5:$D$204,$AK16,'İş Planı'!$O$5:$O$204,"Planlanan")+COUNTIFS('İş Planı'!$E$5:$E$204,$AK16,'İş Planı'!$O$5:$O$204,"Planlanan")+COUNTIFS('İş Planı'!$F$5:$F$204,$AK16,'İş Planı'!$O$5:$O$204,"Planlanan")+COUNTIFS('İş Planı'!$G$5:$G$204,$AK16,'İş Planı'!$O$5:$O$204,"Planlanan")+COUNTIFS('İş Planı'!$D$5:$D$204,$AK16,'İş Planı'!$O$5:$O$204,"Devam Ediyor")+COUNTIFS('İş Planı'!$E$5:$E$204,$AK16,'İş Planı'!$O$5:$O$204,"Devam Ediyor")+COUNTIFS('İş Planı'!$F$5:$F$204,$AK16,'İş Planı'!$O$5:$O$204,"Devam Ediyor")+COUNTIFS('İş Planı'!$G$5:$G$204,$AK16,'İş Planı'!$O$5:$O$204,"Devam Ediyor")=0,"",COUNTIFS('İş Planı'!$D$5:$D$204,$AK16,'İş Planı'!$O$5:$O$204,"Planlanan")+COUNTIFS('İş Planı'!$E$5:$E$204,$AK16,'İş Planı'!$O$5:$O$204,"Planlanan")+COUNTIFS('İş Planı'!$F$5:$F$204,$AK16,'İş Planı'!$O$5:$O$204,"Planlanan")+COUNTIFS('İş Planı'!$G$5:$G$204,$AK16,'İş Planı'!$O$5:$O$204,"Planlanan")+COUNTIFS('İş Planı'!$D$5:$D$204,$AK16,'İş Planı'!$O$5:$O$204,"Devam Ediyor")+COUNTIFS('İş Planı'!$E$5:$E$204,$AK16,'İş Planı'!$O$5:$O$204,"Devam Ediyor")+COUNTIFS('İş Planı'!$F$5:$F$204,$AK16,'İş Planı'!$O$5:$O$204,"Devam Ediyor")+COUNTIFS('İş Planı'!$G$5:$G$204,$AK16,'İş Planı'!$O$5:$O$204,"Devam Ediyor"))) -> 10 | AM16: =IF($AK16="","",IF(COUNTIFS('İş Planı'!$D$5:$D$204,$AK16,'İş Planı'!$O$5:$O$204,"Gecikmiş")+COUNTIFS('İş Planı'!$E$5:$E$204,$AK16,'İş Planı'!$O$5:$O$204,"Gecikmiş")+COUNTIFS('İş Planı'!$F$5:$F$204,$AK16,'İş Planı'!$O$5:$O$204,"Gecikmiş")+COUNTIFS('İş Planı'!$G$5:$G$204,$AK16,'İş Planı'!$O$5:$O$204,"Gecikmiş")=0,"",COUNTIFS('İş Planı'!$D$5:$D$204,$AK16,'İş Planı'!$O$5:$O$204,"Gecikmiş")+COUNTIFS('İş Planı'!$E$5:$E$204,$AK16,'İş Planı'!$O$5:$O$204,"Gecikmiş")+COUNTIFS('İş Planı'!$F$5:$F$204,$AK16,'İş Planı'!$O$5:$O$204,"Gecikmiş")+COUNTIFS('İş Planı'!$G$5:$G$204,$AK16,'İş Planı'!$O$5:$O$204,"Gecikmiş"))) -> 1 | BB16: =IF(Listeler!$B16="","",IF(COUNTIF('İş Planı'!$B$5:$B$204,Listeler!$B16)=0,"",ROW()-3)) | BD16: =IF(Listeler!$D16="","",IF(COUNTIF('İş Planı'!$D$5:$D$204,Listeler!$D16)+COUNTIF('İş Planı'!$E$5:$E$204,Listeler!$D16)+COUNTIF('İş Planı'!$F$5:$F$204,Listeler!$D16)+COUNTIF('İş Planı'!$G$5:$G$204,Listeler!$D16)=0,"",ROW()-3)) -> 13
W17: =IFERROR(INDEX(Listeler!$B$4:$B$43,SMALL($BB$4:$BB$43,22-ROW())),"") -> Buluteks Dendeks Bulut Altyapı Denetimi | X17: =IF($W17="","",IF(COUNTIFS('İş Planı'!$B$5:$B$204,$W17,'İş Planı'!$O$5:$O$204,"Tamamlandı")=0,"",COUNTIFS('İş Planı'!$B$5:$B$204,$W17,'İş Planı'!$O$5:$O$204,"Tamamlandı"))) | Y17: =IF($W17="","",IF(COUNTIFS('İş Planı'!$B$5:$B$204,$W17,'İş Planı'!$O$5:$O$204,"Devam Ediyor")=0,"",COUNTIFS('İş Planı'!$B$5:$B$204,$W17,'İş Planı'!$O$5:$O$204,"Devam Ediyor"))) -> 1 | Z17: =IF($W17="","",IF(COUNTIFS('İş Planı'!$B$5:$B$204,$W17,'İş Planı'!$O$5:$O$204,"Gecikmiş")=0,"",COUNTIFS('İş Planı'!$B$5:$B$204,$W17,'İş Planı'!$O$5:$O$204,"Gecikmiş"))) | AB17: 46134 | AC17: =SUMPRODUCT(('İş Planı'!$C$5:$C$204<>"")*('İş Planı'!$M$5:$M$204<>"")*('İş Planı'!$M$5:$M$204<=AB17)) -> 0 | AD17: =SUMPRODUCT(('İş Planı'!$C$5:$C$204<>"")*('İş Planı'!$M$5:$M$204<>"")*('İş Planı'!$M$5:$M$204<=AB17)*('İş Planı'!$O$5:$O$204="Tamamlandı")) -> 0 | AK17: =IFERROR(INDEX(Listeler!$D$4:$D$43,SMALL($BD$4:$BD$43,22-ROW())),"") -> Ornek User11 | AL17: =IF($AK17="","",IF(COUNTIFS('İş Planı'!$D$5:$D$204,$AK17,'İş Planı'!$O$5:$O$204,"Planlanan")+COUNTIFS('İş Planı'!$E$5:$E$204,$AK17,'İş Planı'!$O$5:$O$204,"Planlanan")+COUNTIFS('İş Planı'!$F$5:$F$204,$AK17,'İş Planı'!$O$5:$O$204,"Planlanan")+COUNTIFS('İş Planı'!$G$5:$G$204,$AK17,'İş Planı'!$O$5:$O$204,"Planlanan")+COUNTIFS('İş Planı'!$D$5:$D$204,$AK17,'İş Planı'!$O$5:$O$204,"Devam Ediyor")+COUNTIFS('İş Planı'!$E$5:$E$204,$AK17,'İş Planı'!$O$5:$O$204,"Devam Ediyor")+COUNTIFS('İş Planı'!$F$5:$F$204,$AK17,'İş Planı'!$O$5:$O$204,"Devam Ediyor")+COUNTIFS('İş Planı'!$G$5:$G$204,$AK17,'İş Planı'!$O$5:$O$204,"Devam Ediyor")=0,"",COUNTIFS('İş Planı'!$D$5:$D$204,$AK17,'İş Planı'!$O$5:$O$204,"Planlanan")+COUNTIFS('İş Planı'!$E$5:$E$204,$AK17,'İş Planı'!$O$5:$O$204,"Planlanan")+COUNTIFS('İş Planı'!$F$5:$F$204,$AK17,'İş Planı'!$O$5:$O$204,"Planlanan")+COUNTIFS('İş Planı'!$G$5:$G$204,$AK17,'İş Planı'!$O$5:$O$204,"Planlanan")+COUNTIFS('İş Planı'!$D$5:$D$204,$AK17,'İş Planı'!$O$5:$O$204,"Devam Ediyor")+COUNTIFS('İş Planı'!$E$5:$E$204,$AK17,'İş Planı'!$O$5:$O$204,"Devam Ediyor")+COUNTIFS('İş Planı'!$F$5:$F$204,$AK17,'İş Planı'!$O$5:$O$204,"Devam Ediyor")+COUNTIFS('İş Planı'!$G$5:$G$204,$AK17,'İş Planı'!$O$5:$O$204,"Devam Ediyor"))) -> 13 | AM17: =IF($AK17="","",IF(COUNTIFS('İş Planı'!$D$5:$D$204,$AK17,'İş Planı'!$O$5:$O$204,"Gecikmiş")+COUNTIFS('İş Planı'!$E$5:$E$204,$AK17,'İş Planı'!$O$5:$O$204,"Gecikmiş")+COUNTIFS('İş Planı'!$F$5:$F$204,$AK17,'İş Planı'!$O$5:$O$204,"Gecikmiş")+COUNTIFS('İş Planı'!$G$5:$G$204,$AK17,'İş Planı'!$O$5:$O$204,"Gecikmiş")=0,"",COUNTIFS('İş Planı'!$D$5:$D$204,$AK17,'İş Planı'!$O$5:$O$204,"Gecikmiş")+COUNTIFS('İş Planı'!$E$5:$E$204,$AK17,'İş Planı'!$O$5:$O$204,"Gecikmiş")+COUNTIFS('İş Planı'!$F$5:$F$204,$AK17,'İş Planı'!$O$5:$O$204,"Gecikmiş")+COUNTIFS('İş Planı'!$G$5:$G$204,$AK17,'İş Planı'!$O$5:$O$204,"Gecikmiş"))) -> 1 | BB17: =IF(Listeler!$B17="","",IF(COUNTIF('İş Planı'!$B$5:$B$204,Listeler!$B17)=0,"",ROW()-3)) | BD17: =IF(Listeler!$D17="","",IF(COUNTIF('İş Planı'!$D$5:$D$204,Listeler!$D17)+COUNTIF('İş Planı'!$E$5:$E$204,Listeler!$D17)+COUNTIF('İş Planı'!$F$5:$F$204,Listeler!$D17)+COUNTIF('İş Planı'!$G$5:$G$204,Listeler!$D17)=0,"",ROW()-3))
W18: =IFERROR(INDEX(Listeler!$B$4:$B$43,SMALL($BB$4:$BB$43,22-ROW())),"") -> Buluteks | X18: =IF($W18="","",IF(COUNTIFS('İş Planı'!$B$5:$B$204,$W18,'İş Planı'!$O$5:$O$204,"Tamamlandı")=0,"",COUNTIFS('İş Planı'!$B$5:$B$204,$W18,'İş Planı'!$O$5:$O$204,"Tamamlandı"))) | Y18: =IF($W18="","",IF(COUNTIFS('İş Planı'!$B$5:$B$204,$W18,'İş Planı'!$O$5:$O$204,"Devam Ediyor")=0,"",COUNTIFS('İş Planı'!$B$5:$B$204,$W18,'İş Planı'!$O$5:$O$204,"Devam Ediyor"))) | Z18: =IF($W18="","",IF(COUNTIFS('İş Planı'!$B$5:$B$204,$W18,'İş Planı'!$O$5:$O$204,"Gecikmiş")=0,"",COUNTIFS('İş Planı'!$B$5:$B$204,$W18,'İş Planı'!$O$5:$O$204,"Gecikmiş"))) -> 2 | AB18: 46141 | AC18: =SUMPRODUCT(('İş Planı'!$C$5:$C$204<>"")*('İş Planı'!$M$5:$M$204<>"")*('İş Planı'!$M$5:$M$204<=AB18)) -> 0 | AD18: =SUMPRODUCT(('İş Planı'!$C$5:$C$204<>"")*('İş Planı'!$M$5:$M$204<>"")*('İş Planı'!$M$5:$M$204<=AB18)*('İş Planı'!$O$5:$O$204="Tamamlandı")) -> 0 | AK18: =IFERROR(INDEX(Listeler!$D$4:$D$43,SMALL($BD$4:$BD$43,22-ROW())),"") -> Ornek User9 | AL18: =IF($AK18="","",IF(COUNTIFS('İş Planı'!$D$5:$D$204,$AK18,'İş Planı'!$O$5:$O$204,"Planlanan")+COUNTIFS('İş Planı'!$E$5:$E$204,$AK18,'İş Planı'!$O$5:$O$204,"Planlanan")+COUNTIFS('İş Planı'!$F$5:$F$204,$AK18,'İş Planı'!$O$5:$O$204,"Planlanan")+COUNTIFS('İş Planı'!$G$5:$G$204,$AK18,'İş Planı'!$O$5:$O$204,"Planlanan")+COUNTIFS('İş Planı'!$D$5:$D$204,$AK18,'İş Planı'!$O$5:$O$204,"Devam Ediyor")+COUNTIFS('İş Planı'!$E$5:$E$204,$AK18,'İş Planı'!$O$5:$O$204,"Devam Ediyor")+COUNTIFS('İş Planı'!$F$5:$F$204,$AK18,'İş Planı'!$O$5:$O$204,"Devam Ediyor")+COUNTIFS('İş Planı'!$G$5:$G$204,$AK18,'İş Planı'!$O$5:$O$204,"Devam Ediyor")=0,"",COUNTIFS('İş Planı'!$D$5:$D$204,$AK18,'İş Planı'!$O$5:$O$204,"Planlanan")+COUNTIFS('İş Planı'!$E$5:$E$204,$AK18,'İş Planı'!$O$5:$O$204,"Planlanan")+COUNTIFS('İş Planı'!$F$5:$F$204,$AK18,'İş Planı'!$O$5:$O$204,"Planlanan")+COUNTIFS('İş Planı'!$G$5:$G$204,$AK18,'İş Planı'!$O$5:$O$204,"Planlanan")+COUNTIFS('İş Planı'!$D$5:$D$204,$AK18,'İş Planı'!$O$5:$O$204,"Devam Ediyor")+COUNTIFS('İş Planı'!$E$5:$E$204,$AK18,'İş Planı'!$O$5:$O$204,"Devam Ediyor")+COUNTIFS('İş Planı'!$F$5:$F$204,$AK18,'İş Planı'!$O$5:$O$204,"Devam Ediyor")+COUNTIFS('İş Planı'!$G$5:$G$204,$AK18,'İş Planı'!$O$5:$O$204,"Devam Ediyor"))) -> 12 | AM18: =IF($AK18="","",IF(COUNTIFS('İş Planı'!$D$5:$D$204,$AK18,'İş Planı'!$O$5:$O$204,"Gecikmiş")+COUNTIFS('İş Planı'!$E$5:$E$204,$AK18,'İş Planı'!$O$5:$O$204,"Gecikmiş")+COUNTIFS('İş Planı'!$F$5:$F$204,$AK18,'İş Planı'!$O$5:$O$204,"Gecikmiş")+COUNTIFS('İş Planı'!$G$5:$G$204,$AK18,'İş Planı'!$O$5:$O$204,"Gecikmiş")=0,"",COUNTIFS('İş Planı'!$D$5:$D$204,$AK18,'İş Planı'!$O$5:$O$204,"Gecikmiş")+COUNTIFS('İş Planı'!$E$5:$E$204,$AK18,'İş Planı'!$O$5:$O$204,"Gecikmiş")+COUNTIFS('İş Planı'!$F$5:$F$204,$AK18,'İş Planı'!$O$5:$O$204,"Gecikmiş")+COUNTIFS('İş Planı'!$G$5:$G$204,$AK18,'İş Planı'!$O$5:$O$204,"Gecikmiş"))) -> 5 | BB18: =IF(Listeler!$B18="","",IF(COUNTIF('İş Planı'!$B$5:$B$204,Listeler!$B18)=0,"",ROW()-3)) | BD18: =IF(Listeler!$D18="","",IF(COUNTIF('İş Planı'!$D$5:$D$204,Listeler!$D18)+COUNTIF('İş Planı'!$E$5:$E$204,Listeler!$D18)+COUNTIF('İş Planı'!$F$5:$F$204,Listeler!$D18)+COUNTIF('İş Planı'!$G$5:$G$204,Listeler!$D18)=0,"",ROW()-3))
W19: =IFERROR(INDEX(Listeler!$B$4:$B$43,SMALL($BB$4:$BB$43,22-ROW())),"") -> BIGR | X19: =IF($W19="","",IF(COUNTIFS('İş Planı'!$B$5:$B$204,$W19,'İş Planı'!$O$5:$O$204,"Tamamlandı")=0,"",COUNTIFS('İş Planı'!$B$5:$B$204,$W19,'İş Planı'!$O$5:$O$204,"Tamamlandı"))) -> 1 | Y19: =IF($W19="","",IF(COUNTIFS('İş Planı'!$B$5:$B$204,$W19,'İş Planı'!$O$5:$O$204,"Devam Ediyor")=0,"",COUNTIFS('İş Planı'!$B$5:$B$204,$W19,'İş Planı'!$O$5:$O$204,"Devam Ediyor"))) -> 3 | Z19: =IF($W19="","",IF(COUNTIFS('İş Planı'!$B$5:$B$204,$W19,'İş Planı'!$O$5:$O$204,"Gecikmiş")=0,"",COUNTIFS('İş Planı'!$B$5:$B$204,$W19,'İş Planı'!$O$5:$O$204,"Gecikmiş"))) -> 8 | AB19: 46148 | AC19: =SUMPRODUCT(('İş Planı'!$C$5:$C$204<>"")*('İş Planı'!$M$5:$M$204<>"")*('İş Planı'!$M$5:$M$204<=AB19)) -> 0 | AD19: =SUMPRODUCT(('İş Planı'!$C$5:$C$204<>"")*('İş Planı'!$M$5:$M$204<>"")*('İş Planı'!$M$5:$M$204<=AB19)*('İş Planı'!$O$5:$O$204="Tamamlandı")) -> 0 | AK19: =IFERROR(INDEX(Listeler!$D$4:$D$43,SMALL($BD$4:$BD$43,22-ROW())),"") -> Ornek User4 | AL19: =IF($AK19="","",IF(COUNTIFS('İş Planı'!$D$5:$D$204,$AK19,'İş Planı'!$O$5:$O$204,"Planlanan")+COUNTIFS('İş Planı'!$E$5:$E$204,$AK19,'İş Planı'!$O$5:$O$204,"Planlanan")+COUNTIFS('İş Planı'!$F$5:$F$204,$AK19,'İş Planı'!$O$5:$O$204,"Planlanan")+COUNTIFS('İş Planı'!$G$5:$G$204,$AK19,'İş Planı'!$O$5:$O$204,"Planlanan")+COUNTIFS('İş Planı'!$D$5:$D$204,$AK19,'İş Planı'!$O$5:$O$204,"Devam Ediyor")+COUNTIFS('İş Planı'!$E$5:$E$204,$AK19,'İş Planı'!$O$5:$O$204,"Devam Ediyor")+COUNTIFS('İş Planı'!$F$5:$F$204,$AK19,'İş Planı'!$O$5:$O$204,"Devam Ediyor")+COUNTIFS('İş Planı'!$G$5:$G$204,$AK19,'İş Planı'!$O$5:$O$204,"Devam Ediyor")=0,"",COUNTIFS('İş Planı'!$D$5:$D$204,$AK19,'İş Planı'!$O$5:$O$204,"Planlanan")+COUNTIFS('İş Planı'!$E$5:$E$204,$AK19,'İş Planı'!$O$5:$O$204,"Planlanan")+COUNTIFS('İş Planı'!$F$5:$F$204,$AK19,'İş Planı'!$O$5:$O$204,"Planlanan")+COUNTIFS('İş Planı'!$G$5:$G$204,$AK19,'İş Planı'!$O$5:$O$204,"Planlanan")+COUNTIFS('İş Planı'!$D$5:$D$204,$AK19,'İş Planı'!$O$5:$O$204,"Devam Ediyor")+COUNTIFS('İş Planı'!$E$5:$E$204,$AK19,'İş Planı'!$O$5:$O$204,"Devam Ediyor")+COUNTIFS('İş Planı'!$F$5:$F$204,$AK19,'İş Planı'!$O$5:$O$204,"Devam Ediyor")+COUNTIFS('İş Planı'!$G$5:$G$204,$AK19,'İş Planı'!$O$5:$O$204,"Devam Ediyor"))) -> 20 | AM19: =IF($AK19="","",IF(COUNTIFS('İş Planı'!$D$5:$D$204,$AK19,'İş Planı'!$O$5:$O$204,"Gecikmiş")+COUNTIFS('İş Planı'!$E$5:$E$204,$AK19,'İş Planı'!$O$5:$O$204,"Gecikmiş")+COUNTIFS('İş Planı'!$F$5:$F$204,$AK19,'İş Planı'!$O$5:$O$204,"Gecikmiş")+COUNTIFS('İş Planı'!$G$5:$G$204,$AK19,'İş Planı'!$O$5:$O$204,"Gecikmiş")=0,"",COUNTIFS('İş Planı'!$D$5:$D$204,$AK19,'İş Planı'!$O$5:$O$204,"Gecikmiş")+COUNTIFS('İş Planı'!$E$5:$E$204,$AK19,'İş Planı'!$O$5:$O$204,"Gecikmiş")+COUNTIFS('İş Planı'!$F$5:$F$204,$AK19,'İş Planı'!$O$5:$O$204,"Gecikmiş")+COUNTIFS('İş Planı'!$G$5:$G$204,$AK19,'İş Planı'!$O$5:$O$204,"Gecikmiş"))) -> 8 | BB19: =IF(Listeler!$B19="","",IF(COUNTIF('İş Planı'!$B$5:$B$204,Listeler!$B19)=0,"",ROW()-3)) | BD19: =IF(Listeler!$D19="","",IF(COUNTIF('İş Planı'!$D$5:$D$204,Listeler!$D19)+COUNTIF('İş Planı'!$E$5:$E$204,Listeler!$D19)+COUNTIF('İş Planı'!$F$5:$F$204,Listeler!$D19)+COUNTIF('İş Planı'!$G$5:$G$204,Listeler!$D19)=0,"",ROW()-3))
W20: =IFERROR(INDEX(Listeler!$B$4:$B$43,SMALL($BB$4:$BB$43,22-ROW())),"") -> BIGR (Yönetim Beyanı Ortak Maddeler) | X20: =IF($W20="","",IF(COUNTIFS('İş Planı'!$B$5:$B$204,$W20,'İş Planı'!$O$5:$O$204,"Tamamlandı")=0,"",COUNTIFS('İş Planı'!$B$5:$B$204,$W20,'İş Planı'!$O$5:$O$204,"Tamamlandı"))) | Y20: =IF($W20="","",IF(COUNTIFS('İş Planı'!$B$5:$B$204,$W20,'İş Planı'!$O$5:$O$204,"Devam Ediyor")=0,"",COUNTIFS('İş Planı'!$B$5:$B$204,$W20,'İş Planı'!$O$5:$O$204,"Devam Ediyor"))) | Z20: =IF($W20="","",IF(COUNTIFS('İş Planı'!$B$5:$B$204,$W20,'İş Planı'!$O$5:$O$204,"Gecikmiş")=0,"",COUNTIFS('İş Planı'!$B$5:$B$204,$W20,'İş Planı'!$O$5:$O$204,"Gecikmiş"))) | AB20: 46155 | AC20: =SUMPRODUCT(('İş Planı'!$C$5:$C$204<>"")*('İş Planı'!$M$5:$M$204<>"")*('İş Planı'!$M$5:$M$204<=AB20)) -> 0 | AD20: =SUMPRODUCT(('İş Planı'!$C$5:$C$204<>"")*('İş Planı'!$M$5:$M$204<>"")*('İş Planı'!$M$5:$M$204<=AB20)*('İş Planı'!$O$5:$O$204="Tamamlandı")) -> 0 | AK20: =IFERROR(INDEX(Listeler!$D$4:$D$43,SMALL($BD$4:$BD$43,22-ROW())),"") -> Ornek User3 | AL20: =IF($AK20="","",IF(COUNTIFS('İş Planı'!$D$5:$D$204,$AK20,'İş Planı'!$O$5:$O$204,"Planlanan")+COUNTIFS('İş Planı'!$E$5:$E$204,$AK20,'İş Planı'!$O$5:$O$204,"Planlanan")+COUNTIFS('İş Planı'!$F$5:$F$204,$AK20,'İş Planı'!$O$5:$O$204,"Planlanan")+COUNTIFS('İş Planı'!$G$5:$G$204,$AK20,'İş Planı'!$O$5:$O$204,"Planlanan")+COUNTIFS('İş Planı'!$D$5:$D$204,$AK20,'İş Planı'!$O$5:$O$204,"Devam Ediyor")+COUNTIFS('İş Planı'!$E$5:$E$204,$AK20,'İş Planı'!$O$5:$O$204,"Devam Ediyor")+COUNTIFS('İş Planı'!$F$5:$F$204,$AK20,'İş Planı'!$O$5:$O$204,"Devam Ediyor")+COUNTIFS('İş Planı'!$G$5:$G$204,$AK20,'İş Planı'!$O$5:$O$204,"Devam Ediyor")=0,"",COUNTIFS('İş Planı'!$D$5:$D$204,$AK20,'İş Planı'!$O$5:$O$204,"Planlanan")+COUNTIFS('İş Planı'!$E$5:$E$204,$AK20,'İş Planı'!$O$5:$O$204,"Planlanan")+COUNTIFS('İş Planı'!$F$5:$F$204,$AK20,'İş Planı'!$O$5:$O$204,"Planlanan")+COUNTIFS('İş Planı'!$G$5:$G$204,$AK20,'İş Planı'!$O$5:$O$204,"Planlanan")+COUNTIFS('İş Planı'!$D$5:$D$204,$AK20,'İş Planı'!$O$5:$O$204,"Devam Ediyor")+COUNTIFS('İş Planı'!$E$5:$E$204,$AK20,'İş Planı'!$O$5:$O$204,"Devam Ediyor")+COUNTIFS('İş Planı'!$F$5:$F$204,$AK20,'İş Planı'!$O$5:$O$204,"Devam Ediyor")+COUNTIFS('İş Planı'!$G$5:$G$204,$AK20,'İş Planı'!$O$5:$O$204,"Devam Ediyor"))) | AM20: =IF($AK20="","",IF(COUNTIFS('İş Planı'!$D$5:$D$204,$AK20,'İş Planı'!$O$5:$O$204,"Gecikmiş")+COUNTIFS('İş Planı'!$E$5:$E$204,$AK20,'İş Planı'!$O$5:$O$204,"Gecikmiş")+COUNTIFS('İş Planı'!$F$5:$F$204,$AK20,'İş Planı'!$O$5:$O$204,"Gecikmiş")+COUNTIFS('İş Planı'!$G$5:$G$204,$AK20,'İş Planı'!$O$5:$O$204,"Gecikmiş")=0,"",COUNTIFS('İş Planı'!$D$5:$D$204,$AK20,'İş Planı'!$O$5:$O$204,"Gecikmiş")+COUNTIFS('İş Planı'!$E$5:$E$204,$AK20,'İş Planı'!$O$5:$O$204,"Gecikmiş")+COUNTIFS('İş Planı'!$F$5:$F$204,$AK20,'İş Planı'!$O$5:$O$204,"Gecikmiş")+COUNTIFS('İş Planı'!$G$5:$G$204,$AK20,'İş Planı'!$O$5:$O$204,"Gecikmiş"))) -> 2 | BB20: =IF(Listeler!$B20="","",IF(COUNTIF('İş Planı'!$B$5:$B$204,Listeler!$B20)=0,"",ROW()-3)) | BD20: =IF(Listeler!$D20="","",IF(COUNTIF('İş Planı'!$D$5:$D$204,Listeler!$D20)+COUNTIF('İş Planı'!$E$5:$E$204,Listeler!$D20)+COUNTIF('İş Planı'!$F$5:$F$204,Listeler!$D20)+COUNTIF('İş Planı'!$G$5:$G$204,Listeler!$D20)=0,"",ROW()-3))
W21: =IFERROR(INDEX(Listeler!$B$4:$B$43,SMALL($BB$4:$BB$43,22-ROW())),"") -> Yönetim Beyanı | X21: =IF($W21="","",IF(COUNTIFS('İş Planı'!$B$5:$B$204,$W21,'İş Planı'!$O$5:$O$204,"Tamamlandı")=0,"",COUNTIFS('İş Planı'!$B$5:$B$204,$W21,'İş Planı'!$O$5:$O$204,"Tamamlandı"))) -> 2 | Y21: =IF($W21="","",IF(COUNTIFS('İş Planı'!$B$5:$B$204,$W21,'İş Planı'!$O$5:$O$204,"Devam Ediyor")=0,"",COUNTIFS('İş Planı'!$B$5:$B$204,$W21,'İş Planı'!$O$5:$O$204,"Devam Ediyor"))) -> 5 | Z21: =IF($W21="","",IF(COUNTIFS('İş Planı'!$B$5:$B$204,$W21,'İş Planı'!$O$5:$O$204,"Gecikmiş")=0,"",COUNTIFS('İş Planı'!$B$5:$B$204,$W21,'İş Planı'!$O$5:$O$204,"Gecikmiş"))) -> 4 | AB21: 46162 | AC21: =SUMPRODUCT(('İş Planı'!$C$5:$C$204<>"")*('İş Planı'!$M$5:$M$204<>"")*('İş Planı'!$M$5:$M$204<=AB21)) -> 0 | AD21: =SUMPRODUCT(('İş Planı'!$C$5:$C$204<>"")*('İş Planı'!$M$5:$M$204<>"")*('İş Planı'!$M$5:$M$204<=AB21)*('İş Planı'!$O$5:$O$204="Tamamlandı")) -> 0 | AK21: =IFERROR(INDEX(Listeler!$D$4:$D$43,SMALL($BD$4:$BD$43,22-ROW())),"") -> Ornek User1 | AL21: =IF($AK21="","",IF(COUNTIFS('İş Planı'!$D$5:$D$204,$AK21,'İş Planı'!$O$5:$O$204,"Planlanan")+COUNTIFS('İş Planı'!$E$5:$E$204,$AK21,'İş Planı'!$O$5:$O$204,"Planlanan")+COUNTIFS('İş Planı'!$F$5:$F$204,$AK21,'İş Planı'!$O$5:$O$204,"Planlanan")+COUNTIFS('İş Planı'!$G$5:$G$204,$AK21,'İş Planı'!$O$5:$O$204,"Planlanan")+COUNTIFS('İş Planı'!$D$5:$D$204,$AK21,'İş Planı'!$O$5:$O$204,"Devam Ediyor")+COUNTIFS('İş Planı'!$E$5:$E$204,$AK21,'İş Planı'!$O$5:$O$204,"Devam Ediyor")+COUNTIFS('İş Planı'!$F$5:$F$204,$AK21,'İş Planı'!$O$5:$O$204,"Devam Ediyor")+COUNTIFS('İş Planı'!$G$5:$G$204,$AK21,'İş Planı'!$O$5:$O$204,"Devam Ediyor")=0,"",COUNTIFS('İş Planı'!$D$5:$D$204,$AK21,'İş Planı'!$O$5:$O$204,"Planlanan")+COUNTIFS('İş Planı'!$E$5:$E$204,$AK21,'İş Planı'!$O$5:$O$204,"Planlanan")+COUNTIFS('İş Planı'!$F$5:$F$204,$AK21,'İş Planı'!$O$5:$O$204,"Planlanan")+COUNTIFS('İş Planı'!$G$5:$G$204,$AK21,'İş Planı'!$O$5:$O$204,"Planlanan")+COUNTIFS('İş Planı'!$D$5:$D$204,$AK21,'İş Planı'!$O$5:$O$204,"Devam Ediyor")+COUNTIFS('İş Planı'!$E$5:$E$204,$AK21,'İş Planı'!$O$5:$O$204,"Devam Ediyor")+COUNTIFS('İş Planı'!$F$5:$F$204,$AK21,'İş Planı'!$O$5:$O$204,"Devam Ediyor")+COUNTIFS('İş Planı'!$G$5:$G$204,$AK21,'İş Planı'!$O$5:$O$204,"Devam Ediyor"))) -> 13 | AM21: =IF($AK21="","",IF(COUNTIFS('İş Planı'!$D$5:$D$204,$AK21,'İş Planı'!$O$5:$O$204,"Gecikmiş")+COUNTIFS('İş Planı'!$E$5:$E$204,$AK21,'İş Planı'!$O$5:$O$204,"Gecikmiş")+COUNTIFS('İş Planı'!$F$5:$F$204,$AK21,'İş Planı'!$O$5:$O$204,"Gecikmiş")+COUNTIFS('İş Planı'!$G$5:$G$204,$AK21,'İş Planı'!$O$5:$O$204,"Gecikmiş")=0,"",COUNTIFS('İş Planı'!$D$5:$D$204,$AK21,'İş Planı'!$O$5:$O$204,"Gecikmiş")+COUNTIFS('İş Planı'!$E$5:$E$204,$AK21,'İş Planı'!$O$5:$O$204,"Gecikmiş")+COUNTIFS('İş Planı'!$F$5:$F$204,$AK21,'İş Planı'!$O$5:$O$204,"Gecikmiş")+COUNTIFS('İş Planı'!$G$5:$G$204,$AK21,'İş Planı'!$O$5:$O$204,"Gecikmiş"))) | BB21: =IF(Listeler!$B21="","",IF(COUNTIF('İş Planı'!$B$5:$B$204,Listeler!$B21)=0,"",ROW()-3)) | BD21: =IF(Listeler!$D21="","",IF(COUNTIF('İş Planı'!$D$5:$D$204,Listeler!$D21)+COUNTIF('İş Planı'!$E$5:$E$204,Listeler!$D21)+COUNTIF('İş Planı'!$F$5:$F$204,Listeler!$D21)+COUNTIF('İş Planı'!$G$5:$G$204,Listeler!$D21)=0,"",ROW()-3))
AB22: 46169 | AC22: =SUMPRODUCT(('İş Planı'!$C$5:$C$204<>"")*('İş Planı'!$M$5:$M$204<>"")*('İş Planı'!$M$5:$M$204<=AB22)) -> 0 | AD22: =SUMPRODUCT(('İş Planı'!$C$5:$C$204<>"")*('İş Planı'!$M$5:$M$204<>"")*('İş Planı'!$M$5:$M$204<=AB22)*('İş Planı'!$O$5:$O$204="Tamamlandı")) -> 0 | BB22: =IF(Listeler!$B22="","",IF(COUNTIF('İş Planı'!$B$5:$B$204,Listeler!$B22)=0,"",ROW()-3)) | BD22: =IF(Listeler!$D22="","",IF(COUNTIF('İş Planı'!$D$5:$D$204,Listeler!$D22)+COUNTIF('İş Planı'!$E$5:$E$204,Listeler!$D22)+COUNTIF('İş Planı'!$F$5:$F$204,Listeler!$D22)+COUNTIF('İş Planı'!$G$5:$G$204,Listeler!$D22)=0,"",ROW()-3))
AB23: 46176 | AC23: =SUMPRODUCT(('İş Planı'!$C$5:$C$204<>"")*('İş Planı'!$M$5:$M$204<>"")*('İş Planı'!$M$5:$M$204<=AB23)) -> 0 | AD23: =SUMPRODUCT(('İş Planı'!$C$5:$C$204<>"")*('İş Planı'!$M$5:$M$204<>"")*('İş Planı'!$M$5:$M$204<=AB23)*('İş Planı'!$O$5:$O$204="Tamamlandı")) -> 0 | BB23: =IF(Listeler!$B23="","",IF(COUNTIF('İş Planı'!$B$5:$B$204,Listeler!$B23)=0,"",ROW()-3)) | BD23: =IF(Listeler!$D23="","",IF(COUNTIF('İş Planı'!$D$5:$D$204,Listeler!$D23)+COUNTIF('İş Planı'!$E$5:$E$204,Listeler!$D23)+COUNTIF('İş Planı'!$F$5:$F$204,Listeler!$D23)+COUNTIF('İş Planı'!$G$5:$G$204,Listeler!$D23)=0,"",ROW()-3))
AB24: 46183 | AC24: =SUMPRODUCT(('İş Planı'!$C$5:$C$204<>"")*('İş Planı'!$M$5:$M$204<>"")*('İş Planı'!$M$5:$M$204<=AB24)) -> 0 | AD24: =SUMPRODUCT(('İş Planı'!$C$5:$C$204<>"")*('İş Planı'!$M$5:$M$204<>"")*('İş Planı'!$M$5:$M$204<=AB24)*('İş Planı'!$O$5:$O$204="Tamamlandı")) -> 0 | BB24: =IF(Listeler!$B24="","",IF(COUNTIF('İş Planı'!$B$5:$B$204,Listeler!$B24)=0,"",ROW()-3)) | BD24: =IF(Listeler!$D24="","",IF(COUNTIF('İş Planı'!$D$5:$D$204,Listeler!$D24)+COUNTIF('İş Planı'!$E$5:$E$204,Listeler!$D24)+COUNTIF('İş Planı'!$F$5:$F$204,Listeler!$D24)+COUNTIF('İş Planı'!$G$5:$G$204,Listeler!$D24)=0,"",ROW()-3))
AB25: 46190 | AC25: =SUMPRODUCT(('İş Planı'!$C$5:$C$204<>"")*('İş Planı'!$M$5:$M$204<>"")*('İş Planı'!$M$5:$M$204<=AB25)) -> 0 | AD25: =SUMPRODUCT(('İş Planı'!$C$5:$C$204<>"")*('İş Planı'!$M$5:$M$204<>"")*('İş Planı'!$M$5:$M$204<=AB25)*('İş Planı'!$O$5:$O$204="Tamamlandı")) -> 0 | BB25: =IF(Listeler!$B25="","",IF(COUNTIF('İş Planı'!$B$5:$B$204,Listeler!$B25)=0,"",ROW()-3)) | BD25: =IF(Listeler!$D25="","",IF(COUNTIF('İş Planı'!$D$5:$D$204,Listeler!$D25)+COUNTIF('İş Planı'!$E$5:$E$204,Listeler!$D25)+COUNTIF('İş Planı'!$F$5:$F$204,Listeler!$D25)+COUNTIF('İş Planı'!$G$5:$G$204,Listeler!$D25)=0,"",ROW()-3))
AB26: 46197 | AC26: =SUMPRODUCT(('İş Planı'!$C$5:$C$204<>"")*('İş Planı'!$M$5:$M$204<>"")*('İş Planı'!$M$5:$M$204<=AB26)) -> 0 | AD26: =SUMPRODUCT(('İş Planı'!$C$5:$C$204<>"")*('İş Planı'!$M$5:$M$204<>"")*('İş Planı'!$M$5:$M$204<=AB26)*('İş Planı'!$O$5:$O$204="Tamamlandı")) -> 0 | BB26: =IF(Listeler!$B26="","",IF(COUNTIF('İş Planı'!$B$5:$B$204,Listeler!$B26)=0,"",ROW()-3)) | BD26: =IF(Listeler!$D26="","",IF(COUNTIF('İş Planı'!$D$5:$D$204,Listeler!$D26)+COUNTIF('İş Planı'!$E$5:$E$204,Listeler!$D26)+COUNTIF('İş Planı'!$F$5:$F$204,Listeler!$D26)+COUNTIF('İş Planı'!$G$5:$G$204,Listeler!$D26)=0,"",ROW()-3))
AB27: 46204 | AC27: =SUMPRODUCT(('İş Planı'!$C$5:$C$204<>"")*('İş Planı'!$M$5:$M$204<>"")*('İş Planı'!$M$5:$M$204<=AB27)) -> 0 | AD27: =SUMPRODUCT(('İş Planı'!$C$5:$C$204<>"")*('İş Planı'!$M$5:$M$204<>"")*('İş Planı'!$M$5:$M$204<=AB27)*('İş Planı'!$O$5:$O$204="Tamamlandı")) -> 0 | BB27: =IF(Listeler!$B27="","",IF(COUNTIF('İş Planı'!$B$5:$B$204,Listeler!$B27)=0,"",ROW()-3)) | BD27: =IF(Listeler!$D27="","",IF(COUNTIF('İş Planı'!$D$5:$D$204,Listeler!$D27)+COUNTIF('İş Planı'!$E$5:$E$204,Listeler!$D27)+COUNTIF('İş Planı'!$F$5:$F$204,Listeler!$D27)+COUNTIF('İş Planı'!$G$5:$G$204,Listeler!$D27)=0,"",ROW()-3))
AB28: 46211 | AC28: =SUMPRODUCT(('İş Planı'!$C$5:$C$204<>"")*('İş Planı'!$M$5:$M$204<>"")*('İş Planı'!$M$5:$M$204<=AB28)) -> 0 | AD28: =SUMPRODUCT(('İş Planı'!$C$5:$C$204<>"")*('İş Planı'!$M$5:$M$204<>"")*('İş Planı'!$M$5:$M$204<=AB28)*('İş Planı'!$O$5:$O$204="Tamamlandı")) -> 0 | BB28: =IF(Listeler!$B28="","",IF(COUNTIF('İş Planı'!$B$5:$B$204,Listeler!$B28)=0,"",ROW()-3)) | BD28: =IF(Listeler!$D28="","",IF(COUNTIF('İş Planı'!$D$5:$D$204,Listeler!$D28)+COUNTIF('İş Planı'!$E$5:$E$204,Listeler!$D28)+COUNTIF('İş Planı'!$F$5:$F$204,Listeler!$D28)+COUNTIF('İş Planı'!$G$5:$G$204,Listeler!$D28)=0,"",ROW()-3))
AB29: 46218 | AC29: =SUMPRODUCT(('İş Planı'!$C$5:$C$204<>"")*('İş Planı'!$M$5:$M$204<>"")*('İş Planı'!$M$5:$M$204<=AB29)) -> 0 | AD29: =SUMPRODUCT(('İş Planı'!$C$5:$C$204<>"")*('İş Planı'!$M$5:$M$204<>"")*('İş Planı'!$M$5:$M$204<=AB29)*('İş Planı'!$O$5:$O$204="Tamamlandı")) -> 0 | BB29: =IF(Listeler!$B29="","",IF(COUNTIF('İş Planı'!$B$5:$B$204,Listeler!$B29)=0,"",ROW()-3)) | BD29: =IF(Listeler!$D29="","",IF(COUNTIF('İş Planı'!$D$5:$D$204,Listeler!$D29)+COUNTIF('İş Planı'!$E$5:$E$204,Listeler!$D29)+COUNTIF('İş Planı'!$F$5:$F$204,Listeler!$D29)+COUNTIF('İş Planı'!$G$5:$G$204,Listeler!$D29)=0,"",ROW()-3))
AB30: 46225 | AC30: =SUMPRODUCT(('İş Planı'!$C$5:$C$204<>"")*('İş Planı'!$M$5:$M$204<>"")*('İş Planı'!$M$5:$M$204<=AB30)) -> 0 | AD30: =SUMPRODUCT(('İş Planı'!$C$5:$C$204<>"")*('İş Planı'!$M$5:$M$204<>"")*('İş Planı'!$M$5:$M$204<=AB30)*('İş Planı'!$O$5:$O$204="Tamamlandı")) -> 0 | BB30: =IF(Listeler!$B30="","",IF(COUNTIF('İş Planı'!$B$5:$B$204,Listeler!$B30)=0,"",ROW()-3)) | BD30: =IF(Listeler!$D30="","",IF(COUNTIF('İş Planı'!$D$5:$D$204,Listeler!$D30)+COUNTIF('İş Planı'!$E$5:$E$204,Listeler!$D30)+COUNTIF('İş Planı'!$F$5:$F$204,Listeler!$D30)+COUNTIF('İş Planı'!$G$5:$G$204,Listeler!$D30)=0,"",ROW()-3))
AB31: 46232 | AC31: =SUMPRODUCT(('İş Planı'!$C$5:$C$204<>"")*('İş Planı'!$M$5:$M$204<>"")*('İş Planı'!$M$5:$M$204<=AB31)) -> 0 | AD31: =SUMPRODUCT(('İş Planı'!$C$5:$C$204<>"")*('İş Planı'!$M$5:$M$204<>"")*('İş Planı'!$M$5:$M$204<=AB31)*('İş Planı'!$O$5:$O$204="Tamamlandı")) -> 0 | BB31: =IF(Listeler!$B31="","",IF(COUNTIF('İş Planı'!$B$5:$B$204,Listeler!$B31)=0,"",ROW()-3)) | BD31: =IF(Listeler!$D31="","",IF(COUNTIF('İş Planı'!$D$5:$D$204,Listeler!$D31)+COUNTIF('İş Planı'!$E$5:$E$204,Listeler!$D31)+COUNTIF('İş Planı'!$F$5:$F$204,Listeler!$D31)+COUNTIF('İş Planı'!$G$5:$G$204,Listeler!$D31)=0,"",ROW()-3))
AB32: 46239 | AC32: =SUMPRODUCT(('İş Planı'!$C$5:$C$204<>"")*('İş Planı'!$M$5:$M$204<>"")*('İş Planı'!$M$5:$M$204<=AB32)) -> 0 | AD32: =SUMPRODUCT(('İş Planı'!$C$5:$C$204<>"")*('İş Planı'!$M$5:$M$204<>"")*('İş Planı'!$M$5:$M$204<=AB32)*('İş Planı'!$O$5:$O$204="Tamamlandı")) -> 0 | BB32: =IF(Listeler!$B32="","",IF(COUNTIF('İş Planı'!$B$5:$B$204,Listeler!$B32)=0,"",ROW()-3)) | BD32: =IF(Listeler!$D32="","",IF(COUNTIF('İş Planı'!$D$5:$D$204,Listeler!$D32)+COUNTIF('İş Planı'!$E$5:$E$204,Listeler!$D32)+COUNTIF('İş Planı'!$F$5:$F$204,Listeler!$D32)+COUNTIF('İş Planı'!$G$5:$G$204,Listeler!$D32)=0,"",ROW()-3))
AB33: 46246 | AC33: =SUMPRODUCT(('İş Planı'!$C$5:$C$204<>"")*('İş Planı'!$M$5:$M$204<>"")*('İş Planı'!$M$5:$M$204<=AB33)) -> 0 | AD33: =SUMPRODUCT(('İş Planı'!$C$5:$C$204<>"")*('İş Planı'!$M$5:$M$204<>"")*('İş Planı'!$M$5:$M$204<=AB33)*('İş Planı'!$O$5:$O$204="Tamamlandı")) -> 0 | BB33: =IF(Listeler!$B33="","",IF(COUNTIF('İş Planı'!$B$5:$B$204,Listeler!$B33)=0,"",ROW()-3)) | BD33: =IF(Listeler!$D33="","",IF(COUNTIF('İş Planı'!$D$5:$D$204,Listeler!$D33)+COUNTIF('İş Planı'!$E$5:$E$204,Listeler!$D33)+COUNTIF('İş Planı'!$F$5:$F$204,Listeler!$D33)+COUNTIF('İş Planı'!$G$5:$G$204,Listeler!$D33)=0,"",ROW()-3))
... AB43: 46316 | AC43: =SUMPRODUCT(('İş Planı'!$C$5:$C$204<>"")*('İş Planı'!$M$5:$M$204<>"")*('İş Planı'!$M$5:$M$204<=AB43)) -> 27 | AD43: =SUMPRODUCT(('İş Planı'!$C$5:$C$204<>"")*('İş Planı'!$M$5:$M$204<>"")*('İş Planı'!$M$5:$M$204<=AB43)*('İş Planı'!$O$5:$O$204="Tamamlandı")) -> 5 | BB43: =IF(Listeler!$B43="","",IF(COUNTIF('İş Planı'!$B$5:$B$204,Listeler!$B43)=0,"",ROW()-3)) | BD43: =IF(Listeler!$D43="","",IF(COUNTIF('İş Planı'!$D$5:$D$204,Listeler!$D43)+COUNTIF('İş Planı'!$E$5:$E$204,Listeler!$D43)+COUNTIF('İş Planı'!$F$5:$F$204,Listeler!$D43)+COUNTIF('İş Planı'!$G$5:$G$204,Listeler!$D43)=0,"",ROW()-3))
AB44: 46323 | AC44: =SUMPRODUCT(('İş Planı'!$C$5:$C$204<>"")*('İş Planı'!$M$5:$M$204<>"")*('İş Planı'!$M$5:$M$204<=AB44)) -> 30 | AD44: =SUMPRODUCT(('İş Planı'!$C$5:$C$204<>"")*('İş Planı'!$M$5:$M$204<>"")*('İş Planı'!$M$5:$M$204<=AB44)*('İş Planı'!$O$5:$O$204="Tamamlandı")) -> 5
AB45: 46330 | AC45: =SUMPRODUCT(('İş Planı'!$C$5:$C$204<>"")*('İş Planı'!$M$5:$M$204<>"")*('İş Planı'!$M$5:$M$204<=AB45)) -> 34 | AD45: =SUMPRODUCT(('İş Planı'!$C$5:$C$204<>"")*('İş Planı'!$M$5:$M$204<>"")*('İş Planı'!$M$5:$M$204<=AB45)*('İş Planı'!$O$5:$O$204="Tamamlandı")) -> 5
AB46: 46337 | AC46: =SUMPRODUCT(('İş Planı'!$C$5:$C$204<>"")*('İş Planı'!$M$5:$M$204<>"")*('İş Planı'!$M$5:$M$204<=AB46)) -> 38 | AD46: =SUMPRODUCT(('İş Planı'!$C$5:$C$204<>"")*('İş Planı'!$M$5:$M$204<>"")*('İş Planı'!$M$5:$M$204<=AB46)*('İş Planı'!$O$5:$O$204="Tamamlandı")) -> 6
AB47: 46344 | AC47: =SUMPRODUCT(('İş Planı'!$C$5:$C$204<>"")*('İş Planı'!$M$5:$M$204<>"")*('İş Planı'!$M$5:$M$204<=AB47)) -> 38 | AD47: =SUMPRODUCT(('İş Planı'!$C$5:$C$204<>"")*('İş Planı'!$M$5:$M$204<>"")*('İş Planı'!$M$5:$M$204<=AB47)*('İş Planı'!$O$5:$O$204="Tamamlandı")) -> 6
AB48: 46351 | AC48: =SUMPRODUCT(('İş Planı'!$C$5:$C$204<>"")*('İş Planı'!$M$5:$M$204<>"")*('İş Planı'!$M$5:$M$204<=AB48)) -> 38 | AD48: =SUMPRODUCT(('İş Planı'!$C$5:$C$204<>"")*('İş Planı'!$M$5:$M$204<>"")*('İş Planı'!$M$5:$M$204<=AB48)*('İş Planı'!$O$5:$O$204="Tamamlandı")) -> 6
AB49: 46358 | AC49: =SUMPRODUCT(('İş Planı'!$C$5:$C$204<>"")*('İş Planı'!$M$5:$M$204<>"")*('İş Planı'!$M$5:$M$204<=AB49)) -> 38 | AD49: =SUMPRODUCT(('İş Planı'!$C$5:$C$204<>"")*('İş Planı'!$M$5:$M$204<>"")*('İş Planı'!$M$5:$M$204<=AB49)*('İş Planı'!$O$5:$O$204="Tamamlandı")) -> 6
AB50: 46365 | AC50: =SUMPRODUCT(('İş Planı'!$C$5:$C$204<>"")*('İş Planı'!$M$5:$M$204<>"")*('İş Planı'!$M$5:$M$204<=AB50)) -> 38 | AD50: =SUMPRODUCT(('İş Planı'!$C$5:$C$204<>"")*('İş Planı'!$M$5:$M$204<>"")*('İş Planı'!$M$5:$M$204<=AB50)*('İş Planı'!$O$5:$O$204="Tamamlandı")) -> 6
AB51: 46372 | AC51: =SUMPRODUCT(('İş Planı'!$C$5:$C$204<>"")*('İş Planı'!$M$5:$M$204<>"")*('İş Planı'!$M$5:$M$204<=AB51)) -> 38 | AD51: =SUMPRODUCT(('İş Planı'!$C$5:$C$204<>"")*('İş Planı'!$M$5:$M$204<>"")*('İş Planı'!$M$5:$M$204<=AB51)*('İş Planı'!$O$5:$O$204="Tamamlandı")) -> 6
AB52: 46379 | AC52: =SUMPRODUCT(('İş Planı'!$C$5:$C$204<>"")*('İş Planı'!$M$5:$M$204<>"")*('İş Planı'!$M$5:$M$204<=AB52)) -> 38 | AD52: =SUMPRODUCT(('İş Planı'!$C$5:$C$204<>"")*('İş Planı'!$M$5:$M$204<>"")*('İş Planı'!$M$5:$M$204<=AB52)*('İş Planı'!$O$5:$O$204="Tamamlandı")) -> 6
AB53: 46386 | AC53: =SUMPRODUCT(('İş Planı'!$C$5:$C$204<>"")*('İş Planı'!$M$5:$M$204<>"")*('İş Planı'!$M$5:$M$204<=AB53)) -> 38 | AD53: =SUMPRODUCT(('İş Planı'!$C$5:$C$204<>"")*('İş Planı'!$M$5:$M$204<>"")*('İş Planı'!$M$5:$M$204<=AB53)*('İş Planı'!$O$5:$O$204="Tamamlandı")) -> 6

Sheet İş Planı
A1: 2026 YILLIK İŞ PLANI | Düzenleyici Uyum ve Denetim Takip Tablosu
A3: Beyaz hücreler giriş alanıdır. Gri hücreler formüllüdür. Mutabakat sütununa mutabakatın fiilen yapıldığı tarihi girin; Bitiş'ten sonraki 7 gün içinde yapılması beklenir. ARAYA SATIR EKLEMEYİN.
A4: No | B4: Grup | C4: İş Kalemi | D4: Sorumlu 1 | E4: Sorumlu 2 | F4: Sorumlu 3 | G4: Sorumlu 4 | H4: Öncelik | I4: Başlangıç | J4: Bitiş | K4: Süre (Gün) | L4: Gecikme (Gün) | M4: Revize Bitiş | N4: İlerleme % | O4: Durum | P4: Gecikme Sebebi | Q4: Karar / Not | R4: Mutabakat | S4: Mutabakat Gün | T4: Mutabakat Uyarı | U4: Projeksiyon Uyarısı | V4: Uyarı | W4: yrd: sıralama | X4: yrd: gecikme | Y4: yrd: projeksiyon
A5: =IF($C5="","",ROW()-4) -> 1 | B5: Yönetim Beyanı | C5: Madde 4 | D5: Ornek User1 | H5: Orta | K5: =IF(OR($I5="",$J5=""),"",$J5-$I5+1) | M5: =IF($J5="","",$J5+N($L5)) | O5: =IF($C5="","",IF(N($N5)>=1,"Tamamlandı",IF(AND($J5<>"",$M5<Hesap!$B$3),"Gecikmiş",IF(OR(N($N5)>0,AND($I5<>"",$I5<=Hesap!$B$3)),"Devam Ediyor","Planlanan")))) -> Planlanan | S5: =IF(OR($J5="",$R5=""),"",$R5-$J5) | T5: =IF($C5="","",IF($J5="","",IF($R5<>"",IF($S5>7,"⚠ "&TEXT($S5,"0")&" günde yapıldı (geç)","✔ "&TEXT($S5,"0")&" günde yapıldı"),IF($J5>Hesap!$B$3,"",IF($J5+7<Hesap!$B$3,"⚠ Mutabakat "&TEXT(Hesap!$B$3-($J5+7),"0")&" gün gecikti","● Mutabakat için "&TEXT($J5+7-Hesap!$B$3,"0")&" gün"))))) | U5: =IF($Y5="","",IF($Y5>0.3,"⚠ Gecikebilir (%"&TEXT($Y5*100,"0")&" geride)","")) | V5: =IF($C5="","",IF($O5="Tamamlandı","",IF($M5="","",IF($M5<Hesap!$B$3,"⚠ "&TEXT(Hesap!$B$3-$M5,"0")&" gün gecikme",IF($M5-Hesap!$B$3<=14,"● "&TEXT($M5-Hesap!$B$3,"0")&" gün kaldı",""))))) | W5: =IF($C5="","",IF($O5="Tamamlandı",N($L5),MAX(N($L5),IF(AND($J5<>"",$J5<Hesap!$B$3),Hesap!$B$3-$J5,0)))+ROW()/1000000) -> 5e-06 | X5: =IF($W5="","",INT($W5)) -> 0 | Y5: =IF(OR($C5="",$I5="",$K5="",$K5<=0,$O5="Tamamlandı"),"",IF(Hesap!$B$3<$I5,"",MIN(1,(Hesap!$B$3-$I5+1)/$K5)-N($N5)))
A6: =IF($C6="","",ROW()-4) -> 2 | B6: Yönetim Beyanı | C6: Madde 5 | D6: Ornek User1 | H6: Orta | K6: =IF(OR($I6="",$J6=""),"",$J6-$I6+1) | M6: =IF($J6="","",$J6+N($L6)) | O6: =IF($C6="","",IF(N($N6)>=1,"Tamamlandı",IF(AND($J6<>"",$M6<Hesap!$B$3),"Gecikmiş",IF(OR(N($N6)>0,AND($I6<>"",$I6<=Hesap!$B$3)),"Devam Ediyor","Planlanan")))) -> Planlanan | S6: =IF(OR($J6="",$R6=""),"",$R6-$J6) | T6: =IF($C6="","",IF($J6="","",IF($R6<>"",IF($S6>7,"⚠ "&TEXT($S6,"0")&" günde yapıldı (geç)","✔ "&TEXT($S6,"0")&" günde yapıldı"),IF($J6>Hesap!$B$3,"",IF($J6+7<Hesap!$B$3,"⚠ Mutabakat "&TEXT(Hesap!$B$3-($J6+7),"0")&" gün gecikti","● Mutabakat için "&TEXT($J6+7-Hesap!$B$3,"0")&" gün"))))) | U6: =IF($Y6="","",IF($Y6>0.3,"⚠ Gecikebilir (%"&TEXT($Y6*100,"0")&" geride)","")) | V6: =IF($C6="","",IF($O6="Tamamlandı","",IF($M6="","",IF($M6<Hesap!$B$3,"⚠ "&TEXT(Hesap!$B$3-$M6,"0")&" gün gecikme",IF($M6-Hesap!$B$3<=14,"● "&TEXT($M6-Hesap!$B$3,"0")&" gün kaldı",""))))) | W6: =IF($C6="","",IF($O6="Tamamlandı",N($L6),MAX(N($L6),IF(AND($J6<>"",$J6<Hesap!$B$3),Hesap!$B$3-$J6,0)))+ROW()/1000000) -> 6e-06 | X6: =IF($W6="","",INT($W6)) -> 0 | Y6: =IF(OR($C6="",$I6="",$K6="",$K6<=0,$O6="Tamamlandı"),"",IF(Hesap!$B$3<$I6,"",MIN(1,(Hesap!$B$3-$I6+1)/$K6)-N($N6)))
A7: =IF($C7="","",ROW()-4) -> 3 | B7: Yönetim Beyanı | C7: Madde 30 Bilgi sistemleri iç kontrol faaliyetleri | D7: Ornek User13 | H7: Orta | I7: 46279 | J7: 46297 | K7: =IF(OR($I7="",$J7=""),"",$J7-$I7+1) -> 19 | M7: =IF($J7="","",$J7+N($L7)) -> 46297 | N7: 1 | O7: =IF($C7="","",IF(N($N7)>=1,"Tamamlandı",IF(AND($J7<>"",$M7<Hesap!$B$3),"Gecikmiş",IF(OR(N($N7)>0,AND($I7<>"",$I7<=Hesap!$B$3)),"Devam Ediyor","Planlanan")))) -> Tamamlandı | S7: =IF(OR($J7="",$R7=""),"",$R7-$J7) | T7: =IF($C7="","",IF($J7="","",IF($R7<>"",IF($S7>7,"⚠ "&TEXT($S7,"0")&" günde yapıldı (geç)","✔ "&TEXT($S7,"0")&" günde yapıldı"),IF($J7>Hesap!$B$3,"",IF($J7+7<Hesap!$B$3,"⚠ Mutabakat "&TEXT(Hesap!$B$3-($J7+7),"0")&" gün gecikti","● Mutabakat için "&TEXT($J7+7-Hesap!$B$3,"0")&" gün"))))) -> ● Mutabakat için 4 gün | U7: =IF($Y7="","",IF($Y7>0.3,"⚠ Gecikebilir (%"&TEXT($Y7*100,"0")&" geride)","")) | V7: =IF($C7="","",IF($O7="Tamamlandı","",IF($M7="","",IF($M7<Hesap!$B$3,"⚠ "&TEXT(Hesap!$B$3-$M7,"0")&" gün gecikme",IF($M7-Hesap!$B$3<=14,"● "&TEXT($M7-Hesap!$B$3,"0")&" gün kaldı",""))))) | W7: =IF($C7="","",IF($O7="Tamamlandı",N($L7),MAX(N($L7),IF(AND($J7<>"",$J7<Hesap!$B$3),Hesap!$B$3-$J7,0)))+ROW()/1000000) -> 7e-06 | X7: =IF($W7="","",INT($W7)) -> 0 | Y7: =IF(OR($C7="",$I7="",$K7="",$K7<=0,$O7="Tamamlandı"),"",IF(Hesap!$B$3<$I7,"",MIN(1,(Hesap!$B$3-$I7+1)/$K7)-N($N7)))
A8: =IF($C8="","",ROW()-4) -> 4 | B8: Yönetim Beyanı | C8: Madde 31 Bilgi sistemleri iç denetim faaliyetleri | D8: Ornek User13 | H8: Orta | I8: 46279 | J8: 46297 | K8: =IF(OR($I8="",$J8=""),"",$J8-$I8+1) -> 19 | M8: =IF($J8="","",$J8+N($L8)) -> 46297 | N8: 1 | O8: =IF($C8="","",IF(N($N8)>=1,"Tamamlandı",IF(AND($J8<>"",$M8<Hesap!$B$3),"Gecikmiş",IF(OR(N($N8)>0,AND($I8<>"",$I8<=Hesap!$B$3)),"Devam Ediyor","Planlanan")))) -> Tamamlandı | S8: =IF(OR($J8="",$R8=""),"",$R8-$J8) | T8: =IF($C8="","",IF($J8="","",IF($R8<>"",IF($S8>7,"⚠ "&TEXT($S8,"0")&" günde yapıldı (geç)","✔ "&TEXT($S8,"0")&" günde yapıldı"),IF($J8>Hesap!$B$3,"",IF($J8+7<Hesap!$B$3,"⚠ Mutabakat "&TEXT(Hesap!$B$3-($J8+7),"0")&" gün gecikti","● Mutabakat için "&TEXT($J8+7-Hesap!$B$3,"0")&" gün"))))) -> ● Mutabakat için 4 gün | U8: =IF($Y8="","",IF($Y8>0.3,"⚠ Gecikebilir (%"&TEXT($Y8*100,"0")&" geride)","")) | V8: =IF($C8="","",IF($O8="Tamamlandı","",IF($M8="","",IF($M8<Hesap!$B$3,"⚠ "&TEXT(Hesap!$B$3-$M8,"0")&" gün gecikme",IF($M8-Hesap!$B$3<=14,"● "&TEXT($M8-Hesap!$B$3,"0")&" gün kaldı",""))))) | W8: =IF($C8="","",IF($O8="Tamamlandı",N($L8),MAX(N($L8),IF(AND($J8<>"",$J8<Hesap!$B$3),Hesap!$B$3-$J8,0)))+ROW()/1000000) -> 8e-06 | X8: =IF($W8="","",INT($W8)) -> 0 | Y8: =IF(OR($C8="",$I8="",$K8="",$K8<=0,$O8="Tamamlandı"),"",IF(Hesap!$B$3<$I8,"",MIN(1,(Hesap!$B$3-$I8+1)/$K8)-N($N8)))
A9: =IF($C9="","",ROW()-4) -> 5 | B9: BIGR | C9: 3.1.13 Felaket Kurtarma ve İş Sürekliliği Yönetimi | D9: Ornek User9 | H9: Orta | I9: 46314 | J9: 46332 | K9: =IF(OR($I9="",$J9=""),"",$J9-$I9+1) -> 19 | M9: =IF($J9="","",$J9+N($L9)) -> 46332 | N9: 1 | O9: =IF($C9="","",IF(N($N9)>=1,"Tamamlandı",IF(AND($J9<>"",$M9<Hesap!$B$3),"Gecikmiş",IF(OR(N($N9)>0,AND($I9<>"",$I9<=Hesap!$B$3)),"Devam Ediyor","Planlanan")))) -> Tamamlandı | S9: =IF(OR($J9="",$R9=""),"",$R9-$J9) | T9: =IF($C9="","",IF($J9="","",IF($R9<>"",IF($S9>7,"⚠ "&TEXT($S9,"0")&" günde yapıldı (geç)","✔ "&TEXT($S9,"0")&" günde yapıldı"),IF($J9>Hesap!$B$3,"",IF($J9+7<Hesap!$B$3,"⚠ Mutabakat "&TEXT(Hesap!$B$3-($J9+7),"0")&" gün gecikti","● Mutabakat için "&TEXT($J9+7-Hesap!$B$3,"0")&" gün"))))) | U9: =IF($Y9="","",IF($Y9>0.3,"⚠ Gecikebilir (%"&TEXT($Y9*100,"0")&" geride)","")) | V9: =IF($C9="","",IF($O9="Tamamlandı","",IF($M9="","",IF($M9<Hesap!$B$3,"⚠ "&TEXT(Hesap!$B$3-$M9,"0")&" gün gecikme",IF($M9-Hesap!$B$3<=14,"● "&TEXT($M9-Hesap!$B$3,"0")&" gün kaldı",""))))) | W9: =IF($C9="","",IF($O9="Tamamlandı",N($L9),MAX(N($L9),IF(AND($J9<>"",$J9<Hesap!$B$3),Hesap!$B$3-$J9,0)))+ROW()/1000000) -> 9e-06 | X9: =IF($W9="","",INT($W9)) -> 0 | Y9: =IF(OR($C9="",$I9="",$K9="",$K9<=0,$O9="Tamamlandı"),"",IF(Hesap!$B$3<$I9,"",MIN(1,(Hesap!$B$3-$I9+1)/$K9)-N($N9)))
A10: =IF($C10="","",ROW()-4) -> 6 | B10: Dendeks WS Entegrasyon Denetimi | C10: Workflow Oluşturma | D10: Ornek User4 | E10: Ornek User11 | I10: 46265 | J10: 46286 | K10: =IF(OR($I10="",$J10=""),"",$J10-$I10+1) -> 22 | M10: =IF($J10="","",$J10+N($L10)) -> 46286 | N10: 1 | O10: =IF($C10="","",IF(N($N10)>=1,"Tamamlandı",IF(AND($J10<>"",$M10<Hesap!$B$3),"Gecikmiş",IF(OR(N($N10)>0,AND($I10<>"",$I10<=Hesap!$B$3)),"Devam Ediyor","Planlanan")))) -> Tamamlandı | S10: =IF(OR($J10="",$R10=""),"",$R10-$J10) | T10: =IF($C10="","",IF($J10="","",IF($R10<>"",IF($S10>7,"⚠ "&TEXT($S10,"0")&" günde yapıldı (geç)","✔ "&TEXT($S10,"0")&" günde yapıldı"),IF($J10>Hesap!$B$3,"",IF($J10+7<Hesap!$B$3,"⚠ Mutabakat "&TEXT(Hesap!$B$3-($J10+7),"0")&" gün gecikti","● Mutabakat için "&TEXT($J10+7-Hesap!$B$3,"0")&" gün"))))) -> ⚠ Mutabakat 7 gün gecikti | U10: =IF($Y10="","",IF($Y10>0.3,"⚠ Gecikebilir (%"&TEXT($Y10*100,"0")&" geride)","")) | V10: =IF($C10="","",IF($O10="Tamamlandı","",IF($M10="","",IF($M10<Hesap!$B$3,"⚠ "&TEXT(Hesap!$B$3-$M10,"0")&" gün gecikme",IF($M10-Hesap!$B$3<=14,"● "&TEXT($M10-Hesap!$B$3,"0")&" gün kaldı",""))))) | W10: =IF($C10="","",IF($O10="Tamamlandı",N($L10),MAX(N($L10),IF(AND($J10<>"",$J10<Hesap!$B$3),Hesap!$B$3-$J10,0)))+ROW()/1000000) -> 1e-05 | X10: =IF($W10="","",INT($W10)) -> 0 | Y10: =IF(OR($C10="",$I10="",$K10="",$K10<=0,$O10="Tamamlandı"),"",IF(Hesap!$B$3<$I10,"",MIN(1,(Hesap!$B$3-$I10+1)/$K10)-N($N10)))
A11: =IF($C11="","",ROW()-4) -> 7 | B11: Yönetim Beyanı | C11: Madde 15 | D11: Ornek User12 | E11: Ornek User11 | H11: Orta | K11: =IF(OR($I11="",$J11=""),"",$J11-$I11+1) | M11: =IF($J11="","",$J11+N($L11)) | O11: =IF($C11="","",IF(N($N11)>=1,"Tamamlandı",IF(AND($J11<>"",$M11<Hesap!$B$3),"Gecikmiş",IF(OR(N($N11)>0,AND($I11<>"",$I11<=Hesap!$B$3)),"Devam Ediyor","Planlanan")))) -> Planlanan | S11: =IF(OR($J11="",$R11=""),"",$R11-$J11) | T11: =IF($C11="","",IF($J11="","",IF($R11<>"",IF($S11>7,"⚠ "&TEXT($S11,"0")&" günde yapıldı (geç)","✔ "&TEXT($S11,"0")&" günde yapıldı"),IF($J11>Hesap!$B$3,"",IF($J11+7<Hesap!$B$3,"⚠ Mutabakat "&TEXT(Hesap!$B$3-($J11+7),"0")&" gün gecikti","● Mutabakat için "&TEXT($J11+7-Hesap!$B$3,"0")&" gün"))))) | U11: =IF($Y11="","",IF($Y11>0.3,"⚠ Gecikebilir (%"&TEXT($Y11*100,"0")&" geride)","")) | V11: =IF($C11="","",IF($O11="Tamamlandı","",IF($M11="","",IF($M11<Hesap!$B$3,"⚠ "&TEXT(Hesap!$B$3-$M11,"0")&" gün gecikme",IF($M11-Hesap!$B$3<=14,"● "&TEXT($M11-Hesap!$B$3,"0")&" gün kaldı",""))))) | W11: =IF($C11="","",IF($O11="Tamamlandı",N($L11),MAX(N($L11),IF(AND($J11<>"",$J11<Hesap!$B$3),Hesap!$B$3-$J11,0)))+ROW()/1000000) -> 1.1e-05 | X11: =IF($W11="","",INT($W11)) -> 0 | Y11: =IF(OR($C11="",$I11="",$K11="",$K11<=0,$O11="Tamamlandı"),"",IF(Hesap!$B$3<$I11,"",MIN(1,(Hesap!$B$3-$I11+1)/$K11)-N($N11)))
A12: =IF($C12="","",ROW()-4) -> 8 | B12: Yönetim Beyanı | C12: Madde 16 | D12: Ornek User12 | E12: Ornek User11 | H12: Orta | K12: =IF(OR($I12="",$J12=""),"",$J12-$I12+1) | M12: =IF($J12="","",$J12+N($L12)) | O12: =IF($C12="","",IF(N($N12)>=1,"Tamamlandı",IF(AND($J12<>"",$M12<Hesap!$B$3),"Gecikmiş",IF(OR(N($N12)>0,AND($I12<>"",$I12<=Hesap!$B$3)),"Devam Ediyor","Planlanan")))) -> Planlanan | S12: =IF(OR($J12="",$R12=""),"",$R12-$J12) | T12: =IF($C12="","",IF($J12="","",IF($R12<>"",IF($S12>7,"⚠ "&TEXT($S12,"0")&" günde yapıldı (geç)","✔ "&TEXT($S12,"0")&" günde yapıldı"),IF($J12>Hesap!$B$3,"",IF($J12+7<Hesap!$B$3,"⚠ Mutabakat "&TEXT(Hesap!$B$3-($J12+7),"0")&" gün gecikti","● Mutabakat için "&TEXT($J12+7-Hesap!$B$3,"0")&" gün"))))) | U12: =IF($Y12="","",IF($Y12>0.3,"⚠ Gecikebilir (%"&TEXT($Y12*100,"0")&" geride)","")) | V12: =IF($C12="","",IF($O12="Tamamlandı","",IF($M12="","",IF($M12<Hesap!$B$3,"⚠ "&TEXT(Hesap!$B$3-$M12,"0")&" gün gecikme",IF($M12-Hesap!$B$3<=14,"● "&TEXT($M12-Hesap!$B$3,"0")&" gün kaldı",""))))) | W12: =IF($C12="","",IF($O12="Tamamlandı",N($L12),MAX(N($L12),IF(AND($J12<>"",$J12<Hesap!$B$3),Hesap!$B$3-$J12,0)))+ROW()/1000000) -> 1.2e-05 | X12: =IF($W12="","",INT($W12)) -> 0 | Y12: =IF(OR($C12="",$I12="",$K12="",$K12<=0,$O12="Tamamlandı"),"",IF(Hesap!$B$3<$I12,"",MIN(1,(Hesap!$B$3-$I12+1)/$K12)-N($N12)))
A13: =IF($C13="","",ROW()-4) -> 9 | B13: Yönetim Beyanı | C13: Madde 17 | D13: Ornek User1 | H13: Orta | K13: =IF(OR($I13="",$J13=""),"",$J13-$I13+1) | M13: =IF($J13="","",$J13+N($L13)) | O13: =IF($C13="","",IF(N($N13)>=1,"Tamamlandı",IF(AND($J13<>"",$M13<Hesap!$B$3),"Gecikmiş",IF(OR(N($N13)>0,AND($I13<>"",$I13<=Hesap!$B$3)),"Devam Ediyor","Planlanan")))) -> Planlanan | S13: =IF(OR($J13="",$R13=""),"",$R13-$J13) | T13: =IF($C13="","",IF($J13="","",IF($R13<>"",IF($S13>7,"⚠ "&TEXT($S13,"0")&" günde yapıldı (geç)","✔ "&TEXT($S13,"0")&" günde yapıldı"),IF($J13>Hesap!$B$3,"",IF($J13+7<Hesap!$B$3,"⚠ Mutabakat "&TEXT(Hesap!$B$3-($J13+7),"0")&" gün gecikti","● Mutabakat için "&TEXT($J13+7-Hesap!$B$3,"0")&" gün"))))) | U13: =IF($Y13="","",IF($Y13>0.3,"⚠ Gecikebilir (%"&TEXT($Y13*100,"0")&" geride)","")) | V13: =IF($C13="","",IF($O13="Tamamlandı","",IF($M13="","",IF($M13<Hesap!$B$3,"⚠ "&TEXT(Hesap!$B$3-$M13,"0")&" gün gecikme",IF($M13-Hesap!$B$3<=14,"● "&TEXT($M13-Hesap!$B$3,"0")&" gün kaldı",""))))) | W13: =IF($C13="","",IF($O13="Tamamlandı",N($L13),MAX(N($L13),IF(AND($J13<>"",$J13<Hesap!$B$3),Hesap!$B$3-$J13,0)))+ROW()/1000000) -> 1.3e-05 | X13: =IF($W13="","",INT($W13)) -> 0 | Y13: =IF(OR($C13="",$I13="",$K13="",$K13<=0,$O13="Tamamlandı"),"",IF(Hesap!$B$3<$I13,"",MIN(1,(Hesap!$B$3-$I13+1)/$K13)-N($N13)))
A14: =IF($C14="","",ROW()-4) -> 10 | B14: Ad-Hoc İşler | C14: MDM - JAMF kontrolleri, Telefon Testleri | D14: Ornek User3 | E14: Ornek User9 | I14: 46275 | J14: 46287 | K14: =IF(OR($I14="",$J14=""),"",$J14-$I14+1) -> 13 | M14: =IF($J14="","",$J14+N($L14)) -> 46287 | N14: 1 | O14: =IF($C14="","",IF(N($N14)>=1,"Tamamlandı",IF(AND($J14<>"",$M14<Hesap!$B$3),"Gecikmiş",IF(OR(N($N14)>0,AND($I14<>"",$I14<=Hesap!$B$3)),"Devam Ediyor","Planlanan")))) -> Tamamlandı | S14: =IF(OR($J14="",$R14=""),"",$R14-$J14) | T14: =IF($C14="","",IF($J14="","",IF($R14<>"",IF($S14>7,"⚠ "&TEXT($S14,"0")&" günde yapıldı (geç)","✔ "&TEXT($S14,"0")&" günde yapıldı"),IF($J14>Hesap!$B$3,"",IF($J14+7<Hesap!$B$3,"⚠ Mutabakat "&TEXT(Hesap!$B$3-($J14+7),"0")&" gün gecikti","● Mutabakat için "&TEXT($J14+7-Hesap!$B$3,"0")&" gün"))))) -> ⚠ Mutabakat 6 gün gecikti | U14: =IF($Y14="","",IF($Y14>0.3,"⚠ Gecikebilir (%"&TEXT($Y14*100,"0")&" geride)","")) | V14: =IF($C14="","",IF($O14="Tamamlandı","",IF($M14="","",IF($M14<Hesap!$B$3,"⚠ "&TEXT(Hesap!$B$3-$M14,"0")&" gün gecikme",IF($M14-Hesap!$B$3<=14,"● "&TEXT($M14-Hesap!$B$3,"0")&" gün kaldı",""))))) | W14: =IF($C14="","",IF($O14="Tamamlandı",N($L14),MAX(N($L14),IF(AND($J14<>"",$J14<Hesap!$B$3),Hesap!$B$3-$J14,0)))+ROW()/1000000) -> 1.4e-05 | X14: =IF($W14="","",INT($W14)) -> 0 | Y14: =IF(OR($C14="",$I14="",$K14="",$K14<=0,$O14="Tamamlandı"),"",IF(Hesap!$B$3<$I14,"",MIN(1,(Hesap!$B$3-$I14+1)/$K14)-N($N14)))
A15: =IF($C15="","",ROW()-4) -> 11 | B15: Ad-Hoc İşler | C15: ABC Networkü ve ADSL Modem üzerinden çıkış yapan cihazların ortak kullanıdıgı subnetler var mı? | D15: Ornek User3 | E15: Ornek User9 | I15: 46272 | J15: 46287 | K15: =IF(OR($I15="",$J15=""),"",$J15-$I15+1) -> 16 | M15: =IF($J15="","",$J15+N($L15)) -> 46287 | N15: 1 | O15: =IF($C15="","",IF(N($N15)>=1,"Tamamlandı",IF(AND($J15<>"",$M15<Hesap!$B$3),"Gecikmiş",IF(OR(N($N15)>0,AND($I15<>"",$I15<=Hesap!$B$3)),"Devam Ediyor","Planlanan")))) -> Tamamlandı | S15: =IF(OR($J15="",$R15=""),"",$R15-$J15) | T15: =IF($C15="","",IF($J15="","",IF($R15<>"",IF($S15>7,"⚠ "&TEXT($S15,"0")&" günde yapıldı (geç)","✔ "&TEXT($S15,"0")&" günde yapıldı"),IF($J15>Hesap!$B$3,"",IF($J15+7<Hesap!$B$3,"⚠ Mutabakat "&TEXT(Hesap!$B$3-($J15+7),"0")&" gün gecikti","● Mutabakat için "&TEXT($J15+7-Hesap!$B$3,"0")&" gün"))))) -> ⚠ Mutabakat 6 gün gecikti | U15: =IF($Y15="","",IF($Y15>0.3,"⚠ Gecikebilir (%"&TEXT($Y15*100,"0")&" geride)","")) | V15: =IF($C15="","",IF($O15="Tamamlandı","",IF($M15="","",IF($M15<Hesap!$B$3,"⚠ "&TEXT(Hesap!$B$3-$M15,"0")&" gün gecikme",IF($M15-Hesap!$B$3<=14,"● "&TEXT($M15-Hesap!$B$3,"0")&" gün kaldı",""))))) | W15: =IF($C15="","",IF($O15="Tamamlandı",N($L15),MAX(N($L15),IF(AND($J15<>"",$J15<Hesap!$B$3),Hesap!$B$3-$J15,0)))+ROW()/1000000) -> 1.5e-05 | X15: =IF($W15="","",INT($W15)) -> 0 | Y15: =IF(OR($C15="",$I15="",$K15="",$K15<=0,$O15="Tamamlandı"),"",IF(Hesap!$B$3<$I15,"",MIN(1,(Hesap!$B$3-$I15+1)/$K15)-N($N15)))
A16: =IF($C16="","",ROW()-4) -> 12 | B16: Yönetim Beyanı | C16: Madde 13 | D16: Ornek User4 | H16: Orta | I16: 46265 | J16: 46284 | K16: =IF(OR($I16="",$J16=""),"",$J16-$I16+1) -> 20 | M16: =IF($J16="","",$J16+N($L16)) -> 46284 | N16: 0.95 | O16: =IF($C16="","",IF(N($N16)>=1,"Tamamlandı",IF(AND($J16<>"",$M16<Hesap!$B$3),"Gecikmiş",IF(OR(N($N16)>0,AND($I16<>"",$I16<=Hesap!$B$3)),"Devam Ediyor","Planlanan")))) -> Gecikmiş | P16: 2 Ekimde tamamlanacak | S16: =IF(OR($J16="",$R16=""),"",$R16-$J16) | T16: =IF($C16="","",IF($J16="","",IF($R16<>"",IF($S16>7,"⚠ "&TEXT($S16,"0")&" günde yapıldı (geç)","✔ "&TEXT($S16,"0")&" günde yapıldı"),IF($J16>Hesap!$B$3,"",IF($J16+7<Hesap!$B$3,"⚠ Mutabakat "&TEXT(Hesap!$B$3-($J16+7),"0")&" gün gecikti","● Mutabakat için "&TEXT($J16+7-Hesap!$B$3,"0")&" gün"))))) -> ⚠ Mutabakat 9 gün gecikti | U16: =IF($Y16="","",IF($Y16>0.3,"⚠ Gecikebilir (%"&TEXT($Y16*100,"0")&" geride)","")) | V16: =IF($C16="","",IF($O16="Tamamlandı","",IF($M16="","",IF($M16<Hesap!$B$3,"⚠ "&TEXT(Hesap!$B$3-$M16,"0")&" gün gecikme",IF($M16-Hesap!$B$3<=14,"● "&TEXT($M16-Hesap!$B$3,"0")&" gün kaldı",""))))) -> ⚠ 16 gün gecikme | W16: =IF($C16="","",IF($O16="Tamamlandı",N($L16),MAX(N($L16),IF(AND($J16<>"",$J16<Hesap!$B$3),Hesap!$B$3-$J16,0)))+ROW()/1000000) -> 16.000016 | X16: =IF($W16="","",INT($W16)) -> 16 | Y16: =IF(OR($C16="",$I16="",$K16="",$K16<=0,$O16="Tamamlandı"),"",IF(Hesap!$B$3<$I16,"",MIN(1,(Hesap!$B$3-$I16+1)/$K16)-N($N16))) -> 0.05
A17: =IF($C17="","",ROW()-4) -> 13 | B17: Yönetim Beyanı | C17: Madde 24 | D17: Ornek User12 | E17: Ornek User11 | H17: Orta | K17: =IF(OR($I17="",$J17=""),"",$J17-$I17+1) | M17: =IF($J17="","",$J17+N($L17)) | O17: =IF($C17="","",IF(N($N17)>=1,"Tamamlandı",IF(AND($J17<>"",$M17<Hesap!$B$3),"Gecikmiş",IF(OR(N($N17)>0,AND($I17<>"",$I17<=Hesap!$B$3)),"Devam Ediyor","Planlanan")))) -> Planlanan | S17: =IF(OR($J17="",$R17=""),"",$R17-$J17) | T17: =IF($C17="","",IF($J17="","",IF($R17<>"",IF($S17>7,"⚠ "&TEXT($S17,"0")&" günde yapıldı (geç)","✔ "&TEXT($S17,"0")&" günde yapıldı"),IF($J17>Hesap!$B$3,"",IF($J17+7<Hesap!$B$3,"⚠ Mutabakat "&TEXT(Hesap!$B$3-($J17+7),"0")&" gün gecikti","● Mutabakat için "&TEXT($J17+7-Hesap!$B$3,"0")&" gün"))))) | U17: =IF($Y17="","",IF($Y17>0.3,"⚠ Gecikebilir (%"&TEXT($Y17*100,"0")&" geride)","")) | V17: =IF($C17="","",IF($O17="Tamamlandı","",IF($M17="","",IF($M17<Hesap!$B$3,"⚠ "&TEXT(Hesap!$B$3-$M17,"0")&" gün gecikme",IF($M17-Hesap!$B$3<=14,"● "&TEXT($M17-Hesap!$B$3,"0")&" gün kaldı",""))))) | W17: =IF($C17="","",IF($O17="Tamamlandı",N($L17),MAX(N($L17),IF(AND($J17<>"",$J17<Hesap!$B$3),Hesap!$B$3-$J17,0)))+ROW()/1000000) -> 1.7e-05 | X17: =IF($W17="","",INT($W17)) -> 0 | Y17: =IF(OR($C17="",$I17="",$K17="",$K17<=0,$O17="Tamamlandı"),"",IF(Hesap!$B$3<$I17,"",MIN(1,(Hesap!$B$3-$I17+1)/$K17)-N($N17)))
A18: =IF($C18="","",ROW()-4) -> 14 | B18: Yönetim Beyanı | C18: Madde 21 | D18: Ornek User13 | H18: Orta | I18: 46255 | J18: 46293 | K18: =IF(OR($I18="",$J18=""),"",$J18-$I18+1) -> 39 | M18: =IF($J18="","",$J18+N($L18)) -> 46293 | N18: 0.95 | O18: =IF($C18="","",IF(N($N18)>=1,"Tamamlandı",IF(AND($J18<>"",$M18<Hesap!$B$3),"Gecikmiş",IF(OR(N($N18)>0,AND($I18<>"",$I18<=Hesap!$B$3)),"Devam Ediyor","Planlanan")))) -> Gecikmiş | S18: =IF(OR($J18="",$R18=""),"",$R18-$J18) | T18: =IF($C18="","",IF($J18="","",IF($R18<>"",IF($S18>7,"⚠ "&TEXT($S18,"0")&" günde yapıldı (geç)","✔ "&TEXT($S18,"0")&" günde yapıldı"),IF($J18>Hesap!$B$3,"",IF($J18+7<Hesap!$B$3,"⚠ Mutabakat "&TEXT(Hesap!$B$3-($J18+7),"0")&" gün gecikti","● Mutabakat için "&TEXT($J18+7-Hesap!$B$3,"0")&" gün"))))) -> ● Mutabakat için 0 gün | U18: =IF($Y18="","",IF($Y18>0.3,"⚠ Gecikebilir (%"&TEXT($Y18*100,"0")&" geride)","")) | V18: =IF($C18="","",IF($O18="Tamamlandı","",IF($M18="","",IF($M18<Hesap!$B$3,"⚠ "&TEXT(Hesap!$B$3-$M18,"0")&" gün gecikme",IF($M18-Hesap!$B$3<=14,"● "&TEXT($M18-Hesap!$B$3,"0")&" gün kaldı",""))))) -> ⚠ 7 gün gecikme | W18: =IF($C18="","",IF($O18="Tamamlandı",N($L18),MAX(N($L18),IF(AND($J18<>"",$J18<Hesap!$B$3),Hesap!$B$3-$J18,0)))+ROW()/1000000) -> 7.000018 | X18: =IF($W18="","",INT($W18)) -> 7 | Y18: =IF(OR($C18="",$I18="",$K18="",$K18<=0,$O18="Tamamlandı"),"",IF(Hesap!$B$3<$I18,"",MIN(1,(Hesap!$B$3-$I18+1)/$K18)-N($N18))) -> 0.05
A19: =IF($C19="","",ROW()-4) -> 15 | B19: Yönetim Beyanı | C19: Madde 26 | D19: Ornek User9 | H19: Orta | I19: 46258 | J19: 46283 | K19: =IF(OR($I19="",$J19=""),"",$J19-$I19+1) -> 26 | M19: =IF($J19="","",$J19+N($L19)) -> 46283 | N19: 0.95 | O19: =IF($C19="","",IF(N($N19)>=1,"Tamamlandı",IF(AND($J19<>"",$M19<Hesap!$B$3),"Gecikmiş",IF(OR(N($N19)>0,AND($I19<>"",$I19<=Hesap!$B$3)),"Devam Ediyor","Planlanan")))) -> Gecikmiş | S19: =IF(OR($J19="",$R19=""),"",$R19-$J19) | T19: =IF($C19="","",IF($J19="","",IF($R19<>"",IF($S19>7,"⚠ "&TEXT($S19,"0")&" günde yapıldı (geç)","✔ "&TEXT($S19,"0")&" günde yapıldı"),IF($J19>Hesap!$B$3,"",IF($J19+7<Hesap!$B$3,"⚠ Mutabakat "&TEXT(Hesap!$B$3-($J19+7),"0")&" gün gecikti","● Mutabakat için "&TEXT($J19+7-Hesap!$B$3,"0")&" gün"))))) -> ⚠ Mutabakat 10 gün gecikti | U19: =IF($Y19="","",IF($Y19>0.3,"⚠ Gecikebilir (%"&TEXT($Y19*100,"0")&" geride)","")) | V19: =IF($C19="","",IF($O19="Tamamlandı","",IF($M19="","",IF($M19<Hesap!$B$3,"⚠ "&TEXT(Hesap!$B$3-$M19,"0")&" gün gecikme",IF($M19-Hesap!$B$3<=14,"● "&TEXT($M19-Hesap!$B$3,"0")&" gün kaldı",""))))) -> ⚠ 17 gün gecikme | W19: =IF($C19="","",IF($O19="Tamamlandı",N($L19),MAX(N($L19),IF(AND($J19<>"",$J19<Hesap!$B$3),Hesap!$B$3-$J19,0)))+ROW()/1000000) -> 17.000019 | X19: =IF($W19="","",INT($W19)) -> 17 | Y19: =IF(OR($C19="",$I19="",$K19="",$K19<=0,$O19="Tamamlandı"),"",IF(Hesap!$B$3<$I19,"",MIN(1,(Hesap!$B$3-$I19+1)/$K19)-N($N19))) -> 0.05
A20: =IF($C20="","",ROW()-4) -> 16 | B20: BIGR | C20: 3.1.8 İz ve Denetim Kayıtlarının Tutulması ve İzlenmesi | D20: Ornek User4 | H20: Orta | I20: 46265 | J20: 46284 | K20: =IF(OR($I20="",$J20=""),"",$J20-$I20+1) -> 20 | M20: =IF($J20="","",$J20+N($L20)) -> 46284 | N20: 0.95 | O20: =IF($C20="","",IF(N($N20)>=1,"Tamamlandı",IF(AND($J20<>"",$M20<Hesap!$B$3),"Gecikmiş",IF(OR(N($N20)>0,AND($I20<>"",$I20<=Hesap!$B$3)),"Devam Ediyor","Planlanan")))) -> Gecikmiş | P20: Cuma günü tamamlancak (2 Ekim) | S20: =IF(OR($J20="",$R20=""),"",$R20-$J20) | T20: =IF($C20="","",IF($J20="","",IF($R20<>"",IF($S20>7,"⚠ "&TEXT($S20,"0")&" günde yapıldı (geç)","✔ "&TEXT($S20,"0")&" günde yapıldı"),IF($J20>Hesap!$B$3,"",IF($J20+7<Hesap!$B$3,"⚠ Mutabakat "&TEXT(Hesap!$B$3-($J20+7),"0")&" gün gecikti","● Mutabakat için "&TEXT($J20+7-Hesap!$B$3,"0")&" gün"))))) -> ⚠ Mutabakat 9 gün gecikti | U20: =IF($Y20="","",IF($Y20>0.3,"⚠ Gecikebilir (%"&TEXT($Y20*100,"0")&" geride)","")) | V20: =IF($C20="","",IF($O20="Tamamlandı","",IF($M20="","",IF($M20<Hesap!$B$3,"⚠ "&TEXT(Hesap!$B$3-$M20,"0")&" gün gecikme",IF($M20-Hesap!$B$3<=14,"● "&TEXT($M20-Hesap!$B$3,"0")&" gün kaldı",""))))) -> ⚠ 16 gün gecikme | W20: =IF($C20="","",IF($O20="Tamamlandı",N($L20),MAX(N($L20),IF(AND($J20<>"",$J20<Hesap!$B$3),Hesap!$B$3-$J20,0)))+ROW()/1000000) -> 16.00002 | X20: =IF($W20="","",INT($W20)) -> 16 | Y20: =IF(OR($C20="",$I20="",$K20="",$K20<=0,$O20="Tamamlandı"),"",IF(Hesap!$B$3<$I20,"",MIN(1,(Hesap!$B$3-$I20+1)/$K20)-N($N20))) -> 0.05
A21: =IF($C21="","",ROW()-4) -> 17 | B21: Destek Hizmeti Denetimler | C21: İdea Teknoloji Dış Hizmet Denetimi Firma GİB denetiminden geçmekte (Bağımsız denetim 2 yılda bir) Bizim taraftaki kontroller GİB kontrolleri ile eşleştirildi. GİB'den dolayı teknik tarafta paylaşılamayan kanıtlar var. Firmanın GRC ekibi ile toplantılarla kontrollere yorum yazarak veya ilgili rapora refarans vererek ilerliyoruz. ABC verilerine erişim ve kontroller (Faturalar orada) ek olarak yapılacak onun haricinde GİB'e bağlı kalacağız. | D21: Ornek User13 | H21: Orta | I21: 46232 | J21: 46322 | K21: =IF(OR($I21="",$J21=""),"",$J21-$I21+1) -> 91 | M21: =IF($J21="","",$J21+N($L21)) -> 46322 | N21: 0.8 | O21: =IF($C21="","",IF(N($N21)>=1,"Tamamlandı",IF(AND($J21<>"",$M21<Hesap!$B$3),"Gecikmiş",IF(OR(N($N21)>0,AND($I21<>"",$I21<=Hesap!$B$3)),"Devam Ediyor","Planlanan")))) -> Devam Ediyor | S21: =IF(OR($J21="",$R21=""),"",$R21-$J21) | T21: =IF($C21="","",IF($J21="","",IF($R21<>"",IF($S21>7,"⚠ "&TEXT($S21,"0")&" günde yapıldı (geç)","✔ "&TEXT($S21,"0")&" günde yapıldı"),IF($J21>Hesap!$B$3,"",IF($J21+7<Hesap!$B$3,"⚠ Mutabakat "&TEXT(Hesap!$B$3-($J21+7),"0")&" gün gecikti","● Mutabakat için "&TEXT($J21+7-Hesap!$B$3,"0")&" gün"))))) | U21: =IF($Y21="","",IF($Y21>0.3,"⚠ Gecikebilir (%"&TEXT($Y21*100,"0")&" geride)","")) | V21: =IF($C21="","",IF($O21="Tamamlandı","",IF($M21="","",IF($M21<Hesap!$B$3,"⚠ "&TEXT(Hesap!$B$3-$M21,"0")&" gün gecikme",IF($M21-Hesap!$B$3<=14,"● "&TEXT($M21-Hesap!$B$3,"0")&" gün kaldı",""))))) | W21: =IF($C21="","",IF($O21="Tamamlandı",N($L21),MAX(N($L21),IF(AND($J21<>"",$J21<Hesap!$B$3),Hesap!$B$3-$J21,0)))+ROW()/1000000) -> 2.1e-05 | X21: =IF($W21="","",INT($W21)) -> 0 | Y21: =IF(OR($C21="",$I21="",$K21="",$K21<=0,$O21="Tamamlandı"),"",IF(Hesap!$B$3<$I21,"",MIN(1,(Hesap!$B$3-$I21+1)/$K21)-N($N21))) -> -0.041758242
A22: =IF($C22="","",ROW()-4) -> 18 | B22: Buluteks | C22: Firewall-IPS, VMWare, Active Directory, Exchange , Api GW, Veeam, Splunk, EDR Soru Setlerinin Hazırlanması | D22: Ornek User3 | I22: 46260 | J22: 46295 | K22: =IF(OR($I22="",$J22=""),"",$J22-$I22+1) -> 36 | M22: =IF($J22="","",$J22+N($L22)) -> 46295 | N22: 0.8 | O22: =IF($C22="","",IF(N($N22)>=1,"Tamamlandı",IF(AND($J22<>"",$M22<Hesap!$B$3),"Gecikmiş",IF(OR(N($N22)>0,AND($I22<>"",$I22<=Hesap!$B$3)),"Devam Ediyor","Planlanan")))) -> Gecikmiş | S22: =IF(OR($J22="",$R22=""),"",$R22-$J22) | T22: =IF($C22="","",IF($J22="","",IF($R22<>"",IF($S22>7,"⚠ "&TEXT($S22,"0")&" günde yapıldı (geç)","✔ "&TEXT($S22,"0")&" günde yapıldı"),IF($J22>Hesap!$B$3,"",IF($J22+7<Hesap!$B$3,"⚠ Mutabakat "&TEXT(Hesap!$B$3-($J22+7),"0")&" gün gecikti","● Mutabakat için "&TEXT($J22+7-Hesap!$B$3,"0")&" gün"))))) -> ● Mutabakat için 2 gün | U22: =IF($Y22="","",IF($Y22>0.3,"⚠ Gecikebilir (%"&TEXT($Y22*100,"0")&" geride)","")) | V22: =IF($C22="","",IF($O22="Tamamlandı","",IF($M22="","",IF($M22<Hesap!$B$3,"⚠ "&TEXT(Hesap!$B$3-$M22,"0")&" gün gecikme",IF($M22-Hesap!$B$3<=14,"● "&TEXT($M22-Hesap!$B$3,"0")&" gün kaldı",""))))) -> ⚠ 5 gün gecikme | W22: =IF($C22="","",IF($O22="Tamamlandı",N($L22),MAX(N($L22),IF(AND($J22<>"",$J22<Hesap!$B$3),Hesap!$B$3-$J22,0)))+ROW()/1000000) -> 5.000022 | X22: =IF($W22="","",INT($W22)) -> 5 | Y22: =IF(OR($C22="",$I22="",$K22="",$K22<=0,$O22="Tamamlandı"),"",IF(Hesap!$B$3<$I22,"",MIN(1,(Hesap!$B$3-$I22+1)/$K22)-N($N22))) -> 0.2
A23: =IF($C23="","",ROW()-4) -> 19 | B23: Yönetim Beyanı | C23: Madde 32 | D23: Ornek User1 | H23: Orta | K23: =IF(OR($I23="",$J23=""),"",$J23-$I23+1) | M23: =IF($J23="","",$J23+N($L23)) | O23: =IF($C23="","",IF(N($N23)>=1,"Tamamlandı",IF(AND($J23<>"",$M23<Hesap!$B$3),"Gecikmiş",IF(OR(N($N23)>0,AND($I23<>"",$I23<=Hesap!$B$3)),"Devam Ediyor","Planlanan")))) -> Planlanan | S23: =IF(OR($J23="",$R23=""),"",$R23-$J23) | T23: =IF($C23="","",IF($J23="","",IF($R23<>"",IF($S23>7,"⚠ "&TEXT($S23,"0")&" günde yapıldı (geç)","✔ "&TEXT($S23,"0")&" günde yapıldı"),IF($J23>Hesap!$B$3,"",IF($J23+7<Hesap!$B$3,"⚠ Mutabakat "&TEXT(Hesap!$B$3-($J23+7),"0")&" gün gecikti","● Mutabakat için "&TEXT($J23+7-Hesap!$B$3,"0")&" gün"))))) | U23: =IF($Y23="","",IF($Y23>0.3,"⚠ Gecikebilir (%"&TEXT($Y23*100,"0")&" geride)","")) | V23: =IF($C23="","",IF($O23="Tamamlandı","",IF($M23="","",IF($M23<Hesap!$B$3,"⚠ "&TEXT(Hesap!$B$3-$M23,"0")&" gün gecikme",IF($M23-Hesap!$B$3<=14,"● "&TEXT($M23-Hesap!$B$3,"0")&" gün kaldı",""))))) | W23: =IF($C23="","",IF($O23="Tamamlandı",N($L23),MAX(N($L23),IF(AND($J23<>"",$J23<Hesap!$B$3),Hesap!$B$3-$J23,0)))+ROW()/1000000) -> 2.3e-05 | X23: =IF($W23="","",INT($W23)) -> 0 | Y23: =IF(OR($C23="",$I23="",$K23="",$K23<=0,$O23="Tamamlandı"),"",IF(Hesap!$B$3<$I23,"",MIN(1,(Hesap!$B$3-$I23+1)/$K23)-N($N23)))
A24: =IF($C24="","",ROW()-4) -> 20 | B24: Yönetim Beyanı | C24: Madde 43 | D24: Ornek User12 | H24: Düşük | K24: =IF(OR($I24="",$J24=""),"",$J24-$I24+1) | M24: =IF($J24="","",$J24+N($L24)) | O24: =IF($C24="","",IF(N($N24)>=1,"Tamamlandı",IF(AND($J24<>"",$M24<Hesap!$B$3),"Gecikmiş",IF(OR(N($N24)>0,AND($I24<>"",$I24<=Hesap!$B$3)),"Devam Ediyor","Planlanan")))) -> Planlanan | S24: =IF(OR($J24="",$R24=""),"",$R24-$J24) | T24: =IF($C24="","",IF($J24="","",IF($R24<>"",IF($S24>7,"⚠ "&TEXT($S24,"0")&" günde yapıldı (geç)","✔ "&TEXT($S24,"0")&" günde yapıldı"),IF($J24>Hesap!$B$3,"",IF($J24+7<Hesap!$B$3,"⚠ Mutabakat "&TEXT(Hesap!$B$3-($J24+7),"0")&" gün gecikti","● Mutabakat için "&TEXT($J24+7-Hesap!$B$3,"0")&" gün"))))) | U24: =IF($Y24="","",IF($Y24>0.3,"⚠ Gecikebilir (%"&TEXT($Y24*100,"0")&" geride)","")) | V24: =IF($C24="","",IF($O24="Tamamlandı","",IF($M24="","",IF($M24<Hesap!$B$3,"⚠ "&TEXT(Hesap!$B$3-$M24,"0")&" gün gecikme",IF($M24-Hesap!$B$3<=14,"● "&TEXT($M24-Hesap!$B$3,"0")&" gün kaldı",""))))) | W24: =IF($C24="","",IF($O24="Tamamlandı",N($L24),MAX(N($L24),IF(AND($J24<>"",$J24<Hesap!$B$3),Hesap!$B$3-$J24,0)))+ROW()/1000000) -> 2.4e-05 | X24: =IF($W24="","",INT($W24)) -> 0 | Y24: =IF(OR($C24="",$I24="",$K24="",$K24<=0,$O24="Tamamlandı"),"",IF(Hesap!$B$3<$I24,"",MIN(1,(Hesap!$B$3-$I24+1)/$K24)-N($N24)))
A25: =IF($C25="","",ROW()-4) -> 21 | B25: BIGR (Yönetim Beyanı Ortak Maddeler) | C25: 3.1.1. Donanım Varlıklarının Envanter Yönetimi | D25: Ornek User1 | K25: =IF(OR($I25="",$J25=""),"",$J25-$I25+1) | M25: =IF($J25="","",$J25+N($L25)) | O25: =IF($C25="","",IF(N($N25)>=1,"Tamamlandı",IF(AND($J25<>"",$M25<Hesap!$B$3),"Gecikmiş",IF(OR(N($N25)>0,AND($I25<>"",$I25<=Hesap!$B$3)),"Devam Ediyor","Planlanan")))) -> Planlanan | S25: =IF(OR($J25="",$R25=""),"",$R25-$J25) | T25: =IF($C25="","",IF($J25="","",IF($R25<>"",IF($S25>7,"⚠ "&TEXT($S25,"0")&" günde yapıldı (geç)","✔ "&TEXT($S25,"0")&" günde yapıldı"),IF($J25>Hesap!$B$3,"",IF($J25+7<Hesap!$B$3,"⚠ Mutabakat "&TEXT(Hesap!$B$3-($J25+7),"0")&" gün gecikti","● Mutabakat için "&TEXT($J25+7-Hesap!$B$3,"0")&" gün"))))) | U25: =IF($Y25="","",IF($Y25>0.3,"⚠ Gecikebilir (%"&TEXT($Y25*100,"0")&" geride)","")) | V25: =IF($C25="","",IF($O25="Tamamlandı","",IF($M25="","",IF($M25<Hesap!$B$3,"⚠ "&TEXT(Hesap!$B$3-$M25,"0")&" gün gecikme",IF($M25-Hesap!$B$3<=14,"● "&TEXT($M25-Hesap!$B$3,"0")&" gün kaldı",""))))) | W25: =IF($C25="","",IF($O25="Tamamlandı",N($L25),MAX(N($L25),IF(AND($J25<>"",$J25<Hesap!$B$3),Hesap!$B$3-$J25,0)))+ROW()/1000000) -> 2.5e-05 | X25: =IF($W25="","",INT($W25)) -> 0 | Y25: =IF(OR($C25="",$I25="",$K25="",$K25<=0,$O25="Tamamlandı"),"",IF(Hesap!$B$3<$I25,"",MIN(1,(Hesap!$B$3-$I25+1)/$K25)-N($N25)))
A26: =IF($C26="","",ROW()-4) -> 22 | B26: BIGR (Yönetim Beyanı Ortak Maddeler) | C26: 3.1.2. Yazılım Varlıklarının Envanter Yönetimi | D26: Ornek User1 | K26: =IF(OR($I26="",$J26=""),"",$J26-$I26+1) | M26: =IF($J26="","",$J26+N($L26)) | O26: =IF($C26="","",IF(N($N26)>=1,"Tamamlandı",IF(AND($J26<>"",$M26<Hesap!$B$3),"Gecikmiş",IF(OR(N($N26)>0,AND($I26<>"",$I26<=Hesap!$B$3)),"Devam Ediyor","Planlanan")))) -> Planlanan | S26: =IF(OR($J26="",$R26=""),"",$R26-$J26) | T26: =IF($C26="","",IF($J26="","",IF($R26<>"",IF($S26>7,"⚠ "&TEXT($S26,"0")&" günde yapıldı (geç)","✔ "&TEXT($S26,"0")&" günde yapıldı"),IF($J26>Hesap!$B$3,"",IF($J26+7<Hesap!$B$3,"⚠ Mutabakat "&TEXT(Hesap!$B$3-($J26+7),"0")&" gün gecikti","● Mutabakat için "&TEXT($J26+7-Hesap!$B$3,"0")&" gün"))))) | U26: =IF($Y26="","",IF($Y26>0.3,"⚠ Gecikebilir (%"&TEXT($Y26*100,"0")&" geride)","")) | V26: =IF($C26="","",IF($O26="Tamamlandı","",IF($M26="","",IF($M26<Hesap!$B$3,"⚠ "&TEXT(Hesap!$B$3-$M26,"0")&" gün gecikme",IF($M26-Hesap!$B$3<=14,"● "&TEXT($M26-Hesap!$B$3,"0")&" gün kaldı",""))))) | W26: =IF($C26="","",IF($O26="Tamamlandı",N($L26),MAX(N($L26),IF(AND($J26<>"",$J26<Hesap!$B$3),Hesap!$B$3-$J26,0)))+ROW()/1000000) -> 2.6e-05 | X26: =IF($W26="","",INT($W26)) -> 0 | Y26: =IF(OR($C26="",$I26="",$K26="",$K26<=0,$O26="Tamamlandı"),"",IF(Hesap!$B$3<$I26,"",MIN(1,(Hesap!$B$3-$I26+1)/$K26)-N($N26)))
A27: =IF($C27="","",ROW()-4) -> 23 | B27: BIGR (Yönetim Beyanı Ortak Maddeler) | C27: 3.2.2. Oturum Yönetimi | D27: Ornek User1 | K27: =IF(OR($I27="",$J27=""),"",$J27-$I27+1) | M27: =IF($J27="","",$J27+N($L27)) | O27: =IF($C27="","",IF(N($N27)>=1,"Tamamlandı",IF(AND($J27<>"",$M27<Hesap!$B$3),"Gecikmiş",IF(OR(N($N27)>0,AND($I27<>"",$I27<=Hesap!$B$3)),"Devam Ediyor","Planlanan")))) -> Planlanan | S27: =IF(OR($J27="",$R27=""),"",$R27-$J27) | T27: =IF($C27="","",IF($J27="","",IF($R27<>"",IF($S27>7,"⚠ "&TEXT($S27,"0")&" günde yapıldı (geç)","✔ "&TEXT($S27,"0")&" günde yapıldı"),IF($J27>Hesap!$B$3,"",IF($J27+7<Hesap!$B$3,"⚠ Mutabakat "&TEXT(Hesap!$B$3-($J27+7),"0")&" gün gecikti","● Mutabakat için "&TEXT($J27+7-Hesap!$B$3,"0")&" gün"))))) | U27: =IF($Y27="","",IF($Y27>0.3,"⚠ Gecikebilir (%"&TEXT($Y27*100,"0")&" geride)","")) | V27: =IF($C27="","",IF($O27="Tamamlandı","",IF($M27="","",IF($M27<Hesap!$B$3,"⚠ "&TEXT(Hesap!$B$3-$M27,"0")&" gün gecikme",IF($M27-Hesap!$B$3<=14,"● "&TEXT($M27-Hesap!$B$3,"0")&" gün kaldı",""))))) | W27: =IF($C27="","",IF($O27="Tamamlandı",N($L27),MAX(N($L27),IF(AND($J27<>"",$J27<Hesap!$B$3),Hesap!$B$3-$J27,0)))+ROW()/1000000) -> 2.7e-05 | X27: =IF($W27="","",INT($W27)) -> 0 | Y27: =IF(OR($C27="",$I27="",$K27="",$K27<=0,$O27="Tamamlandı"),"",IF(Hesap!$B$3<$I27,"",MIN(1,(Hesap!$B$3-$I27+1)/$K27)-N($N27)))
A28: =IF($C28="","",ROW()-4) -> 24 | B28: BIGR (Yönetim Beyanı Ortak Maddeler) | C28: 3.5.1. Genel Güvenlik Tedbirleri | D28: Ornek User1 | K28: =IF(OR($I28="",$J28=""),"",$J28-$I28+1) | M28: =IF($J28="","",$J28+N($L28)) | O28: =IF($C28="","",IF(N($N28)>=1,"Tamamlandı",IF(AND($J28<>"",$M28<Hesap!$B$3),"Gecikmiş",IF(OR(N($N28)>0,AND($I28<>"",$I28<=Hesap!$B$3)),"Devam Ediyor","Planlanan")))) -> Planlanan | S28: =IF(OR($J28="",$R28=""),"",$R28-$J28) | T28: =IF($C28="","",IF($J28="","",IF($R28<>"",IF($S28>7,"⚠ "&TEXT($S28,"0")&" günde yapıldı (geç)","✔ "&TEXT($S28,"0")&" günde yapıldı"),IF($J28>Hesap!$B$3,"",IF($J28+7<Hesap!$B$3,"⚠ Mutabakat "&TEXT(Hesap!$B$3-($J28+7),"0")&" gün gecikti","● Mutabakat için "&TEXT($J28+7-Hesap!$B$3,"0")&" gün"))))) | U28: =IF($Y28="","",IF($Y28>0.3,"⚠ Gecikebilir (%"&TEXT($Y28*100,"0")&" geride)","")) | V28: =IF($C28="","",IF($O28="Tamamlandı","",IF($M28="","",IF($M28<Hesap!$B$3,"⚠ "&TEXT(Hesap!$B$3-$M28,"0")&" gün gecikme",IF($M28-Hesap!$B$3<=14,"● "&TEXT($M28-Hesap!$B$3,"0")&" gün kaldı",""))))) | W28: =IF($C28="","",IF($O28="Tamamlandı",N($L28),MAX(N($L28),IF(AND($J28<>"",$J28<Hesap!$B$3),Hesap!$B$3-$J28,0)))+ROW()/1000000) -> 2.8e-05 | X28: =IF($W28="","",INT($W28)) -> 0 | Y28: =IF(OR($C28="",$I28="",$K28="",$K28<=0,$O28="Tamamlandı"),"",IF(Hesap!$B$3<$I28,"",MIN(1,(Hesap!$B$3-$I28+1)/$K28)-N($N28)))
A29: =IF($C29="","",ROW()-4) -> 25 | B29: BIGR (Yönetim Beyanı Ortak Maddeler) | C29: 3.6.1. Genel Güvenlik Tedbirleri | D29: Ornek User1 | K29: =IF(OR($I29="",$J29=""),"",$J29-$I29+1) | M29: =IF($J29="","",$J29+N($L29)) | O29: =IF($C29="","",IF(N($N29)>=1,"Tamamlandı",IF(AND($J29<>"",$M29<Hesap!$B$3),"Gecikmiş",IF(OR(N($N29)>0,AND($I29<>"",$I29<=Hesap!$B$3)),"Devam Ediyor","Planlanan")))) -> Planlanan | S29: =IF(OR($J29="",$R29=""),"",$R29-$J29) | T29: =IF($C29="","",IF($J29="","",IF($R29<>"",IF($S29>7,"⚠ "&TEXT($S29,"0")&" günde yapıldı (geç)","✔ "&TEXT($S29,"0")&" günde yapıldı"),IF($J29>Hesap!$B$3,"",IF($J29+7<Hesap!$B$3,"⚠ Mutabakat "&TEXT(Hesap!$B$3-($J29+7),"0")&" gün gecikti","● Mutabakat için "&TEXT($J29+7-Hesap!$B$3,"0")&" gün"))))) | U29: =IF($Y29="","",IF($Y29>0.3,"⚠ Gecikebilir (%"&TEXT($Y29*100,"0")&" geride)","")) | V29: =IF($C29="","",IF($O29="Tamamlandı","",IF($M29="","",IF($M29<Hesap!$B$3,"⚠ "&TEXT(Hesap!$B$3-$M29,"0")&" gün gecikme",IF($M29-Hesap!$B$3<=14,"● "&TEXT($M29-Hesap!$B$3,"0")&" gün kaldı",""))))) | W29: =IF($C29="","",IF($O29="Tamamlandı",N($L29),MAX(N($L29),IF(AND($J29<>"",$J29<Hesap!$B$3),Hesap!$B$3-$J29,0)))+ROW()/1000000) -> 2.9e-05 | X29: =IF($W29="","",INT($W29)) -> 0 | Y29: =IF(OR($C29="",$I29="",$K29="",$K29<=0,$O29="Tamamlandı"),"",IF(Hesap!$B$3<$I29,"",MIN(1,(Hesap!$B$3-$I29+1)/$K29)-N($N29)))
A30: =IF($C30="","",ROW()-4) -> 26 | B30: BIGR (Yönetim Beyanı Ortak Maddeler) | C30: 3.6.2. Sistem Odası/Veri Merkezine Yönelik Güvenlik Tedbirleri | D30: Ornek User1 | K30: =IF(OR($I30="",$J30=""),"",$J30-$I30+1) | M30: =IF($J30="","",$J30+N($L30)) | O30: =IF($C30="","",IF(N($N30)>=1,"Tamamlandı",IF(AND($J30<>"",$M30<Hesap!$B$3),"Gecikmiş",IF(OR(N($N30)>0,AND($I30<>"",$I30<=Hesap!$B$3)),"Devam Ediyor","Planlanan")))) -> Planlanan | S30: =IF(OR($J30="",$R30=""),"",$R30-$J30) | T30: =IF($C30="","",IF($J30="","",IF($R30<>"",IF($S30>7,"⚠ "&TEXT($S30,"0")&" günde yapıldı (geç)","✔ "&TEXT($S30,"0")&" günde yapıldı"),IF($J30>Hesap!$B$3,"",IF($J30+7<Hesap!$B$3,"⚠ Mutabakat "&TEXT(Hesap!$B$3-($J30+7),"0")&" gün gecikti","● Mutabakat için "&TEXT($J30+7-Hesap!$B$3,"0")&" gün"))))) | U30: =IF($Y30="","",IF($Y30>0.3,"⚠ Gecikebilir (%"&TEXT($Y30*100,"0")&" geride)","")) | V30: =IF($C30="","",IF($O30="Tamamlandı","",IF($M30="","",IF($M30<Hesap!$B$3,"⚠ "&TEXT(Hesap!$B$3-$M30,"0")&" gün gecikme",IF($M30-Hesap!$B$3<=14,"● "&TEXT($M30-Hesap!$B$3,"0")&" gün kaldı",""))))) | W30: =IF($C30="","",IF($O30="Tamamlandı",N($L30),MAX(N($L30),IF(AND($J30<>"",$J30<Hesap!$B$3),Hesap!$B$3-$J30,0)))+ROW()/1000000) -> 3e-05 | X30: =IF($W30="","",INT($W30)) -> 0 | Y30: =IF(OR($C30="",$I30="",$K30="",$K30<=0,$O30="Tamamlandı"),"",IF(Hesap!$B$3<$I30,"",MIN(1,(Hesap!$B$3-$I30+1)/$K30)-N($N30)))
A31: =IF($C31="","",ROW()-4) -> 27 | B31: BIGR (Yönetim Beyanı Ortak Maddeler) | C31: 4.2.1. Genel Güvenlik Tedbirleri | D31: Ornek User1 | K31: =IF(OR($I31="",$J31=""),"",$J31-$I31+1) | M31: =IF($J31="","",$J31+N($L31)) | O31: =IF($C31="","",IF(N($N31)>=1,"Tamamlandı",IF(AND($J31<>"",$M31<Hesap!$B$3),"Gecikmiş",IF(OR(N($N31)>0,AND($I31<>"",$I31<=Hesap!$B$3)),"Devam Ediyor","Planlanan")))) -> Planlanan | S31: =IF(OR($J31="",$R31=""),"",$R31-$J31) | T31: =IF($C31="","",IF($J31="","",IF($R31<>"",IF($S31>7,"⚠ "&TEXT($S31,"0")&" günde yapıldı (geç)","✔ "&TEXT($S31,"0")&" günde yapıldı"),IF($J31>Hesap!$B$3,"",IF($J31+7<Hesap!$B$3,"⚠ Mutabakat "&TEXT(Hesap!$B$3-($J31+7),"0")&" gün gecikti","● Mutabakat için "&TEXT($J31+7-Hesap!$B$3,"0")&" gün"))))) | U31: =IF($Y31="","",IF($Y31>0.3,"⚠ Gecikebilir (%"&TEXT($Y31*100,"0")&" geride)","")) | V31: =IF($C31="","",IF($O31="Tamamlandı","",IF($M31="","",IF($M31<Hesap!$B$3,"⚠ "&TEXT(Hesap!$B$3-$M31,"0")&" gün gecikme",IF($M31-Hesap!$B$3<=14,"● "&TEXT($M31-Hesap!$B$3,"0")&" gün kaldı",""))))) | W31: =IF($C31="","",IF($O31="Tamamlandı",N($L31),MAX(N($L31),IF(AND($J31<>"",$J31<Hesap!$B$3),Hesap!$B$3-$J31,0)))+ROW()/1000000) -> 3.1e-05 | X31: =IF($W31="","",INT($W31)) -> 0 | Y31: =IF(OR($C31="",$I31="",$K31="",$K31<=0,$O31="Tamamlandı"),"",IF(Hesap!$B$3<$I31,"",MIN(1,(Hesap!$B$3-$I31+1)/$K31)-N($N31)))
A32: =IF($C32="","",ROW()-4) -> 28 | B32: BIGR (Yönetim Beyanı Ortak Maddeler) | C32: 4.4.2. Şifreleme ve Anahtar Yönetimi | D32: Ornek User1 | K32: =IF(OR($I32="",$J32=""),"",$J32-$I32+1) | M32: =IF($J32="","",$J32+N($L32)) | O32: =IF($C32="","",IF(N($N32)>=1,"Tamamlandı",IF(AND($J32<>"",$M32<Hesap!$B$3),"Gecikmiş",IF(OR(N($N32)>0,AND($I32<>"",$I32<=Hesap!$B$3)),"Devam Ediyor","Planlanan")))) -> Planlanan | S32: =IF(OR($J32="",$R32=""),"",$R32-$J32) | T32: =IF($C32="","",IF($J32="","",IF($R32<>"",IF($S32>7,"⚠ "&TEXT($S32,"0")&" günde yapıldı (geç)","✔ "&TEXT($S32,"0")&" günde yapıldı"),IF($J32>Hesap!$B$3,"",IF($J32+7<Hesap!$B$3,"⚠ Mutabakat "&TEXT(Hesap!$B$3-($J32+7),"0")&" gün gecikti","● Mutabakat için "&TEXT($J32+7-Hesap!$B$3,"0")&" gün"))))) | U32: =IF($Y32="","",IF($Y32>0.3,"⚠ Gecikebilir (%"&TEXT($Y32*100,"0")&" geride)","")) | V32: =IF($C32="","",IF($O32="Tamamlandı","",IF($M32="","",IF($M32<Hesap!$B$3,"⚠ "&TEXT(Hesap!$B$3-$M32,"0")&" gün gecikme",IF($M32-Hesap!$B$3<=14,"● "&TEXT($M32-Hesap!$B$3,"0")&" gün kaldı",""))))) | W32: =IF($C32="","",IF($O32="Tamamlandı",N($L32),MAX(N($L32),IF(AND($J32<>"",$J32<Hesap!$B$3),Hesap!$B$3-$J32,0)))+ROW()/1000000) -> 3.2e-05 | X32: =IF($W32="","",INT($W32)) -> 0 | Y32: =IF(OR($C32="",$I32="",$K32="",$K32<=0,$O32="Tamamlandı"),"",IF(Hesap!$B$3<$I32,"",MIN(1,(Hesap!$B$3-$I32+1)/$K32)-N($N32)))
A33: =IF($C33="","",ROW()-4) -> 29 | B33: BIGR (Yönetim Beyanı Ortak Maddeler) | C33: 4.4.3. Kriptografik Uygulamalar | D33: Ornek User1 | K33: =IF(OR($I33="",$J33=""),"",$J33-$I33+1) | M33: =IF($J33="","",$J33+N($L33)) | O33: =IF($C33="","",IF(N($N33)>=1,"Tamamlandı",IF(AND($J33<>"",$M33<Hesap!$B$3),"Gecikmiş",IF(OR(N($N33)>0,AND($I33<>"",$I33<=Hesap!$B$3)),"Devam Ediyor","Planlanan")))) -> Planlanan | S33: =IF(OR($J33="",$R33=""),"",$R33-$J33) | T33: =IF($C33="","",IF($J33="","",IF($R33<>"",IF($S33>7,"⚠ "&TEXT($S33,"0")&" günde yapıldı (geç)","✔ "&TEXT($S33,"0")&" günde yapıldı"),IF($J33>Hesap!$B$3,"",IF($J33+7<Hesap!$B$3,"⚠ Mutabakat "&TEXT(Hesap!$B$3-($J33+7),"0")&" gün gecikti","● Mutabakat için "&TEXT($J33+7-Hesap!$B$3,"0")&" gün"))))) | U33: =IF($Y33="","",IF($Y33>0.3,"⚠ Gecikebilir (%"&TEXT($Y33*100,"0")&" geride)","")) | V33: =IF($C33="","",IF($O33="Tamamlandı","",IF($M33="","",IF($M33<Hesap!$B$3,"⚠ "&TEXT(Hesap!$B$3-$M33,"0")&" gün gecikme",IF($M33-Hesap!$B$3<=14,"● "&TEXT($M33-Hesap!$B$3,"0")&" gün kaldı",""))))) | W33: =IF($C33="","",IF($O33="Tamamlandı",N($L33),MAX(N($L33),IF(AND($J33<>"",$J33<Hesap!$B$3),Hesap!$B$3-$J33,0)))+ROW()/1000000) -> 3.3e-05 | X33: =IF($W33="","",INT($W33)) -> 0 | Y33: =IF(OR($C33="",$I33="",$K33="",$K33<=0,$O33="Tamamlandı"),"",IF(Hesap!$B$3<$I33,"",MIN(1,(Hesap!$B$3-$I33+1)/$K33)-N($N33)))
A34: =IF($C34="","",ROW()-4) -> 30 | B34: Destek Hizmeti Denetimler | C34: Hesapkurdu firması ağustos ayında Glasshouse'dan Turkcell veri merkezine sunucularını taşımıştır. İlgili değişiklik sonrasında firmaya iletilmesi gereken talepler paylaşılmıştır. Firma tarafından 2 parça halinde kanıtlar iletilmiştir. BT denetim tarafından kanıtlar 24.09.2026 tarihinde incelenmeye başlanmıştır. | D34: Ornek User4 | I34: 46289 | J34: 46294 | K34: =IF(OR($I34="",$J34=""),"",$J34-$I34+1) -> 6 | M34: =IF($J34="","",$J34+N($L34)) -> 46294 | N34: 0.8 | O34: =IF($C34="","",IF(N($N34)>=1,"Tamamlandı",IF(AND($J34<>"",$M34<Hesap!$B$3),"Gecikmiş",IF(OR(N($N34)>0,AND($I34<>"",$I34<=Hesap!$B$3)),"Devam Ediyor","Planlanan")))) -> Gecikmiş | S34: =IF(OR($J34="",$R34=""),"",$R34-$J34) | T34: =IF($C34="","",IF($J34="","",IF($R34<>"",IF($S34>7,"⚠ "&TEXT($S34,"0")&" günde yapıldı (geç)","✔ "&TEXT($S34,"0")&" günde yapıldı"),IF($J34>Hesap!$B$3,"",IF($J34+7<Hesap!$B$3,"⚠ Mutabakat "&TEXT(Hesap!$B$3-($J34+7),"0")&" gün gecikti","● Mutabakat için "&TEXT($J34+7-Hesap!$B$3,"0")&" gün"))))) -> ● Mutabakat için 1 gün | U34: =IF($Y34="","",IF($Y34>0.3,"⚠ Gecikebilir (%"&TEXT($Y34*100,"0")&" geride)","")) | V34: =IF($C34="","",IF($O34="Tamamlandı","",IF($M34="","",IF($M34<Hesap!$B$3,"⚠ "&TEXT(Hesap!$B$3-$M34,"0")&" gün gecikme",IF($M34-Hesap!$B$3<=14,"● "&TEXT($M34-Hesap!$B$3,"0")&" gün kaldı",""))))) -> ⚠ 6 gün gecikme | W34: =IF($C34="","",IF($O34="Tamamlandı",N($L34),MAX(N($L34),IF(AND($J34<>"",$J34<Hesap!$B$3),Hesap!$B$3-$J34,0)))+ROW()/1000000) -> 6.000034 | X34: =IF($W34="","",INT($W34)) -> 6 | Y34: =IF(OR($C34="",$I34="",$K34="",$K34<=0,$O34="Tamamlandı"),"",IF(Hesap!$B$3<$I34,"",MIN(1,(Hesap!$B$3-$I34+1)/$K34)-N($N34))) -> 0.2
A35: =IF($C35="","",ROW()-4) -> 31 | B35: Yönetim Beyanı | C35: Madde 14 | D35: Ornek User9 | E35: Ornek User12 | H35: Orta | I35: 46272 | J35: 46315 | K35: =IF(OR($I35="",$J35=""),"",$J35-$I35+1) -> 44 | M35: =IF($J35="","",$J35+N($L35)) -> 46315 | N35: 0.6 | O35: =IF($C35="","",IF(N($N35)>=1,"Tamamlandı",IF(AND($J35<>"",$M35<Hesap!$B$3),"Gecikmiş",IF(OR(N($N35)>0,AND($I35<>"",$I35<=Hesap!$B$3)),"Devam Ediyor","Planlanan")))) -> Devam Ediyor | S35: =IF(OR($J35="",$R35=""),"",$R35-$J35) | T35: =IF($C35="","",IF($J35="","",IF($R35<>"",IF($S35>7,"⚠ "&TEXT($S35,"0")&" günde yapıldı (geç)","✔ "&TEXT($S35,"0")&" günde yapıldı"),IF($J35>Hesap!$B$3,"",IF($J35+7<Hesap!$B$3,"⚠ Mutabakat "&TEXT(Hesap!$B$3-($J35+7),"0")&" gün gecikti","● Mutabakat için "&TEXT($J35+7-Hesap!$B$3,"0")&" gün"))))) | U35: =IF($Y35="","",IF($Y35>0.3,"⚠ Gecikebilir (%"&TEXT($Y35*100,"0")&" geride)","")) | V35: =IF($C35="","",IF($O35="Tamamlandı","",IF($M35="","",IF($M35<Hesap!$B$3,"⚠ "&TEXT(Hesap!$B$3-$M35,"0")&" gün gecikme",IF($M35-Hesap!$B$3<=14,"● "&TEXT($M35-Hesap!$B$3,"0")&" gün kaldı",""))))) | W35: =IF($C35="","",IF($O35="Tamamlandı",N($L35),MAX(N($L35),IF(AND($J35<>"",$J35<Hesap!$B$3),Hesap!$B$3-$J35,0)))+ROW()/1000000) -> 3.5e-05 | X35: =IF($W35="","",INT($W35)) -> 0 | Y35: =IF(OR($C35="",$I35="",$K35="",$K35<=0,$O35="Tamamlandı"),"",IF(Hesap!$B$3<$I35,"",MIN(1,(Hesap!$B$3-$I35+1)/$K35)-N($N35))) -> 0.059090909
A36: =IF($C36="","",ROW()-4) -> 32 | B36: BIGR | C36: 3.1.4 E-Posta Sunucusu ve İstemcisi Güvenliği | D36: Ornek User9 | H36: Orta | I36: 46265 | J36: 46284 | K36: =IF(OR($I36="",$J36=""),"",$J36-$I36+1) -> 20 | M36: =IF($J36="","",$J36+N($L36)) -> 46284 | N36: 0.6 | O36: =IF($C36="","",IF(N($N36)>=1,"Tamamlandı",IF(AND($J36<>"",$M36<Hesap!$B$3),"Gecikmiş",IF(OR(N($N36)>0,AND($I36<>"",$I36<=Hesap!$B$3)),"Devam Ediyor","Planlanan")))) -> Gecikmiş | P36: İlgili ekibin toplantıları ertelemesi kaynaklı | S36: =IF(OR($J36="",$R36=""),"",$R36-$J36) | T36: =IF($C36="","",IF($J36="","",IF($R36<>"",IF($S36>7,"⚠ "&TEXT($S36,"0")&" günde yapıldı (geç)","✔ "&TEXT($S36,"0")&" günde yapıldı"),IF($J36>Hesap!$B$3,"",IF($J36+7<Hesap!$B$3,"⚠ Mutabakat "&TEXT(Hesap!$B$3-($J36+7),"0")&" gün gecikti","● Mutabakat için "&TEXT($J36+7-Hesap!$B$3,"0")&" gün"))))) -> ⚠ Mutabakat 9 gün gecikti | U36: =IF($Y36="","",IF($Y36>0.3,"⚠ Gecikebilir (%"&TEXT($Y36*100,"0")&" geride)","")) -> ⚠ Gecikebilir (%40 geride) | V36: =IF($C36="","",IF($O36="Tamamlandı","",IF($M36="","",IF($M36<Hesap!$B$3,"⚠ "&TEXT(Hesap!$B$3-$M36,"0")&" gün gecikme",IF($M36-Hesap!$B$3<=14,"● "&TEXT($M36-Hesap!$B$3,"0")&" gün kaldı",""))))) -> ⚠ 16 gün gecikme | W36: =IF($C36="","",IF($O36="Tamamlandı",N($L36),MAX(N($L36),IF(AND($J36<>"",$J36<Hesap!$B$3),Hesap!$B$3-$J36,0)))+ROW()/1000000) -> 16.000036 | X36: =IF($W36="","",INT($W36)) -> 16 | Y36: =IF(OR($C36="",$I36="",$K36="",$K36<=0,$O36="Tamamlandı"),"",IF(Hesap!$B$3<$I36,"",MIN(1,(Hesap!$B$3-$I36+1)/$K36)-N($N36))) -> 0.4
A37: =IF($C37="","",ROW()-4) -> 33 | B37: BIGR | C37: 3.1.5 Zararlı Yazılımlardan Korunma | D37: Ornek User9 | H37: Orta | I37: 46272 | J37: 46284 | K37: =IF(OR($I37="",$J37=""),"",$J37-$I37+1) -> 13 | M37: =IF($J37="","",$J37+N($L37)) -> 46284 | N37: 0.5 | O37: =IF($C37="","",IF(N($N37)>=1,"Tamamlandı",IF(AND($J37<>"",$M37<Hesap!$B$3),"Gecikmiş",IF(OR(N($N37)>0,AND($I37<>"",$I37<=Hesap!$B$3)),"Devam Ediyor","Planlanan")))) -> Gecikmiş | S37: =IF(OR($J37="",$R37=""),"",$R37-$J37) | T37: =IF($C37="","",IF($J37="","",IF($R37<>"",IF($S37>7,"⚠ "&TEXT($S37,"0")&" günde yapıldı (geç)","✔ "&TEXT($S37,"0")&" günde yapıldı"),IF($J37>Hesap!$B$3,"",IF($J37+7<Hesap!$B$3,"⚠ Mutabakat "&TEXT(Hesap!$B$3-($J37+7),"0")&" gün gecikti","● Mutabakat için "&TEXT($J37+7-Hesap!$B$3,"0")&" gün"))))) -> ⚠ Mutabakat 9 gün gecikti | U37: =IF($Y37="","",IF($Y37>0.3,"⚠ Gecikebilir (%"&TEXT($Y37*100,"0")&" geride)","")) -> ⚠ Gecikebilir (%50 geride) | V37: =IF($C37="","",IF($O37="Tamamlandı","",IF($M37="","",IF($M37<Hesap!$B$3,"⚠ "&TEXT(Hesap!$B$3-$M37,"0")&" gün gecikme",IF($M37-Hesap!$B$3<=14,"● "&TEXT($M37-Hesap!$B$3,"0")&" gün kaldı",""))))) -> ⚠ 16 gün gecikme | W37: =IF($C37="","",IF($O37="Tamamlandı",N($L37),MAX(N($L37),IF(AND($J37<>"",$J37<Hesap!$B$3),Hesap!$B$3-$J37,0)))+ROW()/1000000) -> 16.000037 | X37: =IF($W37="","",INT($W37)) -> 16 | Y37: =IF(OR($C37="",$I37="",$K37="",$K37<=0,$O37="Tamamlandı"),"",IF(Hesap!$B$3<$I37,"",MIN(1,(Hesap!$B$3-$I37+1)/$K37)-N($N37))) -> 0.5
A38: =IF($C38="","",ROW()-4) -> 34 | B38: Buluteks Dendeks Bulut Altyapı Denetimi | C38: Bulut Ekibi ile isterler paylaşıldı. (10.08.2026) Hatırlatma maili atıldı. Dönüş bekleniyor. (24.08.2026) | D38: Ornek User4 | H38: Orta | I38: 46244 | J38: 46310 | K38: =IF(OR($I38="",$J38=""),"",$J38-$I38+1) -> 67 | M38: =IF($J38="","",$J38+N($L38)) -> 46310 | N38: 0.4 | O38: =IF($C38="","",IF(N($N38)>=1,"Tamamlandı",IF(AND($J38<>"",$M38<Hesap!$B$3),"Gecikmiş",IF(OR(N($N38)>0,AND($I38<>"",$I38<=Hesap!$B$3)),"Devam Ediyor","Planlanan")))) -> Devam Ediyor | S38: =IF(OR($J38="",$R38=""),"",$R38-$J38) | T38: =IF($C38="","",IF($J38="","",IF($R38<>"",IF($S38>7,"⚠ "&TEXT($S38,"0")&" günde yapıldı (geç)","✔ "&TEXT($S38,"0")&" günde yapıldı"),IF($J38>Hesap!$B$3,"",IF($J38+7<Hesap!$B$3,"⚠ Mutabakat "&TEXT(Hesap!$B$3-($J38+7),"0")&" gün gecikti","● Mutabakat için "&TEXT($J38+7-Hesap!$B$3,"0")&" gün"))))) | U38: =IF($Y38="","",IF($Y38>0.3,"⚠ Gecikebilir (%"&TEXT($Y38*100,"0")&" geride)","")) -> ⚠ Gecikebilir (%45 geride) | V38: =IF($C38="","",IF($O38="Tamamlandı","",IF($M38="","",IF($M38<Hesap!$B$3,"⚠ "&TEXT(Hesap!$B$3-$M38,"0")&" gün gecikme",IF($M38-Hesap!$B$3<=14,"● "&TEXT($M38-Hesap!$B$3,"0")&" gün kaldı",""))))) -> ● 10 gün kaldı | W38: =IF($C38="","",IF($O38="Tamamlandı",N($L38),MAX(N($L38),IF(AND($J38<>"",$J38<Hesap!$B$3),Hesap!$B$3-$J38,0)))+ROW()/1000000) -> 3.8e-05 | X38: =IF($W38="","",INT($W38)) -> 0 | Y38: =IF(OR($C38="",$I38="",$K38="",$K38<=0,$O38="Tamamlandı"),"",IF(Hesap!$B$3<$I38,"",MIN(1,(Hesap!$B$3-$I38+1)/$K38)-N($N38))) -> 0.45074627
A39: =IF($C39="","",ROW()-4) -> 35 | B39: Yönetim Beyanı | C39: Madde 11 | D39: Ornek User9 | E39: Ornek User11 | H39: Orta | I39: 46265 | J39: 46311 | K39: =IF(OR($I39="",$J39=""),"",$J39-$I39+1) -> 47 | M39: =IF($J39="","",$J39+N($L39)) -> 46311 | N39: 0.35 | O39: =IF($C39="","",IF(N($N39)>=1,"Tamamlandı",IF(AND($J39<>"",$M39<Hesap!$B$3),"Gecikmiş",IF(OR(N($N39)>0,AND($I39<>"",$I39<=Hesap!$B$3)),"Devam Ediyor","Planlanan")))) -> Devam Ediyor | P39: İş yoğunluğu sebebiyle sıra gelmedi | S39: =IF(OR($J39="",$R39=""),"",$R39-$J39) | T39: =IF($C39="","",IF($J39="","",IF($R39<>"",IF($S39>7,"⚠ "&TEXT($S39,"0")&" günde yapıldı (geç)","✔ "&TEXT($S39,"0")&" günde yapıldı"),IF($J39>Hesap!$B$3,"",IF($J39+7<Hesap!$B$3,"⚠ Mutabakat "&TEXT(Hesap!$B$3-($J39+7),"0")&" gün gecikti","● Mutabakat için "&TEXT($J39+7-Hesap!$B$3,"0")&" gün"))))) | U39: =IF($Y39="","",IF($Y39>0.3,"⚠ Gecikebilir (%"&TEXT($Y39*100,"0")&" geride)","")) -> ⚠ Gecikebilir (%42 geride) | V39: =IF($C39="","",IF($O39="Tamamlandı","",IF($M39="","",IF($M39<Hesap!$B$3,"⚠ "&TEXT(Hesap!$B$3-$M39,"0")&" gün gecikme",IF($M39-Hesap!$B$3<=14,"● "&TEXT($M39-Hesap!$B$3,"0")&" gün kaldı",""))))) -> ● 11 gün kaldı | W39: =IF($C39="","",IF($O39="Tamamlandı",N($L39),MAX(N($L39),IF(AND($J39<>"",$J39<Hesap!$B$3),Hesap!$B$3-$J39,0)))+ROW()/1000000) -> 3.9e-05 | X39: =IF($W39="","",INT($W39)) -> 0 | Y39: =IF(OR($C39="",$I39="",$K39="",$K39<=0,$O39="Tamamlandı"),"",IF(Hesap!$B$3<$I39,"",MIN(1,(Hesap!$B$3-$I39+1)/$K39)-N($N39))) -> 0.41595745
A40: =IF($C40="","",ROW()-4) -> 36 | B40: Yönetim Beyanı | C40: Madde 22 | D40: Ornek User4 | E40: Ornek User11 | H40: Orta | I40: 46266 | J40: 46311 | K40: =IF(OR($I40="",$J40=""),"",$J40-$I40+1) -> 46 | M40: =IF($J40="","",$J40+N($L40)) -> 46311 | N40: 0.3 | O40: =IF($C40="","",IF(N($N40)>=1,"Tamamlandı",IF(AND($J40<>"",$M40<Hesap!$B$3),"Gecikmiş",IF(OR(N($N40)>0,AND($I40<>"",$I40<=Hesap!$B$3)),"Devam Ediyor","Planlanan")))) -> Devam Ediyor | S40: =IF(OR($J40="",$R40=""),"",$R40-$J40) | T40: =IF($C40="","",IF($J40="","",IF($R40<>"",IF($S40>7,"⚠ "&TEXT($S40,"0")&" günde yapıldı (geç)","✔ "&TEXT($S40,"0")&" günde yapıldı"),IF($J40>Hesap!$B$3,"",IF($J40+7<Hesap!$B$3,"⚠ Mutabakat "&TEXT(Hesap!$B$3-($J40+7),"0")&" gün gecikti","● Mutabakat için "&TEXT($J40+7-Hesap!$B$3,"0")&" gün"))))) | U40: =IF($Y40="","",IF($Y40>0.3,"⚠ Gecikebilir (%"&TEXT($Y40*100,"0")&" geride)","")) -> ⚠ Gecikebilir (%46 geride) | V40: =IF($C40="","",IF($O40="Tamamlandı","",IF($M40="","",IF($M40<Hesap!$B$3,"⚠ "&TEXT(Hesap!$B$3-$M40,"0")&" gün gecikme",IF($M40-Hesap!$B$3<=14,"● "&TEXT($M40-Hesap!$B$3,"0")&" gün kaldı",""))))) -> ● 11 gün kaldı | W40: =IF($C40="","",IF($O40="Tamamlandı",N($L40),MAX(N($L40),IF(AND($J40<>"",$J40<Hesap!$B$3),Hesap!$B$3-$J40,0)))+ROW()/1000000) -> 4e-05 | X40: =IF($W40="","",INT($W40)) -> 0 | Y40: =IF(OR($C40="",$I40="",$K40="",$K40<=0,$O40="Tamamlandı"),"",IF(Hesap!$B$3<$I40,"",MIN(1,(Hesap!$B$3-$I40+1)/$K40)-N($N40))) -> 0.46086957
A41: =IF($C41="","",ROW()-4) -> 37 | B41: Buluteks | C41: Buluteks Denetimi | D41: Ornek User3 | E41: Ornek User12 | F41: Ornek User11 | H41: Orta | I41: 46260 | J41: 46295 | K41: =IF(OR($I41="",$J41=""),"",$J41-$I41+1) -> 36 | M41: =IF($J41="","",$J41+N($L41)) -> 46295 | N41: 0.25 | O41: =IF($C41="","",IF(N($N41)>=1,"Tamamlandı",IF(AND($J41<>"",$M41<Hesap!$B$3),"Gecikmiş",IF(OR(N($N41)>0,AND($I41<>"",$I41<=Hesap!$B$3)),"Devam Ediyor","Planlanan")))) -> Gecikmiş | Q41: Teleperformance denetimi için 11 Eylül Cuma gününe 14-15 arası için toplantı planlaması yapıldı. | S41: =IF(OR($J41="",$R41=""),"",$R41-$J41) | T41: =IF($C41="","",IF($J41="","",IF($R41<>"",IF($S41>7,"⚠ "&TEXT($S41,"0")&" günde yapıldı (geç)","✔ "&TEXT($S41,"0")&" günde yapıldı"),IF($J41>Hesap!$B$3,"",IF($J41+7<Hesap!$B$3,"⚠ Mutabakat "&TEXT(Hesap!$B$3-($J41+7),"0")&" gün gecikti","● Mutabakat için "&TEXT($J41+7-Hesap!$B$3,"0")&" gün"))))) -> ● Mutabakat için 2 gün | U41: =IF($Y41="","",IF($Y41>0.3,"⚠ Gecikebilir (%"&TEXT($Y41*100,"0")&" geride)","")) -> ⚠ Gecikebilir (%75 geride) | V41: =IF($C41="","",IF($O41="Tamamlandı","",IF($M41="","",IF($M41<Hesap!$B$3,"⚠ "&TEXT(Hesap!$B$3-$M41,"0")&" gün gecikme",IF($M41-Hesap!$B$3<=14,"● "&TEXT($M41-Hesap!$B$3,"0")&" gün kaldı",""))))) -> ⚠ 5 gün gecikme | W41: =IF($C41="","",IF($O41="Tamamlandı",N($L41),MAX(N($L41),IF(AND($J41<>"",$J41<Hesap!$B$3),Hesap!$B$3-$J41,0)))+ROW()/1000000) -> 5.000041 | X41: =IF($W41="","",INT($W41)) -> 5 | Y41: =IF(OR($C41="",$I41="",$K41="",$K41<=0,$O41="Tamamlandı"),"",IF(Hesap!$B$3<$I41,"",MIN(1,(Hesap!$B$3-$I41+1)/$K41)-N($N41))) -> 0.75
A42: =IF($C42="","",ROW()-4) -> 38 | B42: BIGR | C42: 3.2.4 Dosyaların ve Kaynakların Güvenliği | D42: Ornek User4 | H42: Orta | I42: 46279 | J42: 46295 | K42: =IF(OR($I42="",$J42=""),"",$J42-$I42+1) -> 17 | M42: =IF($J42="","",$J42+N($L42)) -> 46295 | N42: 0.2 | O42: =IF($C42="","",IF(N($N42)>=1,"Tamamlandı",IF(AND($J42<>"",$M42<Hesap!$B$3),"Gecikmiş",IF(OR(N($N42)>0,AND($I42<>"",$I42<=Hesap!$B$3)),"Devam Ediyor","Planlanan")))) -> Gecikmiş | S42: =IF(OR($J42="",$R42=""),"",$R42-$J42) | T42: =IF($C42="","",IF($J42="","",IF($R42<>"",IF($S42>7,"⚠ "&TEXT($S42,"0")&" günde yapıldı (geç)","✔ "&TEXT($S42,"0")&" günde yapıldı"),IF($J42>Hesap!$B$3,"",IF($J42+7<Hesap!$B$3,"⚠ Mutabakat "&TEXT(Hesap!$B$3-($J42+7),"0")&" gün gecikti","● Mutabakat için "&TEXT($J42+7-Hesap!$B$3,"0")&" gün"))))) -> ● Mutabakat için 2 gün | U42: =IF($Y42="","",IF($Y42>0.3,"⚠ Gecikebilir (%"&TEXT($Y42*100,"0")&" geride)","")) -> ⚠ Gecikebilir (%80 geride) | V42: =IF($C42="","",IF($O42="Tamamlandı","",IF($M42="","",IF($M42<Hesap!$B$3,"⚠ "&TEXT(Hesap!$B$3-$M42,"0")&" gün gecikme",IF($M42-Hesap!$B$3<=14,"● "&TEXT($M42-Hesap!$B$3,"0")&" gün kaldı",""))))) -> ⚠ 5 gün gecikme | W42: =IF($C42="","",IF($O42="Tamamlandı",N($L42),MAX(N($L42),IF(AND($J42<>"",$J42<Hesap!$B$3),Hesap!$B$3-$J42,0)))+ROW()/1000000) -> 5.000042 | X42: =IF($W42="","",INT($W42)) -> 5 | Y42: =IF(OR($C42="",$I42="",$K42="",$K42<=0,$O42="Tamamlandı"),"",IF(Hesap!$B$3<$I42,"",MIN(1,(Hesap!$B$3-$I42+1)/$K42)-N($N42))) -> 0.8
A43: =IF($C43="","",ROW()-4) -> 39 | B43: BIGR | C43: 3.2.7 Veri Tabanı ve Kayıt Yönetimi | D43: Ornek User4 | H43: Orta | I43: 46279 | J43: 46295 | K43: =IF(OR($I43="",$J43=""),"",$J43-$I43+1) -> 17 | M43: =IF($J43="","",$J43+N($L43)) -> 46295 | N43: 0.2 | O43: =IF($C43="","",IF(N($N43)>=1,"Tamamlandı",IF(AND($J43<>"",$M43<Hesap!$B$3),"Gecikmiş",IF(OR(N($N43)>0,AND($I43<>"",$I43<=Hesap!$B$3)),"Devam Ediyor","Planlanan")))) -> Gecikmiş | S43: =IF(OR($J43="",$R43=""),"",$R43-$J43) | T43: =IF($C43="","",IF($J43="","",IF($R43<>"",IF($S43>7,"⚠ "&TEXT($S43,"0")&" günde yapıldı (geç)","✔ "&TEXT($S43,"0")&" günde yapıldı"),IF($J43>Hesap!$B$3,"",IF($J43+7<Hesap!$B$3,"⚠ Mutabakat "&TEXT(Hesap!$B$3-($J43+7),"0")&" gün gecikti","● Mutabakat için "&TEXT($J43+7-Hesap!$B$3,"0")&" gün"))))) -> ● Mutabakat için 2 gün | U43: =IF($Y43="","",IF($Y43>0.3,"⚠ Gecikebilir (%"&TEXT($Y43*100,"0")&" geride)","")) -> ⚠ Gecikebilir (%80 geride) | V43: =IF($C43="","",IF($O43="Tamamlandı","",IF($M43="","",IF($M43<Hesap!$B$3,"⚠ "&TEXT(Hesap!$B$3-$M43,"0")&" gün gecikme",IF($M43-Hesap!$B$3<=14,"● "&TEXT($M43-Hesap!$B$3,"0")&" gün kaldı",""))))) -> ⚠ 5 gün gecikme | W43: =IF($C43="","",IF($O43="Tamamlandı",N($L43),MAX(N($L43),IF(AND($J43<>"",$J43<Hesap!$B$3),Hesap!$B$3-$J43,0)))+ROW()/1000000) -> 5.000043 | X43: =IF($W43="","",INT($W43)) -> 5 | Y43: =IF(OR($C43="",$I43="",$K43="",$K43<=0,$O43="Tamamlandı"),"",IF(Hesap!$B$3<$I43,"",MIN(1,(Hesap!$B$3-$I43+1)/$K43)-N($N43))) -> 0.8
A44: =IF($C44="","",ROW()-4) -> 40 | B44: Yönetim Beyanı | C44: Madde 10 | D44: Ornek User13 | H44: Orta | I44: 46260 | J44: 46293 | K44: =IF(OR($I44="",$J44=""),"",$J44-$I44+1) -> 34 | M44: =IF($J44="","",$J44+N($L44)) -> 46293 | N44: 0.15 | O44: =IF($C44="","",IF(N($N44)>=1,"Tamamlandı",IF(AND($J44<>"",$M44<Hesap!$B$3),"Gecikmiş",IF(OR(N($N44)>0,AND($I44<>"",$I44<=Hesap!$B$3)),"Devam Ediyor","Planlanan")))) -> Gecikmiş | S44: =IF(OR($J44="",$R44=""),"",$R44-$J44) | T44: =IF($C44="","",IF($J44="","",IF($R44<>"",IF($S44>7,"⚠ "&TEXT($S44,"0")&" günde yapıldı (geç)","✔ "&TEXT($S44,"0")&" günde yapıldı"),IF($J44>Hesap!$B$3,"",IF($J44+7<Hesap!$B$3,"⚠ Mutabakat "&TEXT(Hesap!$B$3-($J44+7),"0")&" gün gecikti","● Mutabakat için "&TEXT($J44+7-Hesap!$B$3,"0")&" gün"))))) -> ● Mutabakat için 0 gün | U44: =IF($Y44="","",IF($Y44>0.3,"⚠ Gecikebilir (%"&TEXT($Y44*100,"0")&" geride)","")) -> ⚠ Gecikebilir (%85 geride) | V44: =IF($C44="","",IF($O44="Tamamlandı","",IF($M44="","",IF($M44<Hesap!$B$3,"⚠ "&TEXT(Hesap!$B$3-$M44,"0")&" gün gecikme",IF($M44-Hesap!$B$3<=14,"● "&TEXT($M44-Hesap!$B$3,"0")&" gün kaldı",""))))) -> ⚠ 7 gün gecikme | W44: =IF($C44="","",IF($O44="Tamamlandı",N($L44),MAX(N($L44),IF(AND($J44<>"",$J44<Hesap!$B$3),Hesap!$B$3-$J44,0)))+ROW()/1000000) -> 7.000044 | X44: =IF($W44="","",INT($W44)) -> 7 | Y44: =IF(OR($C44="",$I44="",$K44="",$K44<=0,$O44="Tamamlandı"),"",IF(Hesap!$B$3<$I44,"",MIN(1,(Hesap!$B$3-$I44+1)/$K44)-N($N44))) -> 0.85
A45: =IF($C45="","",ROW()-4) -> 41 | B45: Yönetim Beyanı | C45: Madde 23 | D45: Ornek User9 | H45: Orta | I45: 46286 | J45: 46318 | K45: =IF(OR($I45="",$J45=""),"",$J45-$I45+1) -> 33 | M45: =IF($J45="","",$J45+N($L45)) -> 46318 | N45: 0.1 | O45: =IF($C45="","",IF(N($N45)>=1,"Tamamlandı",IF(AND($J45<>"",$M45<Hesap!$B$3),"Gecikmiş",IF(OR(N($N45)>0,AND($I45<>"",$I45<=Hesap!$B$3)),"Devam Ediyor","Planlanan")))) -> Devam Ediyor | S45: =IF(OR($J45="",$R45=""),"",$R45-$J45) | T45: =IF($C45="","",IF($J45="","",IF($R45<>"",IF($S45>7,"⚠ "&TEXT($S45,"0")&" günde yapıldı (geç)","✔ "&TEXT($S45,"0")&" günde yapıldı"),IF($J45>Hesap!$B$3,"",IF($J45+7<Hesap!$B$3,"⚠ Mutabakat "&TEXT(Hesap!$B$3-($J45+7),"0")&" gün gecikti","● Mutabakat için "&TEXT($J45+7-Hesap!$B$3,"0")&" gün"))))) | U45: =IF($Y45="","",IF($Y45>0.3,"⚠ Gecikebilir (%"&TEXT($Y45*100,"0")&" geride)","")) -> ⚠ Gecikebilir (%35 geride) | V45: =IF($C45="","",IF($O45="Tamamlandı","",IF($M45="","",IF($M45<Hesap!$B$3,"⚠ "&TEXT(Hesap!$B$3-$M45,"0")&" gün gecikme",IF($M45-Hesap!$B$3<=14,"● "&TEXT($M45-Hesap!$B$3,"0")&" gün kaldı",""))))) | W45: =IF($C45="","",IF($O45="Tamamlandı",N($L45),MAX(N($L45),IF(AND($J45<>"",$J45<Hesap!$B$3),Hesap!$B$3-$J45,0)))+ROW()/1000000) -> 4.5e-05 | X45: =IF($W45="","",INT($W45)) -> 0 | Y45: =IF(OR($C45="",$I45="",$K45="",$K45<=0,$O45="Tamamlandı"),"",IF(Hesap!$B$3<$I45,"",MIN(1,(Hesap!$B$3-$I45+1)/$K45)-N($N45))) -> 0.35454545
A46: =IF($C46="","",ROW()-4) -> 42 | B46: BIGR | C46: 3.1.7 Veri Sızıntısı Önleme | D46: Ornek User4 | H46: Orta | I46: 46274 | J46: 46288 | K46: =IF(OR($I46="",$J46=""),"",$J46-$I46+1) -> 15 | M46: =IF($J46="","",$J46+N($L46)) -> 46288 | N46: 0.1 | O46: =IF($C46="","",IF(N($N46)>=1,"Tamamlandı",IF(AND($J46<>"",$M46<Hesap!$B$3),"Gecikmiş",IF(OR(N($N46)>0,AND($I46<>"",$I46<=Hesap!$B$3)),"Devam Ediyor","Planlanan")))) -> Gecikmiş | S46: =IF(OR($J46="",$R46=""),"",$R46-$J46) | T46: =IF($C46="","",IF($J46="","",IF($R46<>"",IF($S46>7,"⚠ "&TEXT($S46,"0")&" günde yapıldı (geç)","✔ "&TEXT($S46,"0")&" günde yapıldı"),IF($J46>Hesap!$B$3,"",IF($J46+7<Hesap!$B$3,"⚠ Mutabakat "&TEXT(Hesap!$B$3-($J46+7),"0")&" gün gecikti","● Mutabakat için "&TEXT($J46+7-Hesap!$B$3,"0")&" gün"))))) -> ⚠ Mutabakat 5 gün gecikti | U46: =IF($Y46="","",IF($Y46>0.3,"⚠ Gecikebilir (%"&TEXT($Y46*100,"0")&" geride)","")) -> ⚠ Gecikebilir (%90 geride) | V46: =IF($C46="","",IF($O46="Tamamlandı","",IF($M46="","",IF($M46<Hesap!$B$3,"⚠ "&TEXT(Hesap!$B$3-$M46,"0")&" gün gecikme",IF($M46-Hesap!$B$3<=14,"● "&TEXT($M46-Hesap!$B$3,"0")&" gün kaldı",""))))) -> ⚠ 12 gün gecikme | W46: =IF($C46="","",IF($O46="Tamamlandı",N($L46),MAX(N($L46),IF(AND($J46<>"",$J46<Hesap!$B$3),Hesap!$B$3-$J46,0)))+ROW()/1000000) -> 12.000046 | X46: =IF($W46="","",INT($W46)) -> 12 | Y46: =IF(OR($C46="",$I46="",$K46="",$K46<=0,$O46="Tamamlandı"),"",IF(Hesap!$B$3<$I46,"",MIN(1,(Hesap!$B$3-$I46+1)/$K46)-N($N46))) -> 0.9
A47: =IF($C47="","",ROW()-4) -> 43 | B47: Yönetim Beyanı | C47: Madde 28 | D47: Ornek User13 | H47: Orta | I47: 46314 | J47: 46332 | K47: =IF(OR($I47="",$J47=""),"",$J47-$I47+1) -> 19 | M47: =IF($J47="","",$J47+N($L47)) -> 46332 | O47: =IF($C47="","",IF(N($N47)>=1,"Tamamlandı",IF(AND($J47<>"",$M47<Hesap!$B$3),"Gecikmiş",IF(OR(N($N47)>0,AND($I47<>"",$I47<=Hesap!$B$3)),"Devam Ediyor","Planlanan")))) -> Planlanan | S47: =IF(OR($J47="",$R47=""),"",$R47-$J47) | T47: =IF($C47="","",IF($J47="","",IF($R47<>"",IF($S47>7,"⚠ "&TEXT($S47,"0")&" günde yapıldı (geç)","✔ "&TEXT($S47,"0")&" günde yapıldı"),IF($J47>Hesap!$B$3,"",IF($J47+7<Hesap!$B$3,"⚠ Mutabakat "&TEXT(Hesap!$B$3-($J47+7),"0")&" gün gecikti","● Mutabakat için "&TEXT($J47+7-Hesap!$B$3,"0")&" gün"))))) | U47: =IF($Y47="","",IF($Y47>0.3,"⚠ Gecikebilir (%"&TEXT($Y47*100,"0")&" geride)","")) | V47: =IF($C47="","",IF($O47="Tamamlandı","",IF($M47="","",IF($M47<Hesap!$B$3,"⚠ "&TEXT(Hesap!$B$3-$M47,"0")&" gün gecikme",IF($M47-Hesap!$B$3<=14,"● "&TEXT($M47-Hesap!$B$3,"0")&" gün kaldı",""))))) | W47: =IF($C47="","",IF($O47="Tamamlandı",N($L47),MAX(N($L47),IF(AND($J47<>"",$J47<Hesap!$B$3),Hesap!$B$3-$J47,0)))+ROW()/1000000) -> 4.7e-05 | X47: =IF($W47="","",INT($W47)) -> 0 | Y47: =IF(OR($C47="",$I47="",$K47="",$K47<=0,$O47="Tamamlandı"),"",IF(Hesap!$B$3<$I47,"",MIN(1,(Hesap!$B$3-$I47+1)/$K47)-N($N47)))
A48: =IF($C48="","",ROW()-4) -> 44 | B48: Yönetim Beyanı | C48: Madde 29 | D48: Ornek User13 | H48: Orta | I48: 46300 | J48: 46318 | K48: =IF(OR($I48="",$J48=""),"",$J48-$I48+1) -> 19 | M48: =IF($J48="","",$J48+N($L48)) -> 46318 | O48: =IF($C48="","",IF(N($N48)>=1,"Tamamlandı",IF(AND($J48<>"",$M48<Hesap!$B$3),"Gecikmiş",IF(OR(N($N48)>0,AND($I48<>"",$I48<=Hesap!$B$3)),"Devam Ediyor","Planlanan")))) -> Devam Ediyor | S48: =IF(OR($J48="",$R48=""),"",$R48-$J48) | T48: =IF($C48="","",IF($J48="","",IF($R48<>"",IF($S48>7,"⚠ "&TEXT($S48,"0")&" günde yapıldı (geç)","✔ "&TEXT($S48,"0")&" günde yapıldı"),IF($J48>Hesap!$B$3,"",IF($J48+7<Hesap!$B$3,"⚠ Mutabakat "&TEXT(Hesap!$B$3-($J48+7),"0")&" gün gecikti","● Mutabakat için "&TEXT($J48+7-Hesap!$B$3,"0")&" gün"))))) | U48: =IF($Y48="","",IF($Y48>0.3,"⚠ Gecikebilir (%"&TEXT($Y48*100,"0")&" geride)","")) | V48: =IF($C48="","",IF($O48="Tamamlandı","",IF($M48="","",IF($M48<Hesap!$B$3,"⚠ "&TEXT(Hesap!$B$3-$M48,"0")&" gün gecikme",IF($M48-Hesap!$B$3<=14,"● "&TEXT($M48-Hesap!$B$3,"0")&" gün kaldı",""))))) | W48: =IF($C48="","",IF($O48="Tamamlandı",N($L48),MAX(N($L48),IF(AND($J48<>"",$J48<Hesap!$B$3),Hesap!$B$3-$J48,0)))+ROW()/1000000) -> 4.8e-05 | X48: =IF($W48="","",INT($W48)) -> 0 | Y48: =IF(OR($C48="",$I48="",$K48="",$K48<=0,$O48="Tamamlandı"),"",IF(Hesap!$B$3<$I48,"",MIN(1,(Hesap!$B$3-$I48+1)/$K48)-N($N48))) -> 0.052631579
A49: =IF($C49="","",ROW()-4) -> 45 | B49: BIGR (Yönetim Beyanı Ortak Maddeler) | C49: 3.1.7. Veri Sızıntısı Önleme | D49: Ornek User4 | K49: =IF(OR($I49="",$J49=""),"",$J49-$I49+1) | M49: =IF($J49="","",$J49+N($L49)) | O49: =IF($C49="","",IF(N($N49)>=1,"Tamamlandı",IF(AND($J49<>"",$M49<Hesap!$B$3),"Gecikmiş",IF(OR(N($N49)>0,AND($I49<>"",$I49<=Hesap!$B$3)),"Devam Ediyor","Planlanan")))) -> Planlanan | S49: =IF(OR($J49="",$R49=""),"",$R49-$J49) | T49: =IF($C49="","",IF($J49="","",IF($R49<>"",IF($S49>7,"⚠ "&TEXT($S49,"0")&" günde yapıldı (geç)","✔ "&TEXT($S49,"0")&" günde yapıldı"),IF($J49>Hesap!$B$3,"",IF($J49+7<Hesap!$B$3,"⚠ Mutabakat "&TEXT(Hesap!$B$3-($J49+7),"0")&" gün gecikti","● Mutabakat için "&TEXT($J49+7-Hesap!$B$3,"0")&" gün"))))) | U49: =IF($Y49="","",IF($Y49>0.3,"⚠ Gecikebilir (%"&TEXT($Y49*100,"0")&" geride)","")) | V49: =IF($C49="","",IF($O49="Tamamlandı","",IF($M49="","",IF($M49<Hesap!$B$3,"⚠ "&TEXT(Hesap!$B$3-$M49,"0")&" gün gecikme",IF($M49-Hesap!$B$3<=14,"● "&TEXT($M49-Hesap!$B$3,"0")&" gün kaldı",""))))) | W49: =IF($C49="","",IF($O49="Tamamlandı",N($L49),MAX(N($L49),IF(AND($J49<>"",$J49<Hesap!$B$3),Hesap!$B$3-$J49,0)))+ROW()/1000000) -> 4.9e-05 | X49: =IF($W49="","",INT($W49)) -> 0 | Y49: =IF(OR($C49="",$I49="",$K49="",$K49<=0,$O49="Tamamlandı"),"",IF(Hesap!$B$3<$I49,"",MIN(1,(Hesap!$B$3-$I49+1)/$K49)-N($N49)))
A50: =IF($C50="","",ROW()-4) -> 46 | B50: BIGR (Yönetim Beyanı Ortak Maddeler) | C50: 3.1.8. İz ve Denetim Kayıtlarının Tutulması ve İzlenmesi | D50: Ornek User4 | K50: =IF(OR($I50="",$J50=""),"",$J50-$I50+1) | M50: =IF($J50="","",$J50+N($L50)) | O50: =IF($C50="","",IF(N($N50)>=1,"Tamamlandı",IF(AND($J50<>"",$M50<Hesap!$B$3),"Gecikmiş",IF(OR(N($N50)>0,AND($I50<>"",$I50<=Hesap!$B$3)),"Devam Ediyor","Planlanan")))) -> Planlanan | S50: =IF(OR($J50="",$R50=""),"",$R50-$J50) | T50: =IF($C50="","",IF($J50="","",IF($R50<>"",IF($S50>7,"⚠ "&TEXT($S50,"0")&" günde yapıldı (geç)","✔ "&TEXT($S50,"0")&" günde yapıldı"),IF($J50>Hesap!$B$3,"",IF($J50+7<Hesap!$B$3,"⚠ Mutabakat "&TEXT(Hesap!$B$3-($J50+7),"0")&" gün gecikti","● Mutabakat için "&TEXT($J50+7-Hesap!$B$3,"0")&" gün"))))) | U50: =IF($Y50="","",IF($Y50>0.3,"⚠ Gecikebilir (%"&TEXT($Y50*100,"0")&" geride)","")) | V50: =IF($C50="","",IF($O50="Tamamlandı","",IF($M50="","",IF($M50<Hesap!$B$3,"⚠ "&TEXT(Hesap!$B$3-$M50,"0")&" gün gecikme",IF($M50-Hesap!$B$3<=14,"● "&TEXT($M50-Hesap!$B$3,"0")&" gün kaldı",""))))) | W50: =IF($C50="","",IF($O50="Tamamlandı",N($L50),MAX(N($L50),IF(AND($J50<>"",$J50<Hesap!$B$3),Hesap!$B$3-$J50,0)))+ROW()/1000000) -> 5e-05 | X50: =IF($W50="","",INT($W50)) -> 0 | Y50: =IF(OR($C50="",$I50="",$K50="",$K50<=0,$O50="Tamamlandı"),"",IF(Hesap!$B$3<$I50,"",MIN(1,(Hesap!$B$3-$I50+1)/$K50)-N($N50)))
A51: =IF($C51="","",ROW()-4) -> 47 | B51: BIGR (Yönetim Beyanı Ortak Maddeler) | C51: 3.2.10. Kötücül İşlemleri Engelleme | D51: Ornek User4 | K51: =IF(OR($I51="",$J51=""),"",$J51-$I51+1) | M51: =IF($J51="","",$J51+N($L51)) | O51: =IF($C51="","",IF(N($N51)>=1,"Tamamlandı",IF(AND($J51<>"",$M51<Hesap!$B$3),"Gecikmiş",IF(OR(N($N51)>0,AND($I51<>"",$I51<=Hesap!$B$3)),"Devam Ediyor","Planlanan")))) -> Planlanan | S51: =IF(OR($J51="",$R51=""),"",$R51-$J51) | T51: =IF($C51="","",IF($J51="","",IF($R51<>"",IF($S51>7,"⚠ "&TEXT($S51,"0")&" günde yapıldı (geç)","✔ "&TEXT($S51,"0")&" günde yapıldı"),IF($J51>Hesap!$B$3,"",IF($J51+7<Hesap!$B$3,"⚠ Mutabakat "&TEXT(Hesap!$B$3-($J51+7),"0")&" gün gecikti","● Mutabakat için "&TEXT($J51+7-Hesap!$B$3,"0")&" gün"))))) | U51: =IF($Y51="","",IF($Y51>0.3,"⚠ Gecikebilir (%"&TEXT($Y51*100,"0")&" geride)","")) | V51: =IF($C51="","",IF($O51="Tamamlandı","",IF($M51="","",IF($M51<Hesap!$B$3,"⚠ "&TEXT(Hesap!$B$3-$M51,"0")&" gün gecikme",IF($M51-Hesap!$B$3<=14,"● "&TEXT($M51-Hesap!$B$3,"0")&" gün kaldı",""))))) | W51: =IF($C51="","",IF($O51="Tamamlandı",N($L51),MAX(N($L51),IF(AND($J51<>"",$J51<Hesap!$B$3),Hesap!$B$3-$J51,0)))+ROW()/1000000) -> 5.1e-05 | X51: =IF($W51="","",INT($W51)) -> 0 | Y51: =IF(OR($C51="",$I51="",$K51="",$K51<=0,$O51="Tamamlandı"),"",IF(Hesap!$B$3<$I51,"",MIN(1,(Hesap!$B$3-$I51+1)/$K51)-N($N51)))
A52: =IF($C52="","",ROW()-4) -> 48 | B52: BIGR (Yönetim Beyanı Ortak Maddeler) | C52: 3.1.12. Kimlik Doğrulama ve Erişim Yönetimi | D52: Ornek User11 | K52: =IF(OR($I52="",$J52=""),"",$J52-$I52+1) | M52: =IF($J52="","",$J52+N($L52)) | O52: =IF($C52="","",IF(N($N52)>=1,"Tamamlandı",IF(AND($J52<>"",$M52<Hesap!$B$3),"Gecikmiş",IF(OR(N($N52)>0,AND($I52<>"",$I52<=Hesap!$B$3)),"Devam Ediyor","Planlanan")))) -> Planlanan | S52: =IF(OR($J52="",$R52=""),"",$R52-$J52) | T52: =IF($C52="","",IF($J52="","",IF($R52<>"",IF($S52>7,"⚠ "&TEXT($S52,"0")&" günde yapıldı (geç)","✔ "&TEXT($S52,"0")&" günde yapıldı"),IF($J52>Hesap!$B$3,"",IF($J52+7<Hesap!$B$3,"⚠ Mutabakat "&TEXT(Hesap!$B$3-($J52+7),"0")&" gün gecikti","● Mutabakat için "&TEXT($J52+7-Hesap!$B$3,"0")&" gün"))))) | U52: =IF($Y52="","",IF($Y52>0.3,"⚠ Gecikebilir (%"&TEXT($Y52*100,"0")&" geride)","")) | V52: =IF($C52="","",IF($O52="Tamamlandı","",IF($M52="","",IF($M52<Hesap!$B$3,"⚠ "&TEXT(Hesap!$B$3-$M52,"0")&" gün gecikme",IF($M52-Hesap!$B$3<=14,"● "&TEXT($M52-Hesap!$B$3,"0")&" gün kaldı",""))))) | W52: =IF($C52="","",IF($O52="Tamamlandı",N($L52),MAX(N($L52),IF(AND($J52<>"",$J52<Hesap!$B$3),Hesap!$B$3-$J52,0)))+ROW()/1000000) -> 5.2e-05 | X52: =IF($W52="","",INT($W52)) -> 0 | Y52: =IF(OR($C52="",$I52="",$K52="",$K52<=0,$O52="Tamamlandı"),"",IF(Hesap!$B$3<$I52,"",MIN(1,(Hesap!$B$3-$I52+1)/$K52)-N($N52)))
A53: =IF($C53="","",ROW()-4) -> 49 | B53: BIGR (Yönetim Beyanı Ortak Maddeler) | C53: 3.1.9. Sanallaştırma Güvenliği | D53: Ornek User11 | K53: =IF(OR($I53="",$J53=""),"",$J53-$I53+1) | M53: =IF($J53="","",$J53+N($L53)) | O53: =IF($C53="","",IF(N($N53)>=1,"Tamamlandı",IF(AND($J53<>"",$M53<Hesap!$B$3),"Gecikmiş",IF(OR(N($N53)>0,AND($I53<>"",$I53<=Hesap!$B$3)),"Devam Ediyor","Planlanan")))) -> Planlanan | S53: =IF(OR($J53="",$R53=""),"",$R53-$J53) | T53: =IF($C53="","",IF($J53="","",IF($R53<>"",IF($S53>7,"⚠ "&TEXT($S53,"0")&" günde yapıldı (geç)","✔ "&TEXT($S53,"0")&" günde yapıldı"),IF($J53>Hesap!$B$3,"",IF($J53+7<Hesap!$B$3,"⚠ Mutabakat "&TEXT(Hesap!$B$3-($J53+7),"0")&" gün gecikti","● Mutabakat için "&TEXT($J53+7-Hesap!$B$3,"0")&" gün"))))) | U53: =IF($Y53="","",IF($Y53>0.3,"⚠ Gecikebilir (%"&TEXT($Y53*100,"0")&" geride)","")) | V53: =IF($C53="","",IF($O53="Tamamlandı","",IF($M53="","",IF($M53<Hesap!$B$3,"⚠ "&TEXT(Hesap!$B$3-$M53,"0")&" gün gecikme",IF($M53-Hesap!$B$3<=14,"● "&TEXT($M53-Hesap!$B$3,"0")&" gün kaldı",""))))) | W53: =IF($C53="","",IF($O53="Tamamlandı",N($L53),MAX(N($L53),IF(AND($J53<>"",$J53<Hesap!$B$3),Hesap!$B$3-$J53,0)))+ROW()/1000000) -> 5.3e-05 | X53: =IF($W53="","",INT($W53)) -> 0 | Y53: =IF(OR($C53="",$I53="",$K53="",$K53<=0,$O53="Tamamlandı"),"",IF(Hesap!$B$3<$I53,"",MIN(1,(Hesap!$B$3-$I53+1)/$K53)-N($N53)))
A54: =IF($C54="","",ROW()-4) -> 50 | B54: BIGR (Yönetim Beyanı Ortak Maddeler) | C54: 3.2.1. Kimlik Doğrulama | D54: Ornek User11 | K54: =IF(OR($I54="",$J54=""),"",$J54-$I54+1) | M54: =IF($J54="","",$J54+N($L54)) | O54: =IF($C54="","",IF(N($N54)>=1,"Tamamlandı",IF(AND($J54<>"",$M54<Hesap!$B$3),"Gecikmiş",IF(OR(N($N54)>0,AND($I54<>"",$I54<=Hesap!$B$3)),"Devam Ediyor","Planlanan")))) -> Planlanan | S54: =IF(OR($J54="",$R54=""),"",$R54-$J54) | T54: =IF($C54="","",IF($J54="","",IF($R54<>"",IF($S54>7,"⚠ "&TEXT($S54,"0")&" günde yapıldı (geç)","✔ "&TEXT($S54,"0")&" günde yapıldı"),IF($J54>Hesap!$B$3,"",IF($J54+7<Hesap!$B$3,"⚠ Mutabakat "&TEXT(Hesap!$B$3-($J54+7),"0")&" gün gecikti","● Mutabakat için "&TEXT($J54+7-Hesap!$B$3,"0")&" gün"))))) | U54: =IF($Y54="","",IF($Y54>0.3,"⚠ Gecikebilir (%"&TEXT($Y54*100,"0")&" geride)","")) | V54: =IF($C54="","",IF($O54="Tamamlandı","",IF($M54="","",IF($M54<Hesap!$B$3,"⚠ "&TEXT(Hesap!$B$3-$M54,"0")&" gün gecikme",IF($M54-Hesap!$B$3<=14,"● "&TEXT($M54-Hesap!$B$3,"0")&" gün kaldı",""))))) | W54: =IF($C54="","",IF($O54="Tamamlandı",N($L54),MAX(N($L54),IF(AND($J54<>"",$J54<Hesap!$B$3),Hesap!$B$3-$J54,0)))+ROW()/1000000) -> 5.4e-05 | X54: =IF($W54="","",INT($W54)) -> 0 | Y54: =IF(OR($C54="",$I54="",$K54="",$K54<=0,$O54="Tamamlandı"),"",IF(Hesap!$B$3<$I54,"",MIN(1,(Hesap!$B$3-$I54+1)/$K54)-N($N54)))
A55: =IF($C55="","",ROW()-4) -> 51 | B55: BIGR (Yönetim Beyanı Ortak Maddeler) | C55: 3.2.11. Dış Sistem Entegrasyonlarının Güvenliği | D55: Ornek User11 | K55: =IF(OR($I55="",$J55=""),"",$J55-$I55+1) | M55: =IF($J55="","",$J55+N($L55)) | O55: =IF($C55="","",IF(N($N55)>=1,"Tamamlandı",IF(AND($J55<>"",$M55<Hesap!$B$3),"Gecikmiş",IF(OR(N($N55)>0,AND($I55<>"",$I55<=Hesap!$B$3)),"Devam Ediyor","Planlanan")))) -> Planlanan | S55: =IF(OR($J55="",$R55=""),"",$R55-$J55) | T55: =IF($C55="","",IF($J55="","",IF($R55<>"",IF($S55>7,"⚠ "&TEXT($S55,"0")&" günde yapıldı (geç)","✔ "&TEXT($S55,"0")&" günde yapıldı"),IF($J55>Hesap!$B$3,"",IF($J55+7<Hesap!$B$3,"⚠ Mutabakat "&TEXT(Hesap!$B$3-($J55+7),"0")&" gün gecikti","● Mutabakat için "&TEXT($J55+7-Hesap!$B$3,"0")&" gün"))))) | U55: =IF($Y55="","",IF($Y55>0.3,"⚠ Gecikebilir (%"&TEXT($Y55*100,"0")&" geride)","")) | V55: =IF($C55="","",IF($O55="Tamamlandı","",IF($M55="","",IF($M55<Hesap!$B$3,"⚠ "&TEXT(Hesap!$B$3-$M55,"0")&" gün gecikme",IF($M55-Hesap!$B$3<=14,"● "&TEXT($M55-Hesap!$B$3,"0")&" gün kaldı",""))))) | W55: =IF($C55="","",IF($O55="Tamamlandı",N($L55),MAX(N($L55),IF(AND($J55<>"",$J55<Hesap!$B$3),Hesap!$B$3-$J55,0)))+ROW()/1000000) -> 5.5e-05 | X55: =IF($W55="","",INT($W55)) -> 0 | Y55: =IF(OR($C55="",$I55="",$K55="",$K55<=0,$O55="Tamamlandı"),"",IF(Hesap!$B$3<$I55,"",MIN(1,(Hesap!$B$3-$I55+1)/$K55)-N($N55)))
A56: =IF($C56="","",ROW()-4) -> 52 | B56: BIGR (Yönetim Beyanı Ortak Maddeler) | C56: 3.2.5. Güvenli Kurulum ve Yapılandırma | D56: Ornek User11 | K56: =IF(OR($I56="",$J56=""),"",$J56-$I56+1) | M56: =IF($J56="","",$J56+N($L56)) | O56: =IF($C56="","",IF(N($N56)>=1,"Tamamlandı",IF(AND($J56<>"",$M56<Hesap!$B$3),"Gecikmiş",IF(OR(N($N56)>0,AND($I56<>"",$I56<=Hesap!$B$3)),"Devam Ediyor","Planlanan")))) -> Planlanan | S56: =IF(OR($J56="",$R56=""),"",$R56-$J56) | T56: =IF($C56="","",IF($J56="","",IF($R56<>"",IF($S56>7,"⚠ "&TEXT($S56,"0")&" günde yapıldı (geç)","✔ "&TEXT($S56,"0")&" günde yapıldı"),IF($J56>Hesap!$B$3,"",IF($J56+7<Hesap!$B$3,"⚠ Mutabakat "&TEXT(Hesap!$B$3-($J56+7),"0")&" gün gecikti","● Mutabakat için "&TEXT($J56+7-Hesap!$B$3,"0")&" gün"))))) | U56: =IF($Y56="","",IF($Y56>0.3,"⚠ Gecikebilir (%"&TEXT($Y56*100,"0")&" geride)","")) | V56: =IF($C56="","",IF($O56="Tamamlandı","",IF($M56="","",IF($M56<Hesap!$B$3,"⚠ "&TEXT(Hesap!$B$3-$M56,"0")&" gün gecikme",IF($M56-Hesap!$B$3<=14,"● "&TEXT($M56-Hesap!$B$3,"0")&" gün kaldı",""))))) | W56: =IF($C56="","",IF($O56="Tamamlandı",N($L56),MAX(N($L56),IF(AND($J56<>"",$J56<Hesap!$B$3),Hesap!$B$3-$J56,0)))+ROW()/1000000) -> 5.6e-05 | X56: =IF($W56="","",INT($W56)) -> 0 | Y56: =IF(OR($C56="",$I56="",$K56="",$K56<=0,$O56="Tamamlandı"),"",IF(Hesap!$B$3<$I56,"",MIN(1,(Hesap!$B$3-$I56+1)/$K56)-N($N56)))
A57: =IF($C57="","",ROW()-4) -> 53 | B57: BIGR (Yönetim Beyanı Ortak Maddeler) | C57: 4.6.1. Genel Güvenlik Tedbirleri | D57: Ornek User11 | K57: =IF(OR($I57="",$J57=""),"",$J57-$I57+1) | M57: =IF($J57="","",$J57+N($L57)) | O57: =IF($C57="","",IF(N($N57)>=1,"Tamamlandı",IF(AND($J57<>"",$M57<Hesap!$B$3),"Gecikmiş",IF(OR(N($N57)>0,AND($I57<>"",$I57<=Hesap!$B$3)),"Devam Ediyor","Planlanan")))) -> Planlanan | S57: =IF(OR($J57="",$R57=""),"",$R57-$J57) | T57: =IF($C57="","",IF($J57="","",IF($R57<>"",IF($S57>7,"⚠ "&TEXT($S57,"0")&" günde yapıldı (geç)","✔ "&TEXT($S57,"0")&" günde yapıldı"),IF($J57>Hesap!$B$3,"",IF($J57+7<Hesap!$B$3,"⚠ Mutabakat "&TEXT(Hesap!$B$3-($J57+7),"0")&" gün gecikti","● Mutabakat için "&TEXT($J57+7-Hesap!$B$3,"0")&" gün"))))) | U57: =IF($Y57="","",IF($Y57>0.3,"⚠ Gecikebilir (%"&TEXT($Y57*100,"0")&" geride)","")) | V57: =IF($C57="","",IF($O57="Tamamlandı","",IF($M57="","",IF($M57<Hesap!$B$3,"⚠ "&TEXT(Hesap!$B$3-$M57,"0")&" gün gecikme",IF($M57-Hesap!$B$3<=14,"● "&TEXT($M57-Hesap!$B$3,"0")&" gün kaldı",""))))) | W57: =IF($C57="","",IF($O57="Tamamlandı",N($L57),MAX(N($L57),IF(AND($J57<>"",$J57<Hesap!$B$3),Hesap!$B$3-$J57,0)))+ROW()/1000000) -> 5.7e-05 | X57: =IF($W57="","",INT($W57)) -> 0 | Y57: =IF(OR($C57="",$I57="",$K57="",$K57<=0,$O57="Tamamlandı"),"",IF(Hesap!$B$3<$I57,"",MIN(1,(Hesap!$B$3-$I57+1)/$K57)-N($N57)))
A58: =IF($C58="","",ROW()-4) -> 54 | B58: BIGR (Yönetim Beyanı Ortak Maddeler) | C58: 5.1.1. Genel Sıkılaştırma Tedbirleri | D58: Ornek User11 | K58: =IF(OR($I58="",$J58=""),"",$J58-$I58+1) | M58: =IF($J58="","",$J58+N($L58)) | O58: =IF($C58="","",IF(N($N58)>=1,"Tamamlandı",IF(AND($J58<>"",$M58<Hesap!$B$3),"Gecikmiş",IF(OR(N($N58)>0,AND($I58<>"",$I58<=Hesap!$B$3)),"Devam Ediyor","Planlanan")))) -> Planlanan | S58: =IF(OR($J58="",$R58=""),"",$R58-$J58) | T58: =IF($C58="","",IF($J58="","",IF($R58<>"",IF($S58>7,"⚠ "&TEXT($S58,"0")&" günde yapıldı (geç)","✔ "&TEXT($S58,"0")&" günde yapıldı"),IF($J58>Hesap!$B$3,"",IF($J58+7<Hesap!$B$3,"⚠ Mutabakat "&TEXT(Hesap!$B$3-($J58+7),"0")&" gün gecikti","● Mutabakat için "&TEXT($J58+7-Hesap!$B$3,"0")&" gün"))))) | U58: =IF($Y58="","",IF($Y58>0.3,"⚠ Gecikebilir (%"&TEXT($Y58*100,"0")&" geride)","")) | V58: =IF($C58="","",IF($O58="Tamamlandı","",IF($M58="","",IF($M58<Hesap!$B$3,"⚠ "&TEXT(Hesap!$B$3-$M58,"0")&" gün gecikme",IF($M58-Hesap!$B$3<=14,"● "&TEXT($M58-Hesap!$B$3,"0")&" gün kaldı",""))))) | W58: =IF($C58="","",IF($O58="Tamamlandı",N($L58),MAX(N($L58),IF(AND($J58<>"",$J58<Hesap!$B$3),Hesap!$B$3-$J58,0)))+ROW()/1000000) -> 5.8e-05 | X58: =IF($W58="","",INT($W58)) -> 0 | Y58: =IF(OR($C58="",$I58="",$K58="",$K58<=0,$O58="Tamamlandı"),"",IF(Hesap!$B$3<$I58,"",MIN(1,(Hesap!$B$3-$I58+1)/$K58)-N($N58)))
